PP_CODE,PP_DSCP,UNITS,CNVFAC,GROUP_CODE,GROUP_NAME
7390000000,ABALONE,XX,,,
7390300200,ABALONE,CS,,7390300200,ABALONE (CAN)
7390211200,ABALONE BREADED MEAT,LB,1,7390211200,ABALONE BREADED MEAT
7390440200,ABALONE DRIED,LB,1,7390440200,ABALONE DRIED
7390101133,ABALONE IN SHELL,LB,1,7390201133,ABALONE IN SHELL
7390101204,ABALONE SHUCKED,LB,1,7390201048,ABALONE STEAKS
7390201204,ABALONE SHUCKED,LB,1,7390201048,ABALONE STEAKS
7390430200,ABALONE SMOKED MEAT,LB,1,7390430200,ABALONE SMOKED
7390101048,ABALONE STEAKS,LB,1,7390201048,ABALONE STEAKS
7390201048,ABALONE STEAKS,LB,1,7390201048,ABALONE STEAKS
10300220,ALEWIVES,CS,,5260300500,OTHER FISH SPECIALTIES (CAN)
10500401,ALEWIVES BODY OIL,GL,7.75,1685500401,HERRING OIL
10101223,ALEWIVES DRESSED,LB,1,10201223,ALEWIVES DRESSED
10500141,ALEWIVES FERTILIZER DRY,LB,1,10500141,ALEWIVES FERTILIZER DRY
10500142,ALEWIVES FERTILIZER LIQUID,GL,7.75,10500142,ALEWIVES FERTILIZER LIQUID
10500635,ALEWIVES FOR ANIMAL FEEDS,LB,1,5260500635,ANIMAL FEEDS
10201090,ALEWIVES FOR BAIT,LB,1,10201090,ALEWIVES BAIT
10101090,ALEWIVES FOR BAIT,LB,1,10201090,ALEWIVES BAIT
10300613,ALEWIVES FOR PET FOOD,CS,,5260300613,PET FOOD (CAN)
10500301,ALEWIVES MEAL,TN,2000,1685500301,HERRING MEAL
10300040,ALEWIVES ROE,CS,,5260300010,ROE AND CAVIAR (CAN)
10420220,ALEWIVES SALTED,LB,1,10420220,ALEWIVES SALTED
10430220,ALEWIVES SMOKED,LB,1,10430220,ALEWIVES SMOKED
10101222,ALEWIVES WHOLE,LB,1,10201222,ALEWIVES WHOLE
9007600000,ALLIGATOR,XX,,,
9007500028,ALLIGATOR HIDES,NO,0,9007500028,ALLIGATOR HIDES
9007101200,ALLIGATOR MEAT,LB,1,9007201200,ALLIGATOR MEAT
9007201200,ALLIGATOR MEAT,LB,1,9007201200,ALLIGATOR MEAT
9007201106,ALLIGATOR SAUSAGE,LB,1,9007201106,ALLIGATOR SAUSAGE
30101223,AMBERJACK DRESSED,LB,1,30201223,AMBERJACK DRESSED
30201223,AMBERJACK DRESSED,LB,1,30201223,AMBERJACK DRESSED
30440220,AMBERJACK DRIED,LB,1,30440220,AMBERJACK DRIED
30101160,AMBERJACK FILLET,LB,1,30201160,AMBERJACK FILLET
30201160,AMBERJACK FILLET,LB,1,30201160,AMBERJACK FILLET
30430220,AMBERJACK SMOKED,LB,1,30430220,AMBERJACK SMOKED
30201222,AMBERJACK WHOLE,LB,1,30201222,AMBERJACK WHOLE
30101222,AMBERJACK WHOLE,LB,1,30201222,AMBERJACK WHOLE
60500401,ANCHOVY BODY OIL,GL,7.75,5260500401,UNCLASSIFIED BODY OIL
60440220,ANCHOVY DRIED,LB,1,60440220,ANCHOVY DRIED
60201090,ANCHOVY FOR BAIT,LB,1,60201090,ANCHOVY BAIT
60300613,ANCHOVY FOR PET FOOD,CS,,5260300613,PET FOOD (CAN)
60300413,ANCHOVY IN OLIVE OIL,CS,,5260300500,OTHER FISH SPECIALTIES (CAN)
60300500,ANCHOVY IN SAUCE,CS,,5260300500,OTHER FISH SPECIALTIES (CAN)
60300415,ANCHOVY IN SOYBEAN OIL,CS,,5260300500,OTHER FISH SPECIALTIES (CAN)
60300416,ANCHOVY IN SUNFLOWER SEED OIL,CS,,5260300500,OTHER FISH SPECIALTIES (CAN)
60500301,ANCHOVY MEAL,TN,2000,5260500301,UNCL FISH MEAL
60300061,ANCHOVY PASTES,CS,,5260300500,OTHER FISH SPECIALTIES (CAN)
60420220,ANCHOVY SALTED,LB,1,60420220,ANCHOVY SALTED
60201222,ANCHOVY WHOLE,LB,1,60201222,ANCHOVY WHOLE
60101222,ANCHOVY WHOLE,LB,1,60201222,ANCHOVY WHOLE
120600000,ANGLERFISH,XX,,,
120101223,ANGLERFISH DRESSED,LB,1,120201223,ANGLERFISH DRESSED
120201223,ANGLERFISH DRESSED,LB,1,120201223,ANGLERFISH DRESSED
120101160,ANGLERFISH FILLET,LB,1,120201160,ANGLERFISH FILLET
120201160,ANGLERFISH FILLET,LB,1,120201160,ANGLERFISH FILLET
120201032,ANGLERFISH LIVERS,LB,1,120201032,ANGLERFISH LIVERS
120101032,ANGLERFISH LIVERS,LB,1,120201032,ANGLERFISH LIVERS
120430220,ANGLERFISH SMOKED,LB,1,120430220,ANGLERFISH SMOKED
120201053,ANGLERFISH TAILS,LB,1,120201053,ANGLERFISH TAILS
120101053,ANGLERFISH TAILS,LB,1,120201053,ANGLERFISH TAILS
120201222,ANGLERFISH WHOLE,LB,1,120201222,ANGLERFISH WHOLE
9564600000,AQUACULTURE,XX,,,
2116500401,ATKA MACKEREL BODY OIL,GL,7.75,2116500401,ATKA MACKEREL OIL
2116101223,ATKA MACKEREL DRESSED,LB,1,2116201223,ATKA MACKEREL DRESSED
2116201223,ATKA MACKEREL DRESSED,LB,1,2116201223,ATKA MACKEREL DRESSED
2116201160,ATKA MACKEREL FILLET,LB,1,2116201160,ATKA MACKEREL FILLET
2116101160,ATKA MACKEREL FILLET,LB,1,2116201160,ATKA MACKEREL FILLET
2116201090,ATKA MACKEREL FOR BAIT,LB,1,2116201090,ATKA MACKEREL BAIT
2116500301,ATKA MACKEREL MEAL,TN,2000,2116500301,ATKA MACKEREL MEAL
2116201031,ATKA MACKEREL SURIMI,LB,1,2116201031,ATKA MACKEREL SURIMI
2116201222,ATKA MACKEREL WHOLE,LB,1,2116201222,ATKA MACKEREL WHOLE
9549600000,AUCTION HOUSE,XX,,,
150600000,BALLYHOO,XX,,,
150101090,BALLYHOO FOR BAIT,LB,1,150201090,BALLYHOO BAIT
150201090,BALLYHOO FOR BAIT,LB,1,150201090,BALLYHOO BAIT
7250201204,BARNACLE GOOSENECK SHUCKED MEAT,LB,1,7250201204,BARNACLE GOOSENECK SHUCKED MEAT
7250101204,BARNACLE GOOSENECK SHUCKED MEAT,LB,1,7250201204,BARNACLE GOOSENECK SHUCKED MEAT
7250101215,BARNACLE GOOSENECK WHOLE,LB,1,7250201215,BARNACLE GOOSENECK WHOLE
7250201215,BARNACLE GOOSENECK WHOLE,LB,1,7250201215,BARNACLE GOOSENECK WHOLE
180101160,BARRACUDA FILLET,LB,1,180201160,BARRACUDA FILLET
180430220,BARRACUDA SMOKED,LB,1,180430220,BARRACUDA SMOKED
3910201160,BARRAMUNDI FILLET,LB,1,3910201090,BARRAMUNDI FILLETS
130600000,BIGEYE SCAD,XX,,,
130440220,BIGEYE SCAD DRIED,LB,1,130440220,BIGEYE SCAD DRIED
8230101090,BLOODWORMS FOR BAIT,XX,,,
220212049,BLUE WHITING BREADED COOKED STICKS,LB,1,220212049,BLUE WHITING BREADED STICKS
230600000,BLUEFISH,XX,,,
230101017,BLUEFISH DIPS AND SPREADS,LB,1,230201017,BLUEFISH DIPS AND SPREADS
230101223,BLUEFISH DRESSED,LB,1,230201223,BLUEFISH DRESSED
230201160,BLUEFISH FILLET,LB,1,230201160,BLUEFISH FILLET
230101160,BLUEFISH FILLET,LB,1,230201160,BLUEFISH FILLET
230430220,BLUEFISH SMOKED,LB,1,230430220,BLUEFISH SMOKED
230101222,BLUEFISH WHOLE,LB,1,230201222,BLUEFISH WHOLE
270101223,BLUERUNNER DRESSED,LB,1,270201223,BLUERUNNER DRESSED
270101222,BLUERUNNER WHOLE,LB,1,270201222,BLUERUNNER WHOLE
333600000,BONITO,XX,,,
333300280,BONITO CHUNK IN OIL,CS,,5260300500,OTHER FISH SPECIALTIES (CAN)
333300281,BONITO CHUNK IN WATER,CS,,5260300500,OTHER FISH SPECIALTIES (CAN)
333201223,BONITO DRESSED,LB,1,333201223,BONITO DRESSED
333101223,BONITO DRESSED,LB,1,333201223,BONITO DRESSED
333440220,BONITO DRIED,LB,1,333440220,BONITO DRIED
333300290,BONITO FLAKE IN OIL,CS,,5260300500,OTHER FISH SPECIALTIES (CAN)
333300500,BONITO IN SAUCE,CS,,5260300500,OTHER FISH SPECIALTIES (CAN)
333430220,BONITO SMOKED,LB,1,333430220,BONITO SMOKED
333300270,BONITO SOLID IN OIL,CS,,5260300500,OTHER FISH SPECIALTIES (CAN)
333300271,BONITO SOLID IN WATER,CS,,5260300500,OTHER FISH SPECIALTIES (CAN)
333101222,BONITO WHOLE,LB,1,333201222,BONITO WHOLE
360101223,BOWFIN DRESSED,LB,1,360201223,BOWFIN DRESSED
360101040,BOWFIN ROE,LB,1,360201040,BOWFIN ROE
6000101090,BRINE SHRIMP FOR BAIT,LB,1,6000201090,BRINE SHRIMP BAIT
6000201090,BRINE SHRIMP FOR BAIT,LB,1,6000201090,BRINE SHRIMP BAIT
9551600000,BROKER,XX,,,
420600000,BUFFALOFISH,XX,,,
420101223,BUFFALOFISH DRESSED,LB,1,420201223,BUFFALOFISH DRESSED
420101160,BUFFALOFISH FILLET,LB,1,420201160,BUFFALOFISH FILLET
420201160,BUFFALOFISH FILLET,LB,1,420201160,BUFFALOFISH FILLET
420000000,BUFFALOFISH LIVE,XX,,,
420430220,BUFFALOFISH SMOKED,LB,1,420430220,BUFFALOFISH SMOKED
480101223,BURBOT DRESSED,LB,1,480201223,BURBOT DRESSED
521600000,BUTTERFISH,XX,,,
521101223,BUTTERFISH DRESSED,LB,1,521201223,BUTTERFISH DRESSED
521201223,BUTTERFISH DRESSED,LB,1,521201223,BUTTERFISH DRESSED
521101160,BUTTERFISH FILLET,LB,1,521201160,BUTTERFISH FILLET
521201090,BUTTERFISH FOR BAIT,LB,1,521201090,BUTTERFISH BAIT
521430220,BUTTERFISH SMOKED,LB,1,521430220,BUTTERFISH SMOKED
521101222,BUTTERFISH WHOLE,LB,1,521201222,BUTTERFISH WHOLE
521201222,BUTTERFISH WHOLE,LB,1,521201222,BUTTERFISH WHOLE
9557600000,BUYING STATION,XX,,,
3610201040,CAPELIN ROE,LB,1,3610201040,CAPELIN ROE
630000000,CARP,XX,,,
630600000,CARP,XX,,,
630500401,CARP BODY OIL,GL,7.75,5260500401,UNCLASSIFIED BODY OIL
630201223,CARP DRESSED,LB,1,630201223,CARP DRESSED
630101223,CARP DRESSED,LB,1,630201223,CARP DRESSED
630101160,CARP FILLET,LB,1,630201160,CARP FILLET
630201160,CARP FILLET,LB,1,630201160,CARP FILLET
630500301,CARP MEAL,TN,2000,5260500301,UNCL FISH MEAL
630201210,CARP MINCED,LB,1,630201210,CARP MINCED
630101040,CARP ROE,LB,1,630201040,CARP ROE
630420040,CARP SALTED ROE,LB,1,630420040,CARP SALTED ROE
630500028,CARP SKINS,LB,1,630500028,CARP SKINS
630430220,CARP SMOKED,LB,1,630430220,CARP SMOKED
660000000,CATFISH RAISED,XX,,,
660211228,CATFISH RAISED BRD DRESS/SKND CKD,LB,1,660211228,CATFISH BREADED DRESSED & SKINNED
660211160,CATFISH RAISED BREADED FILLET,LB,1,660211160,CATFISH BREADED FILLET
660212160,CATFISH RAISED BREADED FILLET CKD,LB,1,660211160,CATFISH BREADED FILLET
660211007,CATFISH RAISED BREADED NUGGETS,LB,1,660201048,"CATFISH STEAKS, NUGGETS & OTHER"
660211050,CATFISH RAISED BREADED STRIPS,LB,1,660201050,CATFISH STRIPS
660101228,CATFISH RAISED DRESSED & SKINNED,LB,1,660201223,CATFISH DRESSED
660201228,CATFISH RAISED DRESSED & SKINNED,LB,1,660201223,CATFISH DRESSED
660201160,CATFISH RAISED FILLET,LB,1,660201160,CATFISH FILLET
660101160,CATFISH RAISED FILLET,LB,1,660201160,CATFISH FILLET
660201635,CATFISH RAISED FOR ANIMAL FEED,LB,1,5260500635,ANIMAL FEEDS
660101500,CATFISH RAISED IN SAUCE,LB,1,660201500,CATFISH IN SAUCE
660201500,CATFISH RAISED IN SAUCE,LB,1,660201500,CATFISH IN SAUCE
660204160,CATFISH RAISED MARINATED FILLET,LB,1,660201160,CATFISH FILLET
660104160,CATFISH RAISED MARINATED FILLET,LB,1,660201160,CATFISH FILLET
660101007,CATFISH RAISED NUGGETS,LB,1,660201048,"CATFISH STEAKS, NUGGETS & OTHER"
660201007,CATFISH RAISED NUGGETS,LB,1,660201048,"CATFISH STEAKS, NUGGETS & OTHER"
660201028,CATFISH RAISED SKINS,LB,1,660201028,CATFISH SKINS
660430220,CATFISH RAISED SMOKED,LB,1,660430220,CATFISH SMOKED
660101048,CATFISH RAISED STEAKS,LB,1,660201048,"CATFISH STEAKS, NUGGETS & OTHER"
660201048,CATFISH RAISED STEAKS,LB,1,660201048,"CATFISH STEAKS, NUGGETS & OTHER"
660201050,CATFISH RAISED STRIPS,LB,1,660201050,CATFISH STRIPS
660201051,CATFISH RAISED STUFFED,LB,1,660201051,CATFISH STUFFED
661600000,CATFISH WILD,XX,,,
661000000,CATFISH WILD,XX,,,
661211160,CATFISH WILD BREADED FILLET,LB,1,660211160,CATFISH BREADED FILLET
661101223,CATFISH WILD DRESSED,LB,1,660201223,CATFISH DRESSED
661101228,CATFISH WILD DRESSED & SKINNED,LB,1,660201223,CATFISH DRESSED
661201228,CATFISH WILD DRESSED & SKINNED,LB,1,660201223,CATFISH DRESSED
661101160,CATFISH WILD FILLET,LB,1,660201160,CATFISH FILLET
661201160,CATFISH WILD FILLET,LB,1,660201160,CATFISH FILLET
661201007,CATFISH WILD NUGGETS,LB,1,660201048,"CATFISH STEAKS, NUGGETS & OTHER"
661101007,CATFISH WILD NUGGETS,LB,1,660201048,"CATFISH STEAKS, NUGGETS & OTHER"
661430220,CATFISH WILD SMOKED,LB,1,660430220,CATFISH SMOKED
661101048,CATFISH WILD STEAKS,LB,1,660201048,"CATFISH STEAKS, NUGGETS & OTHER"
661300240,CATFISH WILD STEWS,CS,,5260300500,OTHER FISH SPECIALTIES (CAN)
661101222,CATFISH WILD WHOLE,LB,1,660201222,CATFISH WHOLE
720101223,CHUBS DRESSED,LB,1,720201223,CHUBS DRESSED
720201160,CHUBS FILLET,LB,1,720201160,CHUBS FILLET
720101160,CHUBS FILLET,LB,1,720201160,CHUBS FILLET
720430220,CHUBS SMOKED,LB,1,720430220,CHUBS SMOKED
7540600000,CLAM OCEAN QUAHOG,XX,,,
7540201161,CLAM OCEAN QUAHOG BLOCKS,LB,1,7540201204,CLAMS OCEAN QUAHOG SHUCKED MEAT
7540212016,CLAM OCEAN QUAHOG BRD CKD DEVILED,LB,1,7700211016,CLAMS BREADED DEVILED
7540212050,CLAM OCEAN QUAHOG BRD CKD STRIPS,LB,1,7700211050,CLAMS BREADED STRIPS
7540212215,CLAM OCEAN QUAHOG BRD CKD WHOLE,LB,1,7700211215,CLAMS BREADED WHOLE
7540211050,CLAM OCEAN QUAHOG BREADED STRIPS,LB,1,7700211050,CLAMS BREADED STRIPS
7540211051,CLAM OCEAN QUAHOG BREADED STUFFED,LB,1,7700211051,CLAMS BREADED STUFFED
7540300110,CLAM OCEAN QUAHOG CHOWDERS,CS,,7700300110,CLAMS CHOWDERS (CAN)
7540102110,CLAM OCEAN QUAHOG COOKED CHOWDER,LB,1,7700202110,CLAMS COOKED CHOWDERS
7540202180,CLAM OCEAN QUAHOG COOKED JUICE,LB,1,7700202180,CLAMS COOKED JUICES
7540102180,CLAM OCEAN QUAHOG COOKED JUICE,LB,1,7700202180,CLAMS COOKED JUICES
7540202230,CLAM OCEAN QUAHOG COOKED SOUP,LB,1,7700202230,CLAMS COOKED SOUP
7540300500,CLAM OCEAN QUAHOG IN SAUCE,CS,,7700300500,CLAMS SPECIALTIES (CAN)
7540101133,CLAM OCEAN QUAHOG IN SHELL,LB,1,7700201133,CLAMS IN SHELL
7540300180,CLAM OCEAN QUAHOG JUICES,CS,,7700300180,CLAMS JUICES (CAN)
7540201210,CLAM OCEAN QUAHOG MINCED,LB,1,7700201210,CLAMS MINCED
7540300210,CLAM OCEAN QUAHOG MINCED OR CHOPPE,CS,,7700300210,CLAMS MINCED OR CHOPPED (CAN)
7540500132,CLAM OCEAN QUAHOG SHELLS CLEANED,LB,1,7700500132,CLAMS SHELLS CLEANED & POLISHED
7540101204,CLAM OCEAN QUAHOG SHUCKED MEAT,GL,8.75,7540201204,CLAMS OCEAN QUAHOG SHUCKED MEAT
7540201204,CLAM OCEAN QUAHOG SHUCKED MEAT,GL,8.75,7540201204,CLAMS OCEAN QUAHOG SHUCKED MEAT
7540300215,CLAM OCEAN QUAHOG WHOLE,CS,,7700300210,CLAMS MINCED OR CHOPPED (CAN)
7500600000,CLAMS GEODUCK,XX,,,
7500101133,CLAMS GEODUCK IN SHELL,LB,1,7700201133,CLAMS IN SHELL
7500101210,CLAMS GEODUCK MINCED,LB,1,7700201210,CLAMS MINCED
7500300210,CLAMS GEODUCK MINCED OR CHOPPED,CS,,7700300210,CLAMS MINCED OR CHOPPED (CAN)
7500101204,CLAMS GEODUCK SHUCKED MEAT,GL,8.75,7500201204,CLAMS GEODUCK SHUCKED MEAT
7500201204,CLAMS GEODUCK SHUCKED MEAT,GL,8.75,7500201204,CLAMS GEODUCK SHUCKED MEAT
7480600000,CLAMS HARD,XX,,,
7480300231,CLAMS HARD BISQUES,CS,,7700300500,CLAMS SPECIALTIES (CAN)
7480300181,CLAMS HARD BOUILLONS,CS,,7700300180,CLAMS JUICES (CAN)
7480211101,CLAMS HARD BREADED CAKES/PATTY,LB,1,7700211101,CLAMS BREADED CAKES & PATTIES
7480212050,CLAMS HARD BREADED COOKED STRIPS,LB,1,7700211050,CLAMS BREADED STRIPS
7480212215,CLAMS HARD BREADED COOKED WHOLE,LB,1,7700211215,CLAMS BREADED WHOLE
7480211050,CLAMS HARD BREADED STRIPS,LB,1,7700211050,CLAMS BREADED STRIPS
7480111051,CLAMS HARD BREADED STUFFED,LB,1,7700211051,CLAMS BREADED STUFFED
7480211051,CLAMS HARD BREADED STUFFED,LB,1,7700211051,CLAMS BREADED STUFFED
7480211215,CLAMS HARD BREADED WHOLE,LB,1,7700211215,CLAMS BREADED WHOLE
7480102111,CLAMS HARD CHOWDER BASE,LB,1,7700202111,CLAMS CHOWDER BASE
7480300111,CLAMS HARD CHOWDER BASE,CS,,7700300500,CLAMS SPECIALTIES (CAN)
7480300110,CLAMS HARD CHOWDERS,CS,,7700300110,CLAMS CHOWDERS (CAN)
7480202111,CLAMS HARD COOKED CHOWDER BASE,LB,1,7700202111,CLAMS CHOWDER BASE
7480202110,CLAMS HARD COOKED CHOWDERS,LB,1,7700202110,CLAMS COOKED CHOWDERS
7480102110,CLAMS HARD COOKED CHOWDERS,LB,1,7700202110,CLAMS COOKED CHOWDERS
7480201090,CLAMS HARD FOR BAIT,LB,1,7700201090,CLAMS BAIT
7480500000,CLAMS HARD FOR INDUSTRIAL,LB,1,7700500000,CLAMS FOR INDUSTRIAL
7480300022,CLAMS HARD FRITTERS,CS,,7700300500,CLAMS SPECIALTIES (CAN)
7480300133,CLAMS HARD IN SHELL,CS,,7700300500,CLAMS SPECIALTIES (CAN)
7480201133,CLAMS HARD IN SHELL,LB,1,7700201133,CLAMS IN SHELL
7480101133,CLAMS HARD IN SHELL,LB,1,7700201133,CLAMS IN SHELL
7480300180,CLAMS HARD JUICES,CS,,7700300180,CLAMS JUICES (CAN)
7480300210,CLAMS HARD MINCED OR CHOPPED,CS,,7700300210,CLAMS MINCED OR CHOPPED (CAN)
7480201134,CLAMS HARD ON HALF SHELL,LB,1,7700201134,CLAMS ON HALF SHELL
7480500132,CLAMS HARD SHELLS CLND & POLSD,LB,1,7700500132,CLAMS SHELLS CLEANED & POLISHED
7480201204,CLAMS HARD SHUCKED MEAT,GL,8.75,7480201204,CLAMS HARD SHUCKED MEAT
7480101204,CLAMS HARD SHUCKED MEAT,GL,8.75,7480201204,CLAMS HARD SHUCKED MEAT
7480430215,CLAMS HARD SMOKED WHOLE,LB,1,7700430215,CLAMS SMOKED
7480330215,CLAMS HARD SMOKED WHOLE,CS,,7700300500,CLAMS SPECIALTIES (CAN)
7480201050,CLAMS HARD STRIPS,LB,1,7700201050,CLAMS STRIPS
7480201051,CLAMS HARD STUFFED,LB,1,7700201051,CLAMS STUFFED
7480300215,CLAMS HARD WHOLE,CS,,7700300210,CLAMS MINCED OR CHOPPED (CAN)
7600300111,CLAMS RAZOR CHOWDER BASE,CS,,7700300500,CLAMS SPECIALTIES (CAN)
7600201090,CLAMS RAZOR FOR BAIT,LB,1,7700201090,CLAMS BAIT
7600101133,CLAMS RAZOR IN SHELL,LB,1,7700201133,CLAMS IN SHELL
7600300180,CLAMS RAZOR JUICE,CS,,7700300180,CLAMS JUICE (CAN)
7600300210,CLAMS RAZOR MINCED OR CHOPPED,CS,,7700300210,CLAMS MINCED OR CHOPPED (CAN)
7600201204,CLAMS RAZOR SHUCKED MEAT,LB,1,7600201204,CLAMS RAZOR SHUCKED MEAT
7600101204,CLAMS RAZOR SHUCKED MEAT,LB,1,7600201204,CLAMS RAZOR SHUCKED MEAT
7600330215,CLAMS RAZOR SMOKED,CS,,7700300500,CLAMS SPECIALTIES (CAN)
7600300215,CLAMS RAZOR WHOLE,CS,,7700300210,CLAMS MINCED OR CHOPPED (CAN)
7630300231,CLAMS SOFT BISQUES,CS,,7700300500,CLAMS SPECIALTIES (CAN)
7630300181,CLAMS SOFT BOUILLONS,CS,,7700300180,CLAMS JUICES (CAN)
7630211215,CLAMS SOFT BREADED WHOLE,LB,1,7700211215,CLAMS BREADED WHOLE
7630300110,CLAMS SOFT CHOWDERS,CS,,7700300110,CLAMS CHOWDERS (CAN)
7630300017,CLAMS SOFT DIPS AND SPREADS,CS,,7700300500,CLAMS SPECIALTIES (CAN)
7630600000,CLAMS SOFT IN SHELL,XX,,,
7630101133,CLAMS SOFT IN SHELL,LB,1,7700201133,CLAMS IN SHELL
7630300133,CLAMS SOFT IN SHELL,CS,,7700300500,CLAMS SPECIALTIES (CAN)
7630300210,CLAMS SOFT MINCED OR CHOPPED,CS,,7700300210,CLAMS MINCED OR CHOPPED (CAN)
7630201204,CLAMS SOFT SHUCKED MEAT,GL,8.75,7630201204,CLAMS SOFT SHUCKED MEAT
7630101204,CLAMS SOFT SHUCKED MEAT,GL,8.75,7630201204,CLAMS SOFT SHUCKED MEAT
7630300215,CLAMS SOFT WHOLE,CS,,7700300210,CLAMS MINCED OR CHOPPED (CAN)
7690600000,CLAMS SURF,XX,,,
7690213050,CLAMS SURF BATTER DIP STRIPS,LB,1,7700211050,CLAMS BREADED STRIPS
7690213215,CLAMS SURF BATTER DIP WHOLE,LB,1,7700211215,CLAMS BREADED WHOLE
7690212101,CLAMS SURF BREADED CAKES/PATTY,LB,1,7700211101,CLAMS BREADED CAKES & PATTIES
7690211101,CLAMS SURF BREADED CAKES/PATTY,LB,1,7700211101,CLAMS BREADED CAKES & PATTIES
7690212069,CLAMS SURF BREADED COOKED CRISPS,LB,1,7700211069,CLAMS BREADED CRISPS
7690212016,CLAMS SURF BREADED COOKED DEVILED,LB,1,7700211016,CLAMS BREADED DEVILED
7690212120,CLAMS SURF BREADED COOKED DINNERS,LB,1,7700211120,CLAMS BREADED DINNERS
7690212500,CLAMS SURF BREADED COOKED IN SAUCE,LB,1,7700211500,CLAMS BREADED IN SAUCE
7690212050,CLAMS SURF BREADED COOKED STRIPS,LB,1,7700211050,CLAMS BREADED STRIPS
7690112050,CLAMS SURF BREADED COOKED STRIPS,LB,1,7700211050,CLAMS BREADED STRIPS
7690212215,CLAMS SURF BREADED COOKED WHOLE,LB,1,7700211215,CLAMS BREADED WHOLE
7690211069,CLAMS SURF BREADED CRISPS,LB,1,7700211069,CLAMS BREADED CRISPS
7690211049,CLAMS SURF BREADED STICKS,LB,1,7700211049,CLAMS BREADED STICKS
7690211050,CLAMS SURF BREADED STRIPS,LB,1,7700211050,CLAMS BREADED STRIPS
7690111050,CLAMS SURF BREADED STRIPS,LB,1,7700211050,CLAMS BREADED STRIPS
7690212051,CLAMS SURF BREADED STUFFED,LB,1,7700211051,CLAMS BREADED STUFFED
7690211215,CLAMS SURF BREADED WHOLE,LB,1,7700211215,CLAMS BREADED WHOLE
7690300110,CLAMS SURF CHOWDERS,CS,,7700300110,CLAMS CHOWDERS (CAN)
7690202110,CLAMS SURF COOKED CHOWDERS,LB,1,7700202110,CLAMS COOKED CHOWDERS
7690202120,CLAMS SURF COOKED DINNERS,LB,1,7700202120,CLAMS COOKED DINNERS
7690202180,CLAMS SURF COOKED JUICES,LB,1,7700202180,CLAMS COOKED JUICES
7690440050,CLAMS SURF DRIED STRIPS,LB,1,7700440050,CLAMS DRIED STRIPS
7690500635,CLAMS SURF FOR ANIMAL FEEDS,LB,1,5260500635,ANIMAL FEEDS
7690101090,CLAMS SURF FOR BAIT,LB,1,7700201090,CLAMS BAIT
7690201090,CLAMS SURF FOR BAIT,LB,1,7700201090,CLAMS BAIT
7690300500,CLAMS SURF IN SAUCE,CS,,7700300500,CLAMS SPECIALTIES (CAN)
7690101133,CLAMS SURF IN SHELL,LB,1,7700201133,CLAMS IN SHELL
7690300180,CLAMS SURF JUICES,CS,,7700300180,CLAMS JUICES (CAN)
7690201210,CLAMS SURF MINCED OR CHOPPED,LB,1,7700201210,CLAMS MINCED
7690101210,CLAMS SURF MINCED OR CHOPPED,LB,1,7700201210,CLAMS MINCED
7690300210,CLAMS SURF MINCED OR CHOPPED,CS,,7700300210,CLAMS MINCED OR CHOPPED (CAN)
7690201204,CLAMS SURF SHUCKED MEAT,GL,8.75,7690201204,CLAMS SURF SHUCKED MEAT
7690101204,CLAMS SURF SHUCKED MEAT,GL,8.75,7690201204,CLAMS SURF SHUCKED MEAT
7690300240,CLAMS SURF STEWS,CS,,7700300500,CLAMS SPECIALTIES (CAN)
7690201050,CLAMS SURF STRIPS,LB,1,7700201050,CLAMS STRIPS
7690101050,CLAMS SURF STRIPS,LB,1,7700201050,CLAMS STRIPS
7720102017,CLAMS UNCL DIPS AND SPREADS,LB,1,7700202017,CLAMS DIPS & SPREADS
7720101133,CLAMS UNCL IN SHELL,LB,1,7720201133,CLAMS UNCL
570101223,COBIA DRESSED,LB,1,570201223,COBIA DRESSED
570101160,COBIA FILLET,LB,1,570201160,COBIA FILLET
570430220,COBIA SMOKED,LB,1,570430220,COBIA SMOKED
570101222,COBIA WHOLE,LB,1,570201222,COBIA WHOLE
820600000,COD,XX,,,
820213160,COD BATTER COATED FILLET,LB,1,820213160,COD BATTER COATED FILLET
820213007,COD BATTER DIP NUGGETS,LB,1,820213007,COD BATTER DIP NUGGETS
820213039,COD BATTER DIP PORTIONS,LB,1,820213039,COD BATTER COATED PORTIONS
820213050,COD BATTER DIP STRIPS,LB,1,820213050,COD BATTER DIP STRIPS
820201005,COD BELLIES,LB,1,820101005,COD BELLIES
820201161,COD BLOCKS,LB,1,820201161,COD BLOCKS
820500401,COD BODY OIL,GL,7.75,820500401,COD OIL
820201014,COD BONES,LB,1,820201014,COD BONES
820212101,COD BREADED COOKED CAKES/PATTY,LB,1,820211101,COD BREADED CAKES & PATTIES
820212160,COD BREADED COOKED FILLET,LB,1,820211160,COD BREADED FILLET
820212007,COD BREADED COOKED NUGGETS,LB,1,820211007,COD BREADED NUGGETS
820212039,COD BREADED COOKED PORTIONS,LB,1,820211039,COD BREADED PORTIONS
820212049,COD BREADED COOKED STICKS,LB,1,820211049,COD BREADED STICKS
820211160,COD BREADED FILLET,LB,1,820211160,COD BREADED FILLET
820111160,COD BREADED FILLET,LB,1,820211160,COD BREADED FILLET
820211103,COD BREADED FORMED FILLET,LB,1,820211103,COD BREADED FORMED FILLET
820211007,COD BREADED NUGGETS,LB,1,820211007,COD BREADED NUGGETS
820211039,COD BREADED PORTIONS,LB,1,820211039,COD BREADED PORTIONS
820211050,COD BREADED STRIPS,LB,1,820211050,COD BREADED STRIPS
820300101,COD CAKES,CS,,5260300500,OTHER FISH SPECIALTIES (CAN)
820201162,COD CHEEKS,LB,1,820201160,COD FILLET
820201223,COD DRESSED,LB,1,820201223,COD DRESSED
820101223,COD DRESSED,LB,1,820201223,COD DRESSED
820440220,COD DRIED,LB,1,820440220,COD DRIED
820440036,COD DRIED LUTEFISK,LB,1,820440220,COD DRIED
820101160,COD FILLET,LB,1,820201160,COD FILLET
820201160,COD FILLET,LB,1,820201160,COD FILLET
820101061,COD FISHPASTE,LB,1,820201061,COD FISHPASTE
820201090,COD FOR BAIT,LB,1,820201090,COD BAIT
820101090,COD FOR BAIT,LB,1,820201090,COD BAIT
820201103,COD FORMED FILLET,LB,1,820201103,COD FORMED FILLET
820201021,COD HEADS,LB,1,820201021,COD HEADS
820201500,COD IN SAUCE,LB,1,820201500,COD IN SAUCE
820431220,COD KIPPERED,LB,1,820430220,COD SMOKED OR KIPPERED
820500402,COD LIVER OIL,GL,7.75,5260500402,UNCLASSIFIED LIVER OIL
820500301,COD MEAL,TN,2000,820500301,COD MEAL
820101155,COD MILT,LB,1,820201155,COD MILT
820201155,COD MILT,LB,1,820201155,COD MILT
820101210,COD MINCED,LB,1,820201210,COD MINCED
820201210,COD MINCED,LB,1,820201210,COD MINCED
820201018,COD PECTORAL GIRDLES,LB,1,820201018,COD PECTORAL GIRDLES
820421220,COD PICKLED,LB,1,820420220,COD SALTED OR PICKLED
820201039,COD PORTIONS,LB,1,820201039,COD PORTIONS
820201040,COD ROE,LB,1,820201040,COD ROE
820101040,COD ROE,LB,1,820201040,COD ROE
820420220,COD SALTED,LB,1,820420220,COD SALTED OR PICKLED
820420040,COD SALTED ROE,LB,1,820420040,COD SALTED ROE
820430220,COD SMOKED,LB,1,820430220,COD SMOKED OR KIPPERED
820101048,COD STEAKS,LB,1,820201048,COD STEAKS
820201048,COD STEAKS,LB,1,820201048,COD STEAKS
820201019,COD STOMACHS,LB,1,820101019,COD STOMACHS
820101051,COD STUFFED,LB,1,820201051,COD STUFFED
820201031,COD SURIMI,LB,1,820201031,COD SURIMI
820101222,COD WHOLE,LB,1,820201222,COD WHOLE
820201222,COD WHOLE,LB,1,820201222,COD WHOLE
9550600000,COLD STORAGE,XX,,,
7750600000,CONCH,XX,,,
7750213022,CONCH BATTER DIP FRITTERS,LB,1,7750211022,CONCH BREADED FRITTERS
7750112022,CONCH BREADED COOKED FRITTERS,LB,1,7750211022,CONCH BREADED FRITTERS
7750211022,CONCH BREADED FRITTERS,LB,1,7750211022,CONCH BREADED FRITTERS
7750300110,CONCH CHOWDERS,CS,,7750300200,CONCH MEAT & SPECIALTIES (CAN)
7750102200,CONCH COOKED MEAT,LB,1,7750202200,CONCH COOKED MEAT
7750202200,CONCH COOKED MEAT,LB,1,7750202200,CONCH COOKED MEAT
7750101133,CONCH IN SHELL,LB,1,7750201133,CONCH IN SHELL
7750101200,CONCH MEAT,LB,1,7750201200,CONCH MEAT
7750201200,CONCH MEAT,LB,1,7750201200,CONCH MEAT
7750300200,CONCH NATURAL,CS,,7750300200,CONCH MEAT & SPECIALTIES (CAN)
7750201074,CONCH SALAD MIXES,LB,1,7750201074,CONCH SALAD MIXES
7750420215,CONCH SALTED,LB,1,7750420215,CONCH SALTED
7000000000,CRAB BLUE,XX,,,
7000300231,CRAB BLUE BISQUES,CS,,7190300231,CRAB SPECIALTIES (CAN)
7000211004,CRAB BLUE BREADED BALLS,LB,1,7000211007,CRAB BLUE BREADED NUGGETS
7000111101,CRAB BLUE BREADED CAKES/PATTY,LB,1,7000211101,CRAB BLUE BREADED CAKES & PATTIES
7000211101,CRAB BLUE BREADED CAKES/PATTY,LB,1,7000211101,CRAB BLUE BREADED CAKES & PATTIES
7000212101,CRAB BLUE BREADED CKD CAKES/PATTY,LB,1,7000211101,CRAB BLUE BREADED CAKES & PATTIES
7000212004,CRAB BLUE BREADED COOKED BALLS,LB,1,7000211007,CRAB BLUE BREADED NUGGETS
7000212016,CRAB BLUE BREADED COOKED DEVILED,LB,1,7000211016,CRAB BLUE BREADED DEVILED
7000212120,CRAB BLUE BREADED COOKED DINNERS,LB,1,7000211120,CRAB BLUE BREADED DINNERS
7000212082,CRAB BLUE BREADED COOKED MIXES,LB,1,7000211051,CRAB BLUE BREADED STUFFED
7000212051,CRAB BLUE BREADED COOKED STUFFED,LB,1,7000211051,CRAB BLUE BREADED STUFFED
7000112051,CRAB BLUE BREADED COOKED STUFFED,LB,1,7000211051,CRAB BLUE BREADED STUFFED
7000211016,CRAB BLUE BREADED DEVILED,LB,1,7000211016,CRAB BLUE BREADED DEVILED
7000111016,CRAB BLUE BREADED DEVILED,LB,1,7000211016,CRAB BLUE BREADED DEVILED
7000211120,CRAB BLUE BREADED DINNERS,LB,1,7000211120,CRAB BLUE BREADED DINNERS
7000211082,CRAB BLUE BREADED MIXES,LB,1,7000211051,CRAB BLUE BREADED STUFFED
7000211007,CRAB BLUE BREADED NUGGETS,LB,1,7000211007,CRAB BLUE BREADED NUGGETS
7000211041,CRAB BLUE BREADED ROLLS,LB,1,7000211041,CRAB BLUE BREADED ROLLS
7000211049,CRAB BLUE BREADED STICKS,LB,1,7000211041,CRAB BLUE BREADED ROLLS
7000111051,CRAB BLUE BREADED STUFFED,LB,1,7000211051,CRAB BLUE BREADED STUFFED
7000211051,CRAB BLUE BREADED STUFFED,LB,1,7000211051,CRAB BLUE BREADED STUFFED
7000201101,CRAB BLUE CAKES/PATTY,LB,1,7000201101,CRAB BLUE CAKES & PATTIES
7000201087,CRAB BLUE CLEANED,LB,1,7000201087,CRAB BLUE CLEANED
7000101087,CRAB BLUE CLEANED,LB,1,7000201087,CRAB BLUE CLEANED
7000202202,CRAB BLUE COOKED CLAWS,LB,1,7000202202,CRAB BLUE COOKED CLAWS
7000102202,CRAB BLUE COOKED CLAWS,LB,1,7000202202,CRAB BLUE COOKED CLAWS
7000202016,CRAB BLUE COOKED DEVILED,LB,1,7000202016,CRAB BLUE COOKED DEVILED
7000202027,CRAB BLUE COOKED GUMBOS,LB,1,7000202027,CRAB BLUE COOKED GUMBOS
7000102027,CRAB BLUE COOKED GUMBOS,LB,1,7000202027,CRAB BLUE COOKED GUMBOS
7000102200,CRAB BLUE COOKED MEAT,LB,1,7000202200,CRAB BLUE COOKED MEAT
7000202200,CRAB BLUE COOKED MEAT,LB,1,7000202200,CRAB BLUE COOKED MEAT
7000202517,CRAB BLUE COOKED QUICHE,LB,1,7000202517,CRAB BLUE COOKED QUICHE
7000202230,CRAB BLUE COOKED SOUPS,LB,1,7000202230,CRAB BLUE COOKED SOUPS
7000202215,CRAB BLUE COOKED WHOLE,LB,1,7000202215,CRAB BLUE COOKED WHOLE
7000102215,CRAB BLUE COOKED WHOLE,LB,1,7000102215,CRAB BLUE COOKED WHOLE
7000300016,CRAB BLUE DEVILED,CS,,7190300231,CRAB SPECIALTIES (CAN)
7000202030,CRAB BLUE HORS D'OEUVRES,LB,1,7000202030,CRAB BLUE HORS D'OEUVRES
7000104200,CRAB BLUE MARINATED MEAT,LB,1,7000202200,CRAB BLUE COOKED MEAT
7000500301,CRAB BLUE MEAL,TN,2000,7090500301,CRAB MEAL
7000300200,CRAB BLUE MEAT,CS,,7190300200,CRAB UNCL MEAT (CAN)
7000201007,CRAB BLUE NUGGETS,LB,1,7000201007,CRAB BLUE NUGGETS
7000103200,CRAB BLUE PASTURIZED MEAT,LB,1,7000202200,CRAB BLUE COOKED MEAT
7000203200,CRAB BLUE PASTURIZED MEAT,LB,1,7000202200,CRAB BLUE COOKED MEAT
7000101040,CRAB BLUE ROE,LB,1,7000201040,CRAB BLUE ROE
7000500132,CRAB BLUE SHELLS CLEANED,LB,1,7000500132,CRAB BLUE SHELLS CLEANED
7000101135,CRAB BLUE SOFT SHELL,DZ,4,7000201135,CRAB BLUE SOFT SHELL
7000201135,CRAB BLUE SOFT SHELL,DZ,4,7000201135,CRAB BLUE SOFT SHELL
7000300230,CRAB BLUE SOUPS,CS,,7190300231,CRAB SPECIALTIES (CAN)
7060000000,CRAB DUNGENESS,XX,,,
7060600000,CRAB DUNGENESS,XX,,,
7060101215,CRAB DUNGENESS,LB,1,7060201215,CRAB DUNGENESS
7060211051,CRAB DUNGENESS BREADED STUFFED,LB,1,7060211051,CRAB DUNGENESS BREADED STUFFED
7060102666,CRAB DUNGENESS COOKED ALASKA PROD,LB,1,7060202215,CRAB DUNGENESS COOKED WHOLE
7060202666,CRAB DUNGENESS COOKED ALASKA PROD,LB,1,7060202215,CRAB DUNGENESS COOKED WHOLE
7060202202,CRAB DUNGENESS COOKED CLAWS,LB,1,7190202202,CRAB UNCL COOKED CLAWS
7060102011,CRAB DUNGENESS COOKED COCKTAILS,LB,1,7060202011,CRAB DUNGENESS COOKED COCKTAILS
7060102033,CRAB DUNGENESS COOKED LEGS,LB,1,7060202044,CRAB DUNGENESS COOKED SECTIONS
7060202033,CRAB DUNGENESS COOKED LEGS,LB,1,7060202044,CRAB DUNGENESS COOKED SECTIONS
7060202200,CRAB DUNGENESS COOKED MEAT,LB,1,7060202200,CRAB DUNGENESS COOKED MEAT
7060102200,CRAB DUNGENESS COOKED MEAT,LB,1,7060202200,CRAB DUNGENESS COOKED MEAT
7060102044,CRAB DUNGENESS COOKED SECTIONS,LB,1,7060202044,CRAB DUNGENESS COOKED SECTIONS
7060202044,CRAB DUNGENESS COOKED SECTIONS,LB,1,7060202044,CRAB DUNGENESS COOKED SECTIONS
7060102215,CRAB DUNGENESS COOKED WHOLE,LB,1,7060202215,CRAB DUNGENESS COOKED WHOLE
7060202215,CRAB DUNGENESS COOKED WHOLE,LB,1,7060202215,CRAB DUNGENESS COOKED WHOLE
7060500301,CRAB DUNGENESS MEAL,TN,2000,7090500301,CRAB MEAL
7060300200,CRAB DUNGENESS MEAT,CS,,7190300200,CRAB UNCL MEAT (CAN)
7060330220,CRAB DUNGENESS SMOKED MEAT,CS,,7190330231,CRAB SPECIALTIES (CAN)
7060430200,CRAB DUNGENESS SMOKED MEAT,LB,1,7060430200,CRAB DUNGENESS SMOKED
7102102200,CRAB GOLDEN COOKED MEAT,LB,1,7090202200,CRAB KING COOKED MEAT
7082000000,CRAB HAIR,XX,,,
7082102666,CRAB HAIR COOKED ALASKA PRODUCT,LB,1,7082202044,CRAB HAIR COOKED SECTIONS
7082202666,CRAB HAIR COOKED ALASKA PRODUCT,LB,1,7082202044,CRAB HAIR COOKED SECTIONS
7082202044,CRAB HAIR COOKED SECTIONS,LB,1,7082202044,CRAB HAIR COOKED SECTIONS
7082202215,CRAB HAIR COOKED WHOLE,LB,1,7082202215,CRAB HAIR COOKED WHOLE
7110000000,CRAB JONAH,XX,,,
7110202202,CRAB JONAH COOKED CLAWS,LB,1,7110202202,CRAB JOHNA COOKED CLAWS
7110102202,CRAB JONAH COOKED CLAWS,LB,1,7110202202,CRAB JOHNA COOKED CLAWS
7110102200,CRAB JONAH COOKED MEAT,LB,1,7110202200,CRAB JONAH COOKED MEAT
7090600000,CRAB KING,XX,,,
7090000000,CRAB KING,XX,,,
7090202666,CRAB KING COOKED ALASKA PRODUCT,LB,1,7090202044,CRAB KING COOKED SECTIONS
7090102666,CRAB KING COOKED ALASKA PRODUCT,LB,1,7090202044,CRAB KING COOKED SECTIONS
7090202202,CRAB KING COOKED CLAWS,LB,1,7190202202,CRAB UNCL COOKED CLAWS
7090202033,CRAB KING COOKED LEGS,LB,1,7090202044,CRAB KING COOKED SECTIONS
7090102033,CRAB KING COOKED LEGS,LB,1,7090202044,CRAB KING COOKED SECTIONS
7090202200,CRAB KING COOKED MEAT,LB,1,7090202200,CRAB KING COOKED MEAT
7090102200,CRAB KING COOKED MEAT,LB,1,7090202200,CRAB KING COOKED MEAT
7090102044,CRAB KING COOKED SECTIONS,LB,1,7090202044,CRAB KING COOKED SECTIONS
7090202044,CRAB KING COOKED SECTIONS,LB,1,7090202044,CRAB KING COOKED SECTIONS
7090102215,CRAB KING COOKED WHOLE,LB,1,7090202215,CRAB KING COOKED WHOLE
7090202215,CRAB KING COOKED WHOLE,LB,1,7090202215,CRAB KING COOKED WHOLE
7090500301,CRAB KING MEAL,TN,2000,7090500301,CRAB MEAL
7090300200,CRAB KING MEAT,CS,,7190300200,CRAB UNCL MEAT (CAN)
7100000000,CRAB RED,XX,,,
7100202200,CRAB RED COOKED MEAT,LB,1,7190202200,CRAB UNCL COOKED MEAT
7100102200,CRAB RED COOKED MEAT,LB,1,7190202200,CRAB UNCL COOKED MEAT
7100300230,CRAB RED SOUP,CS,,7190300231,CRAB SPECIALTIES (CAN)
7120000000,CRAB ROCK,XX,,,
7120102202,CRAB ROCK COOKED CLAWS,LB,1,7120202202,CRAB ROCK COOKED CLAWS
7120202202,CRAB ROCK COOKED CLAWS,LB,1,7120202202,CRAB ROCK COOKED CLAWS
7120202200,CRAB ROCK COOKED MEAT,LB,1,7120202200,CRAB ROCK COOKED MEAT
7120102200,CRAB ROCK COOKED MEAT,LB,1,7120202200,CRAB ROCK COOKED MEAT
7120202082,CRAB ROCK COOKED MIXES,LB,1,7120202082,CRAB ROCK COOKED MIXES
7120300016,CRAB ROCK DEVILED,CS,,7190300231,CRAB SPECIALTIES (CAN)
7120300017,CRAB ROCK DIPS AND SPREADS,CS,,7190300231,CRAB SPECIALTIES (CAN)
7120300200,CRAB ROCK MEAT,CS,,7190300200,CRAB UNCL MEAT (CAN)
7185000000,CRAB SNOW,XX,,,
7185600000,CRAB SNOW,XX,,,
7185202666,CRAB SNOW COOKED ALASKA PRODUCT,LB,1,7185202044,CRAB SNOW COOKED SECTIONS
7185102666,CRAB SNOW COOKED ALASKA PRODUCT,LB,1,7185202044,CRAB SNOW COOKED SECTIONS
7185202202,CRAB SNOW COOKED CLAWS,LB,1,7190202202,CRAB UNCL COOKED CLAWS
7185102202,CRAB SNOW COOKED CLAWS,LB,1,7190202202,CRAB UNCL COOKED CLAWS
7185202011,CRAB SNOW COOKED COCKTAIL,LB,1,7185202011,CRAB SNOW COOKED COCKTAIL
7185202033,CRAB SNOW COOKED LEGS,LB,1,7185202044,CRAB SNOW COOKED SECTIONS
7185202200,CRAB SNOW COOKED MEAT,LB,1,7190202200,CRAB UNCL COOKED MEAT
7185102200,CRAB SNOW COOKED MEAT,LB,1,7190202200,CRAB UNCL COOKED MEAT
7185102044,CRAB SNOW COOKED SECTIONS,LB,1,7185202044,CRAB SNOW COOKED SECTIONS
7185202044,CRAB SNOW COOKED SECTIONS,LB,1,7185202044,CRAB SNOW COOKED SECTIONS
7185102215,CRAB SNOW COOKED WHOLE,LB,1,7185202215,CRAB SNOW COOKED WHOLE
7185202215,CRAB SNOW COOKED WHOLE,LB,1,7185202215,CRAB SNOW COOKED WHOLE
7185300200,CRAB SNOW MEAT,CS,,7190300200,CRAB UNCL MEAT (CAN)
7185101215,CRAB SNOW WHOLE,LB,1,7185200000,CRAB SNOW WHOLE
7030201133,CRAB SOFT SHELL,LB,1,7030201133,CRAB SOFT SHELL
7030000000,CRAB SOFT SHELL,XX,,,
7030101133,CRAB SOFT SHELL,LB,1,7030201133,CRAB SOFT SHELL
7180202202,CRAB STONE COOKED CLAWS,LB,1,7180202202,CRAB STONE COOKED CLAWS
7180102202,CRAB STONE COOKED CLAWS,LB,1,7180202202,CRAB STONE COOKED CLAWS
7190600000,CRAB UNCL,XX,,,
7190000000,CRAB UNCL,XX,,,
7190300231,CRAB UNCL BISQUES,CS,,7190300231,CRAB SPECIALTIES (CAN)
7190211101,CRAB UNCL BREADED CAKES/PATTY,LB,1,7190211101,CRAB UNCL BREADED CAKES & PATTIES
7190211051,CRAB UNCL BREADED STUFFED,LB,1,7190211051,CRAB UNCL BREADED STUFFED
7190201101,CRAB UNCL CAKES/PATTY,LB,1,7190202101,CRAB UNCL CAKES & PATTIES
7190202101,CRAB UNCL COOKED CAKES/PATTY,LB,1,7190202101,CRAB UNCL COOKED CAKES & PATTIES
7190202202,CRAB UNCL COOKED CLAWS,LB,1,7190202202,CRAB UNCL COOKED CLAWS
7190102200,CRAB UNCL COOKED MEAT,LB,1,7190202200,CRAB UNCL COOKED MEAT
7190300016,CRAB UNCL DEVILED,CS,,7190300231,CRAB SPECIALTIES (CAN)
7190300017,CRAB UNCL DIPS AND SPREADS,CS,,7190300231,CRAB SPECIALTIES (CAN)
7190300200,CRAB UNCL MEAT,CS,,7190300200,CRAB UNCL MEAT (CAN)
7190201007,CRAB UNCL NUGGETS,LB,1,7190201007,CRAB NUGGETS
7190201051,CRAB UNCL STUFFED,LB,1,7190201051,CRAB UNCL STUFFED
840101223,CRAPPIE DRESSED,LB,1,840201223,CRAPPIE DRESSED
7210600000,CRAWFISH,XX,,,
7210000000,CRAWFISH,XX,,,
7210202004,CRAWFISH BALLS,LB,1,7210202004,CRAWFISH BALLS
7210300231,CRAWFISH BISQUES,CS,,7210300231,CRAWFISH BISQUES
7210202231,CRAWFISH BISQUES,LB,1,7210202231,CRAWFISH BISQUES
7210211101,CRAWFISH BREADED CAKES/PATTY,LB,1,7210211101,CRAWFISH BREADED CAKES & PATTIES
7210212200,CRAWFISH BREADED COOKED MEAT,LB,1,7210212200,CRAWFISH BREADED MEAT
7210211082,CRAWFISH BREADED MIXES,LB,1,7210211051,CRAWFISH BREADED STUFFED
7210102500,CRAWFISH COOKED IN SAUCE,LB,1,7210202500,CRAWFISH COOKED IN SAUCE
7210202500,CRAWFISH COOKED IN SAUCE,LB,1,7210202500,CRAWFISH COOKED IN SAUCE
7210202200,CRAWFISH COOKED MEAT,LB,1,7210202200,CRAWFISH COOKED MEAT
7210102200,CRAWFISH COOKED MEAT,LB,1,7210202200,CRAWFISH COOKED MEAT
7210202053,CRAWFISH COOKED TAILS,LB,1,7210202053,CRAWFISH COOKED TAILS
7210102215,CRAWFISH COOKED WHOLE,LB,1,7210202215,CRAWFISH COOKED WHOLE
7210202215,CRAWFISH COOKED WHOLE,LB,1,7210202215,CRAWFISH COOKED WHOLE
7210101090,CRAWFISH FOR BAIT,LB,1,7210201090,CRAWFISH BAIT
7210201090,CRAWFISH FOR BAIT,LB,1,7210201090,CRAWFISH BAIT
7210500650,CRAWFISH FOR SCIENTIFIC SPECIMENS,LB,1,7810500650,SCIENTIFIC SPECIMENS
7210500301,CRAWFISH MEAL,TN,2000,9106500301,UNCL SHELLFISH MEAL
7210202038,CRAWFISH PIES,LB,1,7210202038,CRAWFISH PIES
7210201106,CRAWFISH SAUSAGE,LB,1,7210201106,CRAWFISH SAUSAGE
7210201133,CRAWFISH SOFT SHELL,LB,1,7210201133,CRAWFISH SOFT SHELL
7210101133,CRAWFISH SOFT SHELL,LB,1,7210201133,CRAWFISH SOFT SHELL
7210201215,CRAWFISH WHOLE,LB,1,7210201215,CRAWFISH WHOLE
870600000,CREVALLE,XX,,,
870101160,CREVALLE JACK FILLET,LB,1,870201160,CREVALLE JACK FILLET
925600000,CROAKER ATLANTIC,XX,,,
925211101,CROAKER ATLANTIC BREAD CAKES/PATTY,LB,1,925211101,CROAKER ATL BREADED CAKES & PATTIE
925101223,CROAKER ATLANTIC DRESSED,LB,1,925201223,CROAKER ATLANTIC DRESSED
925201160,CROAKER ATLANTIC FILLET,LB,1,925201160,CROAKER ATLANTIC FILLET
925101160,CROAKER ATLANTIC FILLET,LB,1,925201160,CROAKER ATLANTIC FILLET
925101222,CROAKER ATLANTIC WHOLE,LB,1,925201222,CROAKER ATLANTIC WHOLE
960101223,CUSK DRESSED,LB,1,960201223,CUSK DRESSED
960201223,CUSK DRESSED,LB,1,960201223,CUSK DRESSED
960101160,CUSK FILLET,LB,1,960201160,CUSK FILLET
960201160,CUSK FILLET,LB,1,960201160,CUSK FILLET
9560600000,CUSTOM SMOKERY,XX,,,
7870201200,CUTTLEFISH MEAT,LB,1,7870201200,CUTTLEFISH MEAT
9562600000,DEPURATION PLANT,XX,,,
9565600000,DID NOT OPERATE LAST YEAR,XX,,,
9566600000,DID NOT REPORT LAST YEAR,XX,,,
1050600000,DOLPHINFISH,XX,,,
1050111101,DOLPHINFISH BREADED CAKES/PATTY,LB,1,1050211101,DOLPHINFISH BREADED CAKES & PATTIE
1050101223,DOLPHINFISH DRESSED,LB,1,1050201223,DOLPHINFISH DRESSED
1050201223,DOLPHINFISH DRESSED,LB,1,1050201223,DOLPHINFISH DRESSED
1050440220,DOLPHINFISH DRIED,LB,1,1050440220,DOLPHINFISH DRIED
1050201160,DOLPHINFISH FILLET,LB,1,1050201160,DOLPHINFISH FILLET
1050101160,DOLPHINFISH FILLET,LB,1,1050201160,DOLPHINFISH FILLET
1050430220,DOLPHINFISH SMOKED,LB,1,1050430220,DOLPHINFISH SMOKED
1050101048,DOLPHINFISH STEAKS,LB,1,1050201048,DOLPHINFISH STEAKS
1050201048,DOLPHINFISH STEAKS,LB,1,1050201048,DOLPHINFISH STEAKS
1081101223,DRUM BLACK DRESSED,LB,1,1081201223,DRUM BLACK DRESSED
1081201223,DRUM BLACK DRESSED,LB,1,1081201223,DRUM BLACK DRESSED
1081201160,DRUM BLACK FILLET,LB,1,1081201160,DRUM BLACK FILLET
1081101160,DRUM BLACK FILLET,LB,1,1081201160,DRUM BLACK FILLET
1081101222,DRUM BLACK WHOLE,LB,1,1081201222,DRUM BLACK WHOLE
1082600000,DRUM RED,XX,,,
1082101223,DRUM RED DRESSED,LB,1,1082201223,DRUM RED DRESSED
1082201160,DRUM RED FILLET,LB,1,1082201160,DRUM RED FILLET
1082101160,DRUM RED FILLET,LB,1,1082201160,DRUM RED FILLET
1082101222,DRUM RED WHOLE,LB,1,1082201222,DRUM RED WHOLE
1141000000,EELS,XX,,,
1141600000,EELS,XX,,,
1141101223,EELS DRESSED & SKINNED,LB,1,1141201223,EELS DRESSED & SKINNED
1141201160,EELS FILLET,LB,1,1141201160,EELS FILLET
1141101090,EELS FOR BAIT,LB,1,1141201090,EELS BAIT
1141201090,EELS FOR BAIT,LB,1,1141201090,EELS BAIT
1141500650,EELS FOR SCIENTIFIC SPECIMENS,LB,1,7810500650,SCIENTIFIC SPECIMENS
1141202500,EELS IN SAUCE,LB,1,1141202500,EELS IN SAUCE
1141421090,EELS PICKLED FOR BAIT,LB,1,5260201090,UNCL BAIT
1141430220,EELS SMOKED,LB,1,1141430220,EELS SMOKED
1141101222,EELS WHOLE,LB,1,1141201222,EELS WHOLE
1141201222,EELS WHOLE,LB,1,1141201222,EELS WHOLE
2501101160,ESCOLAR FILLET,LB,1,2501201160,ESCOLAR FILLET
9561600000,EXPORTER,XX,,,
9554600000,FISH WASTE PURCHASER,XX,,,
1205101223,FLOUNDERS AMERICAN PLAICE DRESSED,LB,1,1235201223,FLOUNDERS DRESSED
1205201160,FLOUNDERS AMERICAN PLAICE FILLET,LB,1,1235201160,FLOUNDERS FILLET
1205101160,FLOUNDERS AMERICAN PLAICE FILLET,LB,1,1235201160,FLOUNDERS FILLET
1205101222,FLOUNDERS AMERICAN PLAICE WHOLE,LB,1,1235201222,FLOUNDERS WHOLE
1250101223,FLOUNDERS ARROWTOOTH DRESSED,LB,1,1235201223,FLOUNDERS DRESSED
1250201223,FLOUNDERS ARROWTOOTH DRESSED,LB,1,1235201223,FLOUNDERS DRESSED
1250101160,FLOUNDERS ARROWTOOTH FILLET,LB,1,1235201160,FLOUNDERS FILLET
1250201160,FLOUNDERS ARROWTOOTH FILLET,LB,1,1235201160,FLOUNDERS FILLET
1250201021,FLOUNDERS ARROWTOOTH HEADS,LB,1,1235201021,FLOUNDERS HEADS
1250201031,FLOUNDERS ARROWTOOTH SURIMI,LB,1,1235201031,FLOUNDERS SURIMI
1250101222,FLOUNDERS ARROWTOOTH WHOLE,LB,1,1235201222,FLOUNDERS WHOLE
1250201222,FLOUNDERS ARROWTOOTH WHOLE,LB,1,1235201222,FLOUNDERS WHOLE
1265201161,FLOUNDERS DOVER SOLE BLOCKS,LB,1,1235201161,FLOUNDERS BLOCKS
1265201223,FLOUNDERS DOVER SOLE DRESSED,LB,1,1235201223,FLOUNDERS DRESSED
1265101223,FLOUNDERS DOVER SOLE DRESSED,LB,1,1235201223,FLOUNDERS DRESSED
1265201160,FLOUNDERS DOVER SOLE FILLET,LB,1,1235201160,FLOUNDERS FILLET
1265101160,FLOUNDERS DOVER SOLE FILLET,LB,1,1235201160,FLOUNDERS FILLET
1265201222,FLOUNDERS DOVER SOLE WHOLE,LB,1,1235201222,FLOUNDERS WHOLE
1265101222,FLOUNDERS DOVER SOLE WHOLE,LB,1,1235201222,FLOUNDERS WHOLE
1270211160,FLOUNDERS ENGLISH SOLE BRD FILLET,LB,1,1235211160,FLOUNDERS BREADED FILLET
1270101223,FLOUNDERS ENGLISH SOLE DRESSED,LB,1,1235201223,FLOUNDERS DRESSED
1270201223,FLOUNDERS ENGLISH SOLE DRESSED,LB,1,1235201223,FLOUNDERS DRESSED
1270201160,FLOUNDERS ENGLISH SOLE FILLET,LB,1,1235201160,FLOUNDERS FILLET
1270101160,FLOUNDERS ENGLISH SOLE FILLET,LB,1,1235201160,FLOUNDERS FILLET
1272101223,FLOUNDERS FLATHEAD SOLE DRESSED,LB,1,1235201223,FLOUNDERS DRESSED
1272201223,FLOUNDERS FLATHEAD SOLE DRESSED,LB,1,1235201223,FLOUNDERS DRESSED
1272101160,FLOUNDERS FLATHEAD SOLE FILLET,LB,1,1235201160,FLOUNDERS FILLET
1272201160,FLOUNDERS FLATHEAD SOLE FILLET,LB,1,1235201160,FLOUNDERS FILLET
1272201222,FLOUNDERS FLATHEAD SOLE WHOLE,LB,1,1235201222,FLOUNDERS WHOLE
1220101160,FLOUNDERS LEMON SOLE FILLET,LB,1,1235201160,FLOUNDERS FILLET
1220201160,FLOUNDERS LEMON SOLE FILLET,LB,1,1235201160,FLOUNDERS FILLET
1295600000,FLOUNDERS PAC,XX,,,
1295201161,FLOUNDERS PAC BLOCKS,LB,1,1235201161,FLOUNDERS BLOCKS
1295500401,FLOUNDERS PAC BODY OIL,GL,7.75,1235500401,FLOUNDERS OIL
1295201014,FLOUNDERS PAC BONES,LB,1,1235201014,FLOUNDERS BONES
1295211051,FLOUNDERS PAC BREADED STUFFED,LB,1,1235211051,FLOUNDERS BREADED STUFFED
1295201162,FLOUNDERS PAC CHEEKS,LB,1,1235201162,FLOUNDERS CHEEKS
1295201223,FLOUNDERS PAC DRESSED,LB,1,1235201223,FLOUNDERS DRESSED
1295101223,FLOUNDERS PAC DRESSED,LB,1,1235201223,FLOUNDERS DRESSED
1295101160,FLOUNDERS PAC FILLET,LB,1,1235201160,FLOUNDERS FILLET
1295201160,FLOUNDERS PAC FILLET,LB,1,1235201160,FLOUNDERS FILLET
1295101090,FLOUNDERS PAC FOR BAIT,LB,1,1235201090,FLOUNDERS BAIT
1295201090,FLOUNDERS PAC FOR BAIT,LB,1,1235201090,FLOUNDERS BAIT
1295201021,FLOUNDERS PAC HEADS,LB,1,1235201021,FLOUNDERS HEADS
1295500301,FLOUNDERS PAC MEAL,TN,2000,1235500301,FLOUNDERS MEAL
1295201210,FLOUNDERS PAC MINCED,LB,1,1235201210,FLOUNDERS MINCED
1295201018,FLOUNDERS PAC PECTORAL GIRDLES,LB,1,1235201018,FLOUNDERS PECTORAL GIRDLES
1295201048,FLOUNDERS PAC STEAKS,LB,1,1235201048,FLOUNDERS STEAKS
1295101048,FLOUNDERS PAC STEAKS,LB,1,1235201048,FLOUNDERS STEAKS
1295201051,FLOUNDERS PAC STUFFED,LB,1,1235201051,FLOUNDERS STUFFED
1295101051,FLOUNDERS PAC STUFFED,LB,1,1235201051,FLOUNDERS STUFFED
1295201031,FLOUNDERS PAC SURIMI,LB,1,1235201031,FLOUNDERS SURIMI
1295101222,FLOUNDERS PAC WHOLE,LB,1,1235201222,FLOUNDERS WHOLE
1295201222,FLOUNDERS PAC WHOLE,LB,1,1235201222,FLOUNDERS WHOLE
1275201223,FLOUNDERS PETRALE SOLE DRESSED,LB,1,1235201223,FLOUNDERS DRESSED
1275101223,FLOUNDERS PETRALE SOLE DRESSED,LB,1,1235201223,FLOUNDERS DRESSED
1275201160,FLOUNDERS PETRALE SOLE FILLET,LB,1,1235201160,FLOUNDERS FILLET
1275101160,FLOUNDERS PETRALE SOLE FILLET,LB,1,1235201160,FLOUNDERS FILLET
1280201223,FLOUNDERS REX SOLE DRESSED,LB,1,1235201223,FLOUNDERS DRESSED
1280101223,FLOUNDERS REX SOLE DRESSED,LB,1,1235201223,FLOUNDERS DRESSED
1280101160,FLOUNDERS REX SOLE FILLET,LB,1,1235201160,FLOUNDERS FILLET
1280201160,FLOUNDERS REX SOLE FILLET,LB,1,1235201160,FLOUNDERS FILLET
1282201223,FLOUNDERS ROCK SOLE DRESSED,LB,1,1235201223,FLOUNDERS DRESSED
1282101223,FLOUNDERS ROCK SOLE DRESSED,LB,1,1235201223,FLOUNDERS DRESSED
1282201160,FLOUNDERS ROCK SOLE FILLET,LB,1,1235201160,FLOUNDERS FILLET
1282101160,FLOUNDERS ROCK SOLE FILLET,LB,1,1235201160,FLOUNDERS FILLET
1282201040,FLOUNDERS ROCK SOLE ROE,LB,1,1235201040,FLOUNDERS ROE
1282201048,FLOUNDERS ROCK SOLE STEAKS,LB,1,1235201048,FLOUNDERS STEAKS
1282201222,FLOUNDERS ROCK SOLE WHOLE,LB,1,1235201222,FLOUNDERS WHOLE
1282101222,FLOUNDERS ROCK SOLE WHOLE,LB,1,1235201222,FLOUNDERS WHOLE
1285600000,FLOUNDERS SAND SOLE,XX,,,
1285201223,FLOUNDERS SAND SOLE DRESSED,LB,1,1235201223,FLOUNDERS DRESSED
1285101160,FLOUNDERS SAND SOLE FILLET,LB,1,1235201160,FLOUNDERS FILLET
1285201160,FLOUNDERS SAND SOLE FILLET,LB,1,1235201160,FLOUNDERS FILLET
1260101160,FLOUNDERS SANDDAB FILLET,LB,1,1235201160,FLOUNDERS FILLET
1260201160,FLOUNDERS SANDDAB FILLET,LB,1,1235201160,FLOUNDERS FILLET
1289201223,FLOUNDERS STARRY DRESSED,LB,1,1235201223,FLOUNDERS DRESSED
1289101223,FLOUNDERS STARRY DRESSED,LB,1,1235201223,FLOUNDERS DRESSED
1289201160,FLOUNDERS STARRY FILLET,LB,1,1235201160,FLOUNDERS FILLET
1289101160,FLOUNDERS STARRY FILLET,LB,1,1235201160,FLOUNDERS FILLET
1289201031,FLOUNDERS STARRY SURIMI,LB,1,1235201031,FLOUNDERS SURIMI
1211600000,FLOUNDERS SUMMER,XX,,,
1211201223,FLOUNDERS SUMMER DRESSED,LB,1,1235201223,FLOUNDERS DRESSED
1211101223,FLOUNDERS SUMMER DRESSED,LB,1,1235201223,FLOUNDERS DRESSED
1211101160,FLOUNDERS SUMMER FILLET,LB,1,1235201160,FLOUNDERS FILLET
1211201160,FLOUNDERS SUMMER FILLET,LB,1,1235201160,FLOUNDERS FILLET
1211101222,FLOUNDERS SUMMER WHOLE,LB,1,1235201222,FLOUNDERS WHOLE
1235600000,FLOUNDERS UNCL,XX,,,
1235213160,FLOUNDERS UNCL BATTER DIP FILLET,LB,1,1235213160,FLOUNDERS BATTER COATED FILLET
1235201161,FLOUNDERS UNCL BLOCKS,LB,1,1235201161,FLOUNDERS BLOCKS
1235212160,FLOUNDERS UNCL BREADED CKD FILLET,LB,1,1235211160,FLOUNDERS BREADED FILLET
1235211160,FLOUNDERS UNCL BREADED FILLET,LB,1,1235211160,FLOUNDERS BREADED FILLET
1235111160,FLOUNDERS UNCL BREADED FILLET,LB,1,1235211160,FLOUNDERS BREADED FILLET
1235211103,FLOUNDERS UNCL BREADED FORM FILLET,LB,1,1235211103,FLOUNDERS BREADED FORM FILLET
1235211500,FLOUNDERS UNCL BREADED IN SAUCE,LB,1,1235211500,FLOUNDERS BREADED IN SAUCE
1235211048,FLOUNDERS UNCL BREADED STEAKS,LB,1,1235211048,FLOUNDERS BREADED STEAKS
1235211051,FLOUNDERS UNCL BREADED STUFFED,LB,1,1235211051,FLOUNDERS BREADED STUFFED
1235202160,FLOUNDERS UNCL COOKED FILLET,LB,1,1235201160,FLOUNDERS FILLET
1235202500,FLOUNDERS UNCL COOKED IN SAUCE,LB,1,1235202500,FLOUNDERS COOKED IN SAUCE
1235201223,FLOUNDERS UNCL DRESSED,LB,1,1235201223,FLOUNDERS DRESSED
1235101223,FLOUNDERS UNCL DRESSED,LB,1,1235201223,FLOUNDERS DRESSED
1235201160,FLOUNDERS UNCL FILLET,LB,1,1235201160,FLOUNDERS FILLET
1235101160,FLOUNDERS UNCL FILLET,LB,1,1235201160,FLOUNDERS FILLET
1235201500,FLOUNDERS UNCL IN SAUCE,LB,1,1235201500,FLOUNDERS IN SAUCE
1235201051,FLOUNDERS UNCL STUFFED,LB,1,1235201051,FLOUNDERS STUFFED
1235101222,FLOUNDERS UNCL WHOLE,LB,1,1235201222,FLOUNDERS WHOLE
1235201222,FLOUNDERS UNCL WHOLE,LB,1,1235201222,FLOUNDERS WHOLE
1199600000,FLOUNDERS WINTER,XX,,,
1199101223,FLOUNDERS WINTER DRESSED,LB,1,1235201223,FLOUNDERS DRESSED
1199101160,FLOUNDERS WINTER FILLET,LB,1,1235201160,FLOUNDERS FILLET
1199201160,FLOUNDERS WINTER FILLET,LB,1,1235201160,FLOUNDERS FILLET
1199101040,FLOUNDERS WINTER ROE,LB,1,1235201040,FLOUNDERS ROE
1199101222,FLOUNDERS WINTER WHOLE,LB,1,1235201222,FLOUNDERS WHOLE
1215201160,FLOUNDERS WITCH FILLET,LB,1,1235201160,FLOUNDERS FILLET
1215101160,FLOUNDERS WITCH FILLET,LB,1,1235201160,FLOUNDERS FILLET
1215101222,FLOUNDERS WITCH WHOLE,LB,1,1235201222,FLOUNDERS WHOLE
1287101223,FLOUNDERS YELLOWFIN SOLE DRESSED,LB,1,1235201223,FLOUNDERS DRESSED
1287201223,FLOUNDERS YELLOWFIN SOLE DRESSED,LB,1,1235201223,FLOUNDERS DRESSED
1287101160,FLOUNDERS YELLOWFIN SOLE FILLET,LB,1,1235201160,FLOUNDERS FILLET
1287201160,FLOUNDERS YELLOWFIN SOLE FILLET,LB,1,1235201160,FLOUNDERS FILLET
1287201090,FLOUNDERS YELLOWFIN SOLE FOR BAIT,LB,1,1235201090,FLOUNDERS BAIT
1287201048,FLOUNDERS YELLOWFIN SOLE STEAKS,LB,1,1235201048,FLOUNDERS STEAKS
1287201031,FLOUNDERS YELLOWFIN SOLE SURIMI,LB,1,1235201031,FLOUNDERS SURIMI
1287201222,FLOUNDERS YELLOWFIN SOLE WHOLE,LB,1,1235201222,FLOUNDERS WHOLE
1230600000,FLOUNDERS YELLOWTAIL,XX,,,
1230101160,FLOUNDERS YELLOWTAIL FILLET,LB,1,1235201160,FLOUNDERS FILLET
1230201160,FLOUNDERS YELLOWTAIL FILLET,LB,1,1235201160,FLOUNDERS FILLET
1230101040,FLOUNDERS YELLOWTAIL ROE,LB,1,1235201040,FLOUNDERS ROE
1230101222,FLOUNDERS YELLOWTAIL WHOLE,LB,1,1235201222,FLOUNDERS WHOLE
1310101223,FLYINGFISH DRESSED,LB,1,1310201223,FLYINGFISH DRESSED
1310201040,FLYINGFISH ROE,LB,1,1310201040,FLYINGFISH ROE
8140201033,FROG LEGS,LB,1,8140201033,FROG LEGS
8140111033,FROG LEGS BREADED,LB,1,8140211033,FROG LEGS BREADED
8140211033,FROG LEGS BREADED,LB,1,8140211033,FROG LEGS BREADED
8140500650,FROGS FOR SCIENTIFIC SPECIMENS,LB,1,7810500650,SCIENTIFIC SPECIMENS
8140600000,FROGS UNCL,XX,,,
9030500028,FUR SEALS HIDES,NO,0,9030500028,FUR SEALS HIDES
1330600000,GARFISH,XX,,,
1330101223,GARFISH DRESSED,LB,1,1330201223,GARFISH DRESSED
1330201223,GARFISH DRESSED,LB,1,1330201223,GARFISH DRESSED
1330101160,GARFISH FILLET,LB,1,1330201160,GARFISH FILLET
1330201048,GARFISH STEAKS,LB,1,1330201048,GARFISH STEAKS
1330101222,GARFISH WHOLE,LB,1,1330201222,GARFISH WHOLE
1340201090,GIZZARD SHAD FOR BAIT,LB,1,3474201090,SHAD BAIT
1380101160,GRENADIER FILLET,LB,1,1380201160,GRENADIER FILLET
1380201160,GRENADIER FILLET,LB,1,1380201160,GRENADIER FILLET
1400600000,GROUNDFISH,XX,,,
1400101223,GROUNDFISH DRESSED,LB,1,5260201223,UNCL FISH DRESSED
1400201160,GROUNDFISH FILLET,LB,1,5260201160,UNCL FISH FILLET
1400101160,GROUNDFISH FILLET,LB,1,5260201160,UNCL FISH FILLET
1400101222,GROUNDFISH WHOLE,LB,1,5260201222,UNCL FISH WHOLE
1410600000,GROUPERS,XX,,,
1410211160,GROUPERS BREADED FILLET,LB,1,1410211160,GROUPERS BREADED FILLET
1410101223,GROUPERS DRESSED,LB,1,1410201223,GROUPERS DRESSED
1410201223,GROUPERS DRESSED,LB,1,1410201223,GROUPERS DRESSED
1410201160,GROUPERS FILLET,LB,1,1410201160,GROUPERS FILLET
1410101160,GROUPERS FILLET,LB,1,1410201160,GROUPERS FILLET
1410101222,GROUPERS WHOLE,LB,1,1410201222,GROUPERS WHOLE
1440101160,GRUNTS FILLET,LB,1,1440201160,GRUNTS FILLET
1440201160,GRUNTS FILLET,LB,1,1440201160,GRUNTS FILLET
1480600000,HADDOCK,XX,,,
1480213160,HADDOCK BATTER COATED FILLET,LB,1,1480213160,HADDOCK BATTER COATED FILLET
1480201161,HADDOCK BLOCKS,LB,1,1480201161,HADDOCK BLOCKS
1480212160,HADDOCK BREADED COOKED FILLET,LB,1,1480211160,HADDOCK BREADED FILLET
1480112160,HADDOCK BREADED COOKED FILLET,LB,1,1480211160,HADDOCK BREADED FILLET
1480212039,HADDOCK BREADED COOKED PORTIONS,LB,1,1480211039,HADDOCK BREADED PORTIONS
1480212049,HADDOCK BREADED COOKED STICKS,LB,1,1480211049,HADDOCK BREADED STICKS
1480211160,HADDOCK BREADED FILLET,LB,1,1480211160,HADDOCK BREADED FILLET
1480111160,HADDOCK BREADED FILLET,LB,1,1480211160,HADDOCK BREADED FILLET
1480211103,HADDOCK BREADED FORMED FILLET,LB,1,1480211103,HADDOCK BREADED FORMED FILLET
1480211039,HADDOCK BREADED PORTIONS,LB,1,1480211039,HADDOCK BREADED PORTIONS
1480211051,HADDOCK BREADED STUFFED,LB,1,1480211051,HADDOCK BREADED STUFFED
1480202500,HADDOCK COOKED IN SAUCE,LB,1,1480202500,HADDOCK COOKED IN SAUCE
1480202051,HADDOCK COOKED STUFFED,LB,1,1480202051,HADDOCK COOKED STUFFED
1480101223,HADDOCK DRESSED,LB,1,1480201223,HADDOCK DRESSED
1480201223,HADDOCK DRESSED,LB,1,1480201223,HADDOCK DRESSED
1480101160,HADDOCK FILLET,LB,1,1480201160,HADDOCK FILLET
1480201160,HADDOCK FILLET,LB,1,1480201160,HADDOCK FILLET
1480300500,HADDOCK IN SAUCE,CS,,5260300500,OTHER FISH SPECIALTIES (CAN)
1480201500,HADDOCK IN SAUCE,LB,1,1480201500,HADDOCK IN SAUCE
1480430220,HADDOCK SMOKED,LB,1,1480430220,HADDOCK SMOKED
1542600000,HAKE PACIFIC,XX,,,
1542201161,HAKE PACIFIC BLOCKS,LB,1,1520201161,HAKE BLOCKS
1542500401,HAKE PACIFIC BODY OIL,GL,7.75,1520500401,HAKE OIL
1542201223,HAKE PACIFIC DRESSED,LB,1,1520201223,HAKE DRESSED
1542101223,HAKE PACIFIC DRESSED,LB,1,1520201223,HAKE DRESSED
1542201160,HAKE PACIFIC FILLET,LB,1,1520201160,HAKE FILLET
1542101160,HAKE PACIFIC FILLET,LB,1,1520201160,HAKE FILLET
1542201090,HAKE PACIFIC FOR BAIT,LB,1,1520201090,HAKE FOR BAIT
1542500301,HAKE PACIFIC MEAL,TN,2000,1520500301,HAKE MEAL
1542201210,HAKE PACIFIC MINCED,LB,1,1520201210,HAKE MINCED
1542201031,HAKE PACIFIC SURIMI,LB,1,1520201031,HAKE SURIMI
1542202042,HAKE PACIFIC SURIMI ANALOG,LB,1,1520202042,HAKE SURIMI ANALOG
1520600000,HAKE RED,XX,,,
1520101223,HAKE RED DRESSED,LB,1,1520201223,HAKE DRESSED
1520101160,HAKE RED FILLET,LB,1,1520201160,HAKE FILLET
1520430220,HAKE RED SMOKED,LB,1,1520430220,HAKE SMOKED
1520101222,HAKE RED WHOLE,LB,1,1520201222,HAKE WHOLE
5090600000,HAKE SILVER,XX,,,
5090213039,HAKE SILVER BATTER DIP PORTIONS,LB,1,5090213039,HAKE SILVER BATTER DIP PORTIONS
5090201161,HAKE SILVER BLOCKS,LB,1,1520201161,HAKE BLOCKS
5090212039,HAKE SILVER BREADED CKD PORTIONS,LB,1,5090211039,HAKE SILVER BREADED PORTIONS
5090212049,HAKE SILVER BREADED COOKED STICKS,LB,1,5090211049,HAKE SILVER BREADED STICKS
5090300110,HAKE SILVER CHOWDERS,CS,,5260300500,OTHER FISH SPECIALTIES (CAN)
5090101223,HAKE SILVER DRESSED,LB,1,1520201223,HAKE DRESSED
5090201223,HAKE SILVER DRESSED,LB,1,1520201223,HAKE DRESSED
5090101160,HAKE SILVER FILLET,LB,1,1520201160,HAKE FILLET
5090201160,HAKE SILVER FILLET,LB,1,1520201160,HAKE FILLET
5090201225,HAKE SILVER HEADED & DRESSED,LB,1,1520201223,HAKE DRESSED
5090101225,HAKE SILVER HEADED & DRESSED,LB,1,1520201223,HAKE DRESSED
5090430220,HAKE SILVER SMOKED,LB,1,1520430220,HAKE SMOKED
5090101222,HAKE SILVER WHOLE,LB,1,1520201222,HAKE WHOLE
5090201222,HAKE SILVER WHOLE,LB,1,1520201222,HAKE WHOLE
1540101223,HAKE WHITE DRESSED,LB,1,1520201223,HAKE DRESSED
1540201223,HAKE WHITE DRESSED,LB,1,1520201223,HAKE DRESSED
1540201160,HAKE WHITE FILLET,LB,1,1520201160,HAKE FILLET
1540101160,HAKE WHITE FILLET,LB,1,1520201160,HAKE FILLET
1540420220,HAKE WHITE SALTED,LB,1,1520420220,HAKE SALTED
1540430220,HAKE WHITE SMOKED,LB,1,1520430220,HAKE SMOKED
1540201222,HAKE WHITE WHOLE,LB,1,1520201222,HAKE WHOLE
1540101222,HAKE WHITE WHOLE,LB,1,1520201222,HAKE WHOLE
1590300220,HALIBUT,CS,,5260300500,OTHER FISH SPECIALTIES (CAN)
1590600000,HALIBUT,XX,,,
1590213160,HALIBUT BATTER COATED FILLET,LB,1,1590213160,HALIBUT BATTER COATED FILLET
1590213039,HALIBUT BATTER COATED PORTIONS,LB,1,1590213039,HALIBUT BATTER COATED PORTIONS
1590212039,HALIBUT BREADED COOKED PORTIONS,LB,1,1590211039,HALIBUT BREADED PORTIONS
1590211160,HALIBUT BREADED FILLET,LB,1,1590211160,HALIBUT BREADED FILLET
1590201162,HALIBUT CHEEKS,LB,1,1590201160,HALIBUT FILLET
1590101162,HALIBUT CHEEKS,LB,1,1590201160,HALIBUT FILLET
1590202500,HALIBUT COOKED IN SAUCE,LB,1,1590202500,HALIBUT COOKED IN SAUCE
1590101223,HALIBUT DRESSED,LB,1,1590201223,HALIBUT DRESSED
1590201223,HALIBUT DRESSED,LB,1,1590201223,HALIBUT DRESSED
1590101160,HALIBUT FILLET,LB,1,1590201160,HALIBUT FILLET
1590201160,HALIBUT FILLET,LB,1,1590201160,HALIBUT FILLET
1590201163,HALIBUT FLETCHES,LB,1,1590201160,HALIBUT FILLET
1590300613,HALIBUT FOR PET FOOD,CS,,5260300613,PET FOOD (CAN)
1590431220,HALIBUT KIPPERED,LB,1,1590430220,HALIBUT SMOKED OR KIPPERED
1590500301,HALIBUT MEAL,TN,2000,5260500301,UNCL FISH MEAL
1590201018,HALIBUT PECTORAL GIRDLES,LB,1,1590201018,HALIBUT PECTORAL GIRDLES
1590101018,HALIBUT PECTORAL GIRDLES,LB,1,1590201018,HALIBUT PECTORAL GIRDLES
1590201040,HALIBUT ROE,LB,1,1590201040,HALIBUT ROE
1590101040,HALIBUT ROE,LB,1,1590201040,HALIBUT ROE
1590420220,HALIBUT SALTED,LB,1,1590420220,HALIBUT SALTED
1590430220,HALIBUT SMOKED,LB,1,1590430220,HALIBUT SMOKED OR KIPPERED
1590330220,HALIBUT SMOKED,CS,,5260300500,OTHER FISH SPECIALTIES (CAN)
1590101048,HALIBUT STEAKS,LB,1,1590201048,HALIBUT STEAKS
1590201048,HALIBUT STEAKS,LB,1,1590201048,HALIBUT STEAKS
1590101051,HALIBUT STUFFED,LB,1,1590201051,HALIBUT STUFFED
1590201051,HALIBUT STUFFED,LB,1,1590201051,HALIBUT STUFFED
1590201222,HALIBUT WHOLE,LB,1,1590201222,HALIBUT WHOLE
1590101222,HALIBUT WHOLE,LB,1,1590201222,HALIBUT WHOLE
1681101223,HERRING LAKE DRESSED,LB,1,1681201223,HERRING LAKE DRESSED
1681201160,HERRING LAKE FILLET,LB,1,1681201160,HERRING LAKE FILLET
1681101160,HERRING LAKE FILLET,LB,1,1681201160,HERRING LAKE FILLET
1681420220,HERRING LAKE SALTED,LB,1,1681420220,HERRING LAKE SALTED
1681420040,HERRING LAKE SALTED ROE,LB,1,1681420040,HERRING LAKE SALTED ROE
1681430220,HERRING LAKE SMOKED,LB,1,1681430220,HERRING LAKE SMOKED
1685201220,HERRING SEA,LB,1,1685201220,HERRING SEA
1685600000,HERRING SEA,XX,,,
1685300220,HERRING SEA,CS,,1685300220,HERRING SEA (CAN)
1685500401,HERRING SEA BODY OIL,GL,7.75,1685500401,HERRING OIL
1685300017,HERRING SEA DIPS AND SPREADS,CS,,5260300500,OTHER FISH SPECIALTIES (CAN)
1685201223,HERRING SEA DRESSED,LB,1,1685201223,HERRING SEA DRESSED
1685201160,HERRING SEA FILLET,LB,1,1685201160,HERRING SEA FILLET
1685101160,HERRING SEA FILLET,LB,1,1685201160,HERRING SEA FILLET
1685201635,HERRING SEA FOR ANIMAL FEEDS,LB,1,5260500635,ANIMAL FEEDS
1685101090,HERRING SEA FOR BAIT,LB,1,1685201090,HERRING SEA BAIT
1685300090,HERRING SEA FOR BAIT,CS,,1685300090,HERRING SEA BAIT
1685201090,HERRING SEA FOR BAIT,LB,1,1685201090,HERRING SEA BAIT
1685331220,HERRING SEA KIPPERED,CS,,1685300220,HERRING SEA (CANNED)
1685431220,HERRING SEA KIPPERED,LB,1,1685430220,HERRING SEA SMOKED OR KIPPERED
1685500301,HERRING SEA MEAL,TN,2000,1685500301,HERRING MEAL
1685500062,HERRING SEA PEARL ESSENCE,LB,1,1685500062,HERRING SEA PEARL ESSENCE
1685421220,HERRING SEA PICKLED,LB,1,1685420220,HERRING SEA SALTED OR PICKLED
1685421090,HERRING SEA PICKLED FOR BAIT,LB,1,1685421090,HERRING SEA PICKLED BAIT
1685201040,HERRING SEA ROE,LB,1,1685201040,HERRING SEA ROE
1685300040,HERRING SEA ROE,CS,,5260300010,ROE AND CAVIAR (CAN)
1685101040,HERRING SEA ROE,LB,1,1685201040,HERRING SEA ROE
1685101151,HERRING SEA ROE ON KELP,LB,1,1685201151,HERRING SEA ROE ON KELP
1685201151,HERRING SEA ROE ON KELP,LB,1,1685201151,HERRING SEA ROE ON KELP
1685420220,HERRING SEA SALTED,LB,1,1685420220,HERRING SEA SALTED OR PICKLED
1685420090,HERRING SEA SALTED FOR BAIT,LB,1,1685420090,HERRING SEA SALTED BAIT
1685420500,HERRING SEA SALTED IN SAUCE,LB,1,1685420220,HERRING SEA SALTED OR PICKLED
1685420040,HERRING SEA SALTED ROE,LB,1,1685420040,HERRING SEA SALTED ROE
1685420151,HERRING SEA SALTED ROE ON KELP,LB,1,1685420151,HERRING SEA SALTED ROE ON KELP
1685430220,HERRING SEA SMOKED,LB,1,1685430220,HERRING SEA SMOKED OR KIPPERED
1685101222,HERRING SEA WHOLE,LB,1,1685201222,HERRING SEA WHOLE
1685201222,HERRING SEA WHOLE,LB,1,1685201222,HERRING SEA WHOLE
1687500401,HERRING THREAD BODY OIL,GL,7.75,1685500401,HERRING OIL
1687500635,HERRING THREAD FOR ANIMAL FEEDS,LB,1,5260500635,ANIMAL FEEDS
1687201090,HERRING THREAD FOR BAIT,LB,1,1687201090,HERRING THREAD BAIT
1687500301,HERRING THREAD MEAL,TN,2000,1685500301,HERRING MEAL
1390213039,HOKI BATTER DIP PORTIONS,LB,1,1390213039,HOKI BATTER DIP PORTIONS
1390201161,HOKI BLOCKS,LB,1,1390201161,HOKI BLOCKS
1390212039,HOKI BREADED COOKED PORTIONS,LB,1,1390212039,HOKI BREADED COOKED PORTIONS
1390202051,HOKI COOKED STUFFED,LB,1,1390202051,HOKI COOKED STUFFED
1390201039,HOKI PORTIONS,LB,1,1390201039,HOKI PORTIONS
7240101090,HORSESHOE CRAB FOR BAIT,LB,1,7240201090,HORSESHOE CRAB BAIT
9552600000,IMPORTER,XX,,,
8171500086,IRISH MOSS DRIED,LB,1,8171500086,IRISH MOSS DRIED
8171500172,IRISH MOSS EXTRACTS,LB,1,8171500172,IRISH MOSS EXTRACTS
1820300220,JACK MACKEREL,CS,,2150300220,MACKEREL (CAN)
1820500401,JACK MACKEREL BODY OIL,GL,7.75,5260500401,UNCLASSIFIED BODY OIL
1820101223,JACK MACKEREL DRESSED,LB,1,2150201223,MACKEREL CHUB & JACK DRESSED
1820201223,JACK MACKEREL DRESSED,LB,1,2150201223,MACKEREL CHUB & JACK DRESSED
1820101160,JACK MACKEREL FILLET,LB,1,2150201160,MACKEREL CHUB & JACK FILLET
1820201090,JACK MACKEREL FOR BAIT,LB,1,2150201090,MACKEREL CHUB & JACK BAIT
1820300613,JACK MACKEREL FOR PET FOOD,CS,,5260300613,PET FOOD (CAN)
1820500301,JACK MACKEREL MEAL,TN,2000,4656500301,TUNA & MACKEREL MEAL
1820421220,JACK MACKEREL PICKLED,LB,1,2150420220,MACKEREL SALT OR PICKLED
1820420220,JACK MACKEREL SALTED,LB,1,2150420220,MACKEREL SALT OR PICKLED
1820430220,JACK MACKEREL SMOKED,LB,1,2150430220,MACKEREL SMOKED
1820201222,JACK MACKEREL WHOLE,LB,1,2150201222,MACKEREL CHUB & JACK WHOLE
1820101222,JACK MACKEREL WHOLE,LB,1,2150201222,MACKEREL CHUB & JACK WHOLE
8145440215,JELLYFISH DRIED,LB,1,8145420215,JELLYFISH DRIED
8172500086,KELP DRIED,LB,1,8172500086,KELP DRIED
8172500170,KELP INDUSTRIAL PRODUCTS,LB,1,8172500170,KELP INDUSTRIAL PRODUCTS
1970101223,KING WHITING DRESSED,LB,1,1970201223,KING WHITING DRESSED
1970101160,KING WHITING FILLET,LB,1,1970201160,KING WHITING FILLET
1970201160,KING WHITING FILLET,LB,1,1970201160,KING WHITING FILLET
1970430220,KING WHITING SMOKED,LB,1,1970430220,KING WHITING SMOKED
1970101048,KING WHITING STEAKS,LB,1,1970201048,KING WHITING STEAKS
1970201048,KING WHITING STEAKS,LB,1,1970201048,KING WHITING STEAKS
1970101222,KING WHITING WHOLE,LB,1,1970201222,KING WHITING WHOLE
1180201223,KINGCLIP DRESSED,LB,1,1180201223,KINGCLIP DRESSED
1180201160,KINGCLIP FILLET,LB,1,1180201160,KINGCLIP FILLET
2060101090,LAUNCE FOR BAIT,LB,1,2060201090,LAUNCE BAIT
2090101223,LINGCOD DRESSED,LB,1,2090201223,LINGCOD DRESSED
2090201223,LINGCOD DRESSED,LB,1,2090201223,LINGCOD DRESSED
2090101160,LINGCOD FILLET,LB,1,2090201160,LINGCOD FILLET
2090201160,LINGCOD FILLET,LB,1,2090201160,LINGCOD FILLET
2090430220,LINGCOD SMOKED,LB,1,2090430220,LINGCOD SMOKED
2090201222,LINGCOD WHOLE,LB,1,2090201222,LINGCOD WHOLE
2090101222,LINGCOD WHOLE,LB,1,2090201222,LINGCOD WHOLE
7270000000,LOBSTER AMERICAN,XX,,,
7270300231,LOBSTER AMERICAN BISQUES,CS,,7300300500,LOBSTER MEAT & SPECIALTIES (CAN)
7270211200,LOBSTER AMERICAN BREADED MEAT,LB,1,7270211200,LOBSTER AMERICAN BREADED MEAT
7270201101,LOBSTER AMERICAN CAKE/PATTY,LB,1,7270201101,LOBSTER AMERICAN CAKE & PATTIES
7270300111,LOBSTER AMERICAN CHOWDER BASE,CS,,7300300500,LOBSTER MEAT & SPECIALTIES (CAN)
7270202200,LOBSTER AMERICAN COOKED MEAT,LB,1,7270202200,LOBSTER AMERICAN COOKED MEAT
7270102200,LOBSTER AMERICAN COOKED MEAT,LB,1,7270202200,LOBSTER AMERICAN COOKED MEAT
7270202082,LOBSTER AMERICAN COOKED MIXES,LB,1,7270202082,LOBSTER AMERICAN COOKED MIXES
7270202215,LOBSTER AMERICAN COOKED WHOLE,LB,1,7270202215,LOBSTER AMERICAN COOKED WHOLE
7270102215,LOBSTER AMERICAN COOKED WHOLE,LB,1,7270202215,LOBSTER AMERICAN COOKED WHOLE
7270300016,LOBSTER AMERICAN DEVILED,CS,,7300300500,LOBSTER MEAT & SPECIALTIES (CAN)
7270300017,LOBSTER AMERICAN DIPS AND SPREADS,CS,,7300300500,LOBSTER MEAT & SPECIALTIES (CAN)
7270300500,LOBSTER AMERICAN IN SAUCE,CS,,7300300500,LOBSTER MEAT & SPECIALTIES (CAN)
7270300200,LOBSTER AMERICAN MEAT,CS,,7300300500,LOBSTER MEAT & SPECIALTIES (CAN)
7270201041,LOBSTER AMERICAN ROLLS,LB,1,7270201041,LOBSTER AMERICAN ROLLS
7270300074,LOBSTER AMERICAN SALAD MIXES,CS,,7300300500,LOBSTER MEAT & SPECIALTIES (CAN)
7270201053,LOBSTER AMERICAN TAILS,LB,1,7270201053,LOBSTER AMERICAN TAILS
7280111200,LOBSTER SLIPPER BREADED MEAT,LB,1,7280211200,LOBSTER SLIPPER BREADED MEAT
7280211200,LOBSTER SLIPPER BREADED MEAT,LB,1,7280211200,LOBSTER SLIPPER BREADED MEAT
7280202200,LOBSTER SLIPPER COOKED MEAT,LB,1,7280202200,LOBSTER SLIPPER COOKED MEAT
7280201200,LOBSTER SLIPPER MEAT,LB,1,7280201200,LOBSTER SLIPPER MEAT
7300600000,LOBSTER SPINY,XX,,,
7300000000,LOBSTER SPINY,XX,,,
7300212051,LOBSTER SPINY BREADED CKD STUFFED,LB,1,7300212051,LOBSTER SPINY BREADED CKD STUFFED
7300212200,LOBSTER SPINY BREADED COOKED MEAT,LB,1,7300212200,LOBSTER SPINY BREADED COOKED MEAT
7300202120,LOBSTER SPINY COOKED DINNERS,LB,1,7300202120,LOBSTER SPINY COOKED DINNERS
7300202200,LOBSTER SPINY COOKED MEAT,LB,1,7300202200,LOBSTER SPINY COOKED MEAT
7300102200,LOBSTER SPINY COOKED MEAT,LB,1,7300202200,LOBSTER SPINY COOKED MEAT
7300102053,LOBSTER SPINY COOKED TAILS,LB,1,7300201053,LOBSTER SPINY TAILS
7300202053,LOBSTER SPINY COOKED TAILS,LB,1,7300201053,LOBSTER SPINY TAILS
7300102215,LOBSTER SPINY COOKED WHOLE,LB,1,7300202215,LOBSTER SPINY COOKED WHOLE
7300202215,LOBSTER SPINY COOKED WHOLE,LB,1,7300202215,LOBSTER SPINY COOKED WHOLE
7300300500,LOBSTER SPINY IN SAUCE,CS,,7300300500,LOBSTER MEAT & SPECIALTIES (CAN)
7300101053,LOBSTER SPINY TAILS,LB,1,7300201053,LOBSTER SPINY TAILS
7300201053,LOBSTER SPINY TAILS,LB,1,7300201053,LOBSTER SPINY TAILS
7300201215,LOBSTER SPINY WHOLE,LB,1,7300201215,LOBSTER SPINY WHOLE
7300101215,LOBSTER SPINY WHOLE,LB,1,7300201215,LOBSTER SPINY WHOLE
2100300010,LUMPFISH CAVIAR,CS,,5260300010,ROE AND CAVIAR (CAN)
2120201635,MACKEREL ATLANIC FOR ANIMAL FEEDS,LB,1,5260500635,ANIMAL FEEDS
2120300220,MACKEREL ATLANTIC,CS,,2150300220,MACKEREL (CAN)
2120600000,MACKEREL ATLANTIC,XX,,,
2120101223,MACKEREL ATLANTIC DRESSED,LB,1,2120201223,MACKEREL ATLANTIC DRESSED
2120201223,MACKEREL ATLANTIC DRESSED,LB,1,2120201223,MACKEREL ATLANTIC DRESSED
2120101160,MACKEREL ATLANTIC FILLET,LB,1,2120201160,MACKEREL ATLANTIC FILLETS
2120201090,MACKEREL ATLANTIC FOR BAIT,LB,1,2120201090,MACKEREL ATLANTIC BAIT
2120420220,MACKEREL ATLANTIC SALTED,LB,1,2150420220,MACKEREL SALT OR PICKLED
2120430220,MACKEREL ATLANTIC SMOKED,LB,1,2150430220,MACKEREL SMOKED
2120330220,MACKEREL ATLANTIC SMOKED,CS,,2150300220,MACKEREL (CAN)
2120101048,MACKEREL ATLANTIC STEAKS,LB,1,2120201048,MACKEREL ATLANTIC STEAKS
2120101222,MACKEREL ATLANTIC WHOLE,LB,1,2120201222,MACKEREL ATLANTIC WHOLE
2120201222,MACKEREL ATLANTIC WHOLE,LB,1,2120201222,MACKEREL ATLANTIC WHOLE
2150600000,MACKEREL CHUB,XX,,,
2150300220,MACKEREL CHUB,CS,,2150300220,MACKEREL (CAN)
2150101223,MACKEREL CHUB DRESSED,LB,1,2150201223,MACKEREL CHUB & JACK DRESSED
2150201223,MACKEREL CHUB DRESSED,LB,1,2150201223,MACKEREL CHUB & JACK DRESSED
2150440220,MACKEREL CHUB DRIED,LB,1,2150440220,MACKEREL DRIED
2150101160,MACKEREL CHUB FILLET,LB,1,2150201160,MACKEREL CHUB & JACK FILLET
2150201090,MACKEREL CHUB FOR BAIT,LB,1,2150201090,MACKEREL CHUB & JACK BAIT
2150431220,MACKEREL CHUB KIPPERED,LB,1,2150430220,MACKEREL SMOKED
2150421090,MACKEREL CHUB PICKLED FOR BAIT,LB,1,2150201090,MACKEREL CHUB & JACK BAIT
2150420220,MACKEREL CHUB SALTED,LB,1,2150420220,MACKEREL SALT OR PICKLED
2150430220,MACKEREL CHUB SMOKED,LB,1,2150430220,MACKEREL SMOKED
2150201222,MACKEREL CHUB WHOLE,LB,1,2150201222,MACKEREL CHUB & JACK WHOLE
1940600000,MACKEREL KING,XX,,,
1940101223,MACKEREL KING DRESSED,LB,1,1940201223,MACKEREL KING DRESSED
1940201223,MACKEREL KING DRESSED,LB,1,1940201223,MACKEREL KING DRESSED
1940101160,MACKEREL KING FILLET,LB,1,1940201160,MACKEREL KING FILLET
1940201160,MACKEREL KING FILLET,LB,1,1940201160,MACKEREL KING FILLET
1940430220,MACKEREL KING SMOKED,LB,1,2150430220,MACKEREL SMOKED
1940201048,MACKEREL KING STEAKS,LB,1,1940201048,MACKEREL KING STEAKS
1940101048,MACKEREL KING STEAKS,LB,1,1940201048,MACKEREL KING STEAKS
1940101222,MACKEREL KING WHOLE,LB,1,1940201222,MACKEREL KING WHOLE
3840600000,MACKEREL SPANISH,XX,,,
3840201223,MACKEREL SPANISH DRESSED,LB,1,3840201223,MACKEREL SPANISH DRESSED
3840101223,MACKEREL SPANISH DRESSED,LB,1,3840201223,MACKEREL SPANISH DRESSED
3840201160,MACKEREL SPANISH FILLET,LB,1,3840201160,MACKEREL SPANISH FILLET
3840101160,MACKEREL SPANISH FILLET,LB,1,3840201160,MACKEREL SPANISH FILLET
3840101090,MACKEREL SPANISH FOR BAIT,LB,1,3840201090,MACKEREL SPANISH BAIT
3840420220,MACKEREL SPANISH SALTED,LB,1,2150420220,MACKEREL SALT OR PICKLED
3840430220,MACKEREL SPANISH SMOKED,LB,1,2150430220,MACKEREL SMOKED
3840201222,MACKEREL SPANISH WHOLE,LB,1,3840201222,MACKEREL SPANISH WHOLE
3840101222,MACKEREL SPANISH WHOLE,LB,1,3840201222,MACKEREL SPANISH WHOLE
2180600000,MARLIN,XX,,,
2180101223,MARLIN DRESSED,LB,1,2180201223,MARLIN DRESSED
2180101160,MARLIN FILLET,LB,1,2180201160,MARLIN FILLET
2180430220,MARLIN SMOKED,LB,1,2180430220,MARLIN SMOKED
2180201048,MARLIN STEAKS,LB,1,2180201048,MARLIN STEAKS
2180101048,MARLIN STEAKS,LB,1,2180201048,MARLIN STEAKS
2210600000,MENHADEN,XX,,,
2210500401,MENHADEN BODY OIL,GL,7.75,2210500401,MENHADEN OIL
2210201635,MENHADEN FOR ANIMAL FEEDS,LB,1,5260500635,ANIMAL FEEDS
2210101090,MENHADEN FOR BAIT,LB,1,2210201090,MENHADEN BAIT
2210201090,MENHADEN FOR BAIT,LB,1,2210201090,MENHADEN BAIT
2210500301,MENHADEN MEAL,TN,2000,2210500301,MENHADEN MEAL
2210420090,MENHADEN SALTED FOR BAIT,LB,1,2210420090,MENHADEN SALTED BAIT
2210500046,MENHADEN SOLUBLES,GL,10,5260500046,UNCL SOLUBLES
2210201222,MENHADEN WHOLE,LB,1,2210201222,MENHADEN WHOLE
2210101222,MENHADEN WHOLE,LB,1,2210201222,MENHADEN WHOLE
2240201222,MILKFISH WHOLE,LB,1,2240201222,MILKFISH WHOLE
2280430220,MOONEYE SMOKED,LB,1,2280430220,MOONEYE SMOKED
2347600000,MULLET,XX,,,
2347000000,MULLET,XX,,,
2347101280,MULLET CHUNKS,LB,1,2347201280,MULLET CHUNKS
2347201280,MULLET CHUNKS,LB,1,2347201280,MULLET CHUNKS
2347101223,MULLET DRESSED,LB,1,2347201223,MULLET DRESSED
2347201223,MULLET DRESSED,LB,1,2347201223,MULLET DRESSED
2347201160,MULLET FILLET,LB,1,2347201160,MULLET FILLET
2347101160,MULLET FILLET,LB,1,2347201160,MULLET FILLET
2347201090,MULLET FOR BAIT,LB,1,2347201090,MULLET BAIT
2347101090,MULLET FOR BAIT,LB,1,2347201090,MULLET BAIT
2347201103,MULLET FORMED FILLET,LB,1,2347201103,MULLET FORMED FILLET
2347201092,MULLET GIZZARDS,LB,1,2347201092,MULLET GIZZARDS
2347101092,MULLET GIZZARDS,LB,1,2347201092,MULLET GIZZARDS
2347101040,MULLET ROE,LB,1,2347201040,MULLET ROE
2347201040,MULLET ROE,LB,1,2347201040,MULLET ROE
2347420220,MULLET SALTED,LB,1,2347420220,MULLET SALTED
2347420040,MULLET SALTED ROE,LB,1,2347420040,MULLET SALTED ROE
2347430220,MULLET SMOKED,LB,1,2347430220,MULLET SMOKED
2347201222,MULLET WHOLE,LB,1,2347201222,MULLET WHOLE
2347101222,MULLET WHOLE,LB,1,2347201222,MULLET WHOLE
7810500650,MUSSELS FOR SCIENTIFIC SPECIMENS,LB,1,7810500650,SCIENTIFIC SPECIMENS
7810600000,MUSSELS SEA,XX,,,
7810500261,MUSSELS SEA BUTTONS,GR,0,7810500261,MUSSELS SEA BUTTONS
7810202200,MUSSELS SEA COOKED MEAT,LB,1,7810202200,MUSSELS SEA COOKED MEAT
7810102200,MUSSELS SEA COOKED MEAT,LB,1,7810202200,MUSSELS SEA COOKED MEAT
7810102074,MUSSELS SEA COOKED SALAD MIXES,LB,1,7810202074,MUSSELS SALAD MIXES
7810202215,MUSSELS SEA COOKED WHOLE,LB,1,7810202215,MUSSELS SEA COOKED WHOLE
7810440215,MUSSELS SEA DRIED,LB,1,7810440215,MUSSELS DRIED
7810201090,MUSSELS SEA FOR BAIT,LB,1,7810201090,MUSSELS SEA BAIT
7810201500,MUSSELS SEA IN SAUCE,LB,1,7810201500,MUSSELS SEA IN SAUCE
7810101133,MUSSELS SEA IN SHELL,LB,1,7810201133,MUSSELS SEA IN SHELL
7810101134,MUSSELS SEA ON HALF SHELL,DZ,,7810201134,MUSSELS SEA ON HALF SHELL
7810201134,MUSSELS SEA ON HALF SHELL,DZ,,7810201134,MUSSELS SEA ON HALF SHELL
7810201204,MUSSELS SEA SHUCKED MEAT,GL,8.75,7810201204,MUSSELS SEA SHUCKED MEAT
7810101204,MUSSELS SEA SHUCKED MEAT,GL,8.75,7810201204,MUSSELS SEA SHUCKED MEAT
7810330215,MUSSELS SEA SMOKED,CS,,7810300215,MUSSELS (CAN)
7810430215,MUSSELS SEA SMOKED WHOLE,LB,1,7810430215,MUSSELS SMOKED
7810300215,MUSSELS SEA WHOLE,CS,,7810300215,MUSSELS (CAN)
7810201215,MUSSELS SEA WHOLE,LB,1,7810201215,MUSSELS SEA WHOLE
3900201160,NILE PERCH FILLET,LB,1,3900201160,NILE PERCH FILLET
2400213160,OCEAN PERCH ATL BATTER DIP FILLET,LB,1,2400213160,OCEAN PERCH ATL BATTER DIP FILLET
2400212039,OCEAN PERCH ATL BRD CKD PORTIONS,LB,1,2400211039,OCEAN PERCH ATL BREADED PORTIONS
2400211103,OCEAN PERCH ATL BREAD FORM FILLET,LB,1,2400211103,OCEAN PERCH ATL BRD FORMED FILLET
2400212160,OCEAN PERCH ATL BREADED CKD FILLET,LB,1,2400211160,OCEAN PERCH ATL BREADED FILLET
2400112160,OCEAN PERCH ATL BREADED CKD FILLET,LB,1,2400211160,OCEAN PERCH ATL BREADED FILLET
2400211160,OCEAN PERCH ATL BREADED FILLET,LB,1,2400211160,OCEAN PERCH ATL BREADED FILLET
2400111160,OCEAN PERCH ATL BREADED FILLET,LB,1,2400211160,OCEAN PERCH ATL BREADED FILLET
2400201161,OCEAN PERCH ATLANTIC BLOCKS,LB,1,2400201161,OCEAN PERCH ATLANTIC BLOCKS
2400101223,OCEAN PERCH ATLANTIC DRESSED,LB,1,2400201223,OCEAN PERCH ATLANTIC DRESSED
2400201223,OCEAN PERCH ATLANTIC DRESSED,LB,1,2400201223,OCEAN PERCH ATLANTIC DRESSED
2400101160,OCEAN PERCH ATLANTIC FILLET,LB,1,2400201160,OCEAN PERCH ATLANTIC FILLET
2400201160,OCEAN PERCH ATLANTIC FILLET,LB,1,2400201160,OCEAN PERCH ATLANTIC FILLET
2400101222,OCEAN PERCH ATLANTIC WHOLE,LB,1,2400201222,OCEAN PERCH ATLANTIC WHOLE
2410201018,OCEAN PERCH PAC PECTORAL GIRDLES,LB,1,2410201018,OCEAN PERCH PAC PECTORAL GIRDLES
2410600000,OCEAN PERCH PACIFIC,XX,,,
2410500401,OCEAN PERCH PACIFIC BODY OIL,GL,7.75,2410500401,OCEAN PERCH PACIFIC OIL
2410211160,OCEAN PERCH PACIFIC BREADED FILLET,LB,1,2410211160,OCEAN PERCH PACIFIC BREADED FILLET
2410201162,OCEAN PERCH PACIFIC CHEEKS,LB,1,2410201162,OCEAN PERCH PACIFIC CHEEKS
2410201223,OCEAN PERCH PACIFIC DRESSED,LB,1,2410201223,OCEAN PERCH PACIFIC DRESSED
2410101223,OCEAN PERCH PACIFIC DRESSED,LB,1,2410201223,OCEAN PERCH PACIFIC DRESSED
2410101160,OCEAN PERCH PACIFIC FILLET,LB,1,2410201160,OCEAN PERCH PACIFIC FILLET
2410201160,OCEAN PERCH PACIFIC FILLET,LB,1,2410201160,OCEAN PERCH PACIFIC FILLET
2410201021,OCEAN PERCH PACIFIC HEADS,LB,1,2410201021,OCEAN PERCH PACIFIC HEADS
2410500301,OCEAN PERCH PACIFIC MEAL,TN,2000,2410500301,OCEAN PERCH PACIFIC MEAL
2410201031,OCEAN PERCH PACIFIC SURIMI,LB,1,2410201031,OCEAN PERCH PACIFIC SURIMI
2410201222,OCEAN PERCH PACIFIC WHOLE,LB,1,2410201222,OCEAN PERCH PACIFIC WHOLE
2410101222,OCEAN PERCH PACIFIC WHOLE,LB,1,2410201222,OCEAN PERCH PACIFIC WHOLE
2500201160,OCEAN POUT FILLET,LB,1,2500201160,OCEAN POUT FILLET
2500101160,OCEAN POUT FILLET,LB,1,2500201160,OCEAN POUT FILLET
2500430220,OCEAN POUT SMOKED,LB,1,2500430220,OCEAN POUT SMOKED
7860600000,OCTOPUS,XX,,,
7860202033,OCTOPUS COOKED LEGS,LB,1,7860202033,OCTOPUS COOKED LEGS
7860102215,OCTOPUS COOKED WHOLE,LB,1,7860202215,OCTOPUS COOKED
7860201223,OCTOPUS DRESSED,LB,1,7860201223,OCTOPUS DRESSED
7860101223,OCTOPUS DRESSED,LB,1,7860201223,OCTOPUS DRESSED
7860201090,OCTOPUS FOR BAIT,LB,1,7860201090,OCTOPUS BAIT
7860101090,OCTOPUS FOR BAIT,LB,1,7860201090,OCTOPUS BAIT
7860101500,OCTOPUS IN SAUCE,LB,1,7860201500,OCTOPUS IN SAUCE
7860430200,OCTOPUS SMOKED MEAT,LB,1,7860430200,OCTOPUS SMOKED MEAT
7860101215,OCTOPUS WHOLE,LB,1,7860201215,OCTOPUS WHOLE
7860201215,OCTOPUS WHOLE,LB,1,7860201215,OCTOPUS WHOLE
2503101160,OPAH FILLET,LB,1,2503201160,OPAH FILLET
3030201223,ORANGE ROUGHY DRESSED,LB,1,3030201223,ORANGE ROUGHY DRESSED
3030201160,ORANGE ROUGHY FILLET,LB,1,3030201160,ORANGE ROUGHY FILLET
9558600000,OYSTER GROWER,XX,,,
7890600000,OYSTERS EAST,XX,,,
7890212215,OYSTERS EAST BREADED COOKED WHOLE,LB,1,7890211215,OYSTERS BREADED WHOLE
7890211215,OYSTERS EAST BREADED WHOLE,LB,1,7890211215,OYSTERS BREADED WHOLE
7890111215,OYSTERS EAST BREADED WHOLE,LB,1,7890211215,OYSTERS BREADED WHOLE
7890202200,OYSTERS EAST COOKED MEAT,LB,1,7890202200,OYSTERS COOKED MEAT
7890202038,OYSTERS EAST COOKED PIES,LB,1,7890202038,OYSTERS COOKED PIES
7890202240,OYSTERS EAST COOKED STEWS,LB,1,7890202240,OYSTERS COOKED STEWS
7890500000,OYSTERS EAST FOR INDUSTRIAL,LB,1,7890500000,OYSTERS FOR INDUSTRIAL
7890101133,OYSTERS EAST IN SHELL,LB,0.12,7890201133,OYSTERS IN SHELL
7890201133,OYSTERS EAST IN SHELL,DZ,0.12,7890201133,OYSTERS IN SHELL
7890500191,OYSTERS EAST LIME,TN,2000,7890500000,OYSTERS FOR INDUSTRIAL
7890300200,OYSTERS EAST MEAT,CS,,7890300200,OYSTERS MEAT (CAN)
7890201134,OYSTERS EAST ON HALF SHELL,DZ,0.306,7890201134,OYSTERS ON HALF SHELL
7890101134,OYSTERS EAST ON HALF SHELL,DZ,0.306,7890201134,OYSTERS ON HALF SHELL
7890500026,OYSTERS EAST SHELL GRIT,TN,2000,7890500000,OYSTERS FOR INDUSTRIAL
7890201204,OYSTERS EAST SHUCKED MEAT,GL,8.75,7890201204,OYSTERS SHUCKED MEAT
7890101204,OYSTERS EAST SHUCKED MEAT,GL,8.75,7890201204,OYSTERS SHUCKED MEAT
7890430215,OYSTERS EAST SMOKED WHOLE,LB,1,7890430215,OYSTERS SMOKED
7890300240,OYSTERS EAST STEWS,CS,,7890300240,OYSTERS SPECIALTIES (CAN)
7921600000,OYSTERS EUROPEAN FLAT,XX,,,
7921101133,OYSTERS EUROPEAN FLAT IN SHELL,LB,1,7890201133,OYSTERS IN SHELL
7950101133,OYSTERS OLYMPIA IN SHELL,LB,1,7890201133,OYSTERS IN SHELL
7950101204,OYSTERS OLYMPIA SHUCKED MEAT,GL,8.75,7890201204,OYSTERS SHUCKED MEAT
7920600000,OYSTERS PACIFIC,XX,,,
7920212215,OYSTERS PACIFIC BREADED CKD WHOLE,LB,1,7890211215,OYSTERS BREADED WHOLE
7920111215,OYSTERS PACIFIC BREADED WHOLE,LB,1,7890211215,OYSTERS BREADED WHOLE
7920211215,OYSTERS PACIFIC BREADED WHOLE,LB,1,7890211215,OYSTERS BREADED WHOLE
7920300110,OYSTERS PACIFIC CHOWDERS,CS,,7890300240,OYSTERS SPECIALTIES (CAN)
7920202240,OYSTERS PACIFIC COOKED STEWS,LB,1,7890202240,OYSTERS COOKED STEWS
7920102240,OYSTERS PACIFIC COOKED STEWS,LB,1,7890202240,OYSTERS COOKED STEWS
7920102215,OYSTERS PACIFIC COOKED WHOLE,LB,1,7890202215,OYSTERS COOKED WHOLE
7920101133,OYSTERS PACIFIC IN SHELL,LB,1,7890201133,OYSTERS IN SHELL
7920201133,OYSTERS PACIFIC IN SHELL,LB,1,7890201133,OYSTERS IN SHELL
7920500191,OYSTERS PACIFIC LIME,TN,2000,7890500000,OYSTERS FOR INDUSTRIAL
7920300200,OYSTERS PACIFIC MEAT,CS,,7890300200,OYSTERS MEAT (CAN)
7920201134,OYSTERS PACIFIC ON HALF SHELL,DZ,0.56,7890201134,OYSTERS ON HALF SHELL
7920101134,OYSTERS PACIFIC ON HALF SHELL,DZ,0.56,7890201134,OYSTERS ON HALF SHELL
7920500026,OYSTERS PACIFIC SHELL GRIT,TN,2000,7890500000,OYSTERS FOR INDUSTRIAL
7920201204,OYSTERS PACIFIC SHUCKED MEAT,GL,8.75,7890201204,OYSTERS SHUCKED MEAT
7920101204,OYSTERS PACIFIC SHUCKED MEAT,GL,8.75,7890201204,OYSTERS SHUCKED MEAT
7920430215,OYSTERS PACIFIC SMOKED,LB,1,7890430215,OYSTERS SMOKED
7920330215,OYSTERS PACIFIC SMOKED WHOLE,CS,,7890300240,OYSTERS SPECIALTIES (CAN)
7920300241,OYSTERS PACIFIC STEW BASE,CS,,7890300240,OYSTERS SPECIALTIES (CAN)
7920201111,OYSTERS PACIFIC STEW BASE,LB,1,7890201111,OYSTERS STEW BASE
7920300240,OYSTERS PACIFIC STEWS,CS,,7890300240,OYSTERS SPECIALTIES (CAN)
9556600000,PACKER-SHIPPER,XX,,,
2510101223,PADDLEFISH DRESSED,LB,1,2510201223,PADDLEFISH DRESSED
2510101160,PADDLEFISH FILLET,LB,1,2510201160,PADDLEFISH FILLET
2510420040,PADDLEFISH SALTED ROE,LB,1,5260420040,UNCL FISH SALTED ROE
2510430220,PADDLEFISH SMOKED,LB,1,2510430220,PADDLEFISH SMOKED
2530213039,PANGASIUS BATTER DIP PORTIONS,LB,1,2530213039,PANGASIUS BATTER DIP PORTIONS
2530101160,PANGASIUS FILLET,LB,1,2530101160,PANGASIUS FILLET
2530201160,PANGASIUS FILLET,LB,1,2530201160,PANGASIUS FILLET
3340101160,PATAGONIAN TOOTHFISH FILLET,LB,1,3340201160,PATAGONIAN TOOTHFISH FILLET
3340201160,PATAGONIAN TOOTHFISH FILLET,LB,1,3340201160,PATAGONIAN TOOTHFISH FILLET
7980000000,PERIWINKLES OR COCKLES,XX,,,
7980600000,PERIWINKLES OR COCKLES,XX,,,
2610600000,PIKE OR PICKEREL,XX,,,
2610101223,PIKE OR PICKEREL DRESSED,LB,1,2610201223,PIKE OR PICKEREL DRESSED
2610201223,PIKE OR PICKEREL DRESSED,LB,1,2610201223,PIKE OR PICKEREL DRESSED
2610201160,PIKE OR PICKEREL FILLET,LB,1,2610201160,PIKE OR PICKEREL FILLET
2610101160,PIKE OR PICKEREL FILLET,LB,1,2610201160,PIKE OR PICKEREL FILLET
2690213039,POLLOCK ATL BATTER DIP PORTIONS,LB,1,2690213039,POLLOCK ATL BATTER DIP PORTIONS
2690600000,POLLOCK ATLANTIC,XX,,,
2690201161,POLLOCK ATLANTIC BLOCKS,LB,1,2690201161,POLLOCK ATLANTIC BLOCKS
2690212039,POLLOCK ATLANTIC BRD CKD PORTIONS,LB,1,2690211039,POLLOCK ATLANTIC BREADED PORTIONS
2690212049,POLLOCK ATLANTIC BREAD CKD STICKS,LB,1,2690211049,POLLOCK ATLANTIC BREADED STICKS
2690211103,POLLOCK ATLANTIC BREAD FORM FILLET,LB,1,2690211103,POLLOCK ATLANTIC BRD FORMED FILLET
2690211160,POLLOCK ATLANTIC BREADED FILLET,LB,1,2690211160,POLLOCK ATLANTIC BREADED FILLET
2690201223,POLLOCK ATLANTIC DRESSED,LB,1,2690201223,POLLOCK ATLANTIC DRESSED
2690101223,POLLOCK ATLANTIC DRESSED,LB,1,2690201223,POLLOCK ATLANTIC DRESSED
2690440220,POLLOCK ATLANTIC DRIED,LB,1,2690440220,POLLOCK ATLANTIC DRIED
2690101160,POLLOCK ATLANTIC FILLET,LB,1,2690201160,POLLOCK ATLANTIC FILLET
2690201160,POLLOCK ATLANTIC FILLET,LB,1,2690201160,POLLOCK ATLANTIC FILLET
2690101210,POLLOCK ATLANTIC MINCED,LB,1,2690201210,POLLOCK ATLANTIC MINCED
2690420220,POLLOCK ATLANTIC SALTED,LB,1,2690420220,POLLOCK ATLANTIC SALTED
2690430220,POLLOCK ATLANTIC SMOKED,LB,1,2690430220,POLLOCK ATLANTIC SMOKED
2690201048,POLLOCK ATLANTIC STEAKS,LB,1,2690201048,POLLOCK ATLANTIC STEAKS
2692600000,POLLOCK PAC,XX,,,
2692213160,POLLOCK PAC BATTER DIP FILLET,LB,1,2692213160,POLLOCK PACIFIC BATTER DIP FILLET
2692213039,POLLOCK PAC BATTER DIP PORTIONS,LB,1,2692213039,POLLOCK PAC BATTER DIP PORTIONS
2692213049,POLLOCK PAC BATTER DIP STICKS,LB,1,2692213049,POLLOCK PAC BATTER DIP STICKS
2692201161,POLLOCK PAC BLOCKS,LB,1,2692201161,POLLOCK PACIFIC BLOCKS
2692500401,POLLOCK PAC BODY OIL,GL,7.75,2692500401,POLLOCK PACIFIC OIL
2692201014,POLLOCK PAC BONES,LB,1,2692201014,POLLOCK PAC BONES
2692212039,POLLOCK PAC BREADED CKD PORTIONS,LB,1,2692211039,POLLOCK PACIFIC BREADED PORTIONS
2692212160,POLLOCK PAC BREADED COOKED FILLET,LB,1,2692211160,POLLOCK PACIFIC BREADED FILLET
2692212049,POLLOCK PAC BREADED COOKED STICKS,LB,1,2692211049,POLLOCK PACIFIC BREADED STICKS
2692211160,POLLOCK PAC BREADED FILLET,LB,1,2692211160,POLLOCK PACIFIC BREADED FILLET
2692111160,POLLOCK PAC BREADED FILLET,LB,1,2692211160,POLLOCK PACIFIC BREADED FILLET
2692211103,POLLOCK PAC BREADED FORM FILLET,LB,1,2692211103,POLLOCK PAC BREADED FORM FILLET
2692211007,POLLOCK PAC BREADED NUGGETS,LB,1,2692211007,POLLOCK PACIFIC BREADED NUGGETS
2692211039,POLLOCK PAC BREADED PORTIONS,LB,1,2692211039,POLLOCK PACIFIC BREADED PORTIONS
2692211051,POLLOCK PAC BREADED STUFFED,LB,1,2692211051,POLLOCK PAC BREADED STUFFED
2692211042,POLLOCK PAC BREADED SURIMI ANALOG,LB,1,2692211042,SURIMI ANALOG BREADED
2692201223,POLLOCK PAC DRESSED,LB,1,2692201223,POLLOCK PACIFIC DRESSED
2692101223,POLLOCK PAC DRESSED,LB,1,2692201223,POLLOCK PACIFIC DRESSED
2692440220,POLLOCK PAC DRIED,LB,1,2692440220,POLLOCK PACIFIC DRIED
2692201160,POLLOCK PAC FILLET,LB,1,2692201160,POLLOCK PACIFIC FILLET
2692101160,POLLOCK PAC FILLET,LB,1,2692201160,POLLOCK PACIFIC FILLET
2692101090,POLLOCK PAC FOR BAIT,LB,1,2692201090,POLLOCK PACIFIC BAIT
2692201090,POLLOCK PAC FOR BAIT,LB,1,2692201090,POLLOCK PACIFIC BAIT
2692201021,POLLOCK PAC HEADS,LB,1,2692201021,POLLOCK PACIFIC HEADS
2692500301,POLLOCK PAC MEAL,TN,2000,2692500301,POLLOCK PACIFIC MEAL
2692201155,POLLOCK PAC MILT,LB,1,2692201155,POLLOCK PACIFIC MILT
2692201210,POLLOCK PAC MINCED,LB,1,2692201210,POLLOCK PACIFIC MINCED
2692101039,POLLOCK PAC PORTIONS,LB,1,2692201039,POLLOCK PACIFIC PORTIONS
2692201039,POLLOCK PAC PORTIONS,LB,1,2692201039,POLLOCK PACIFIC PORTIONS
2692101040,POLLOCK PAC ROE,LB,1,2692201040,POLLOCK PACIFIC ROE
2692201040,POLLOCK PAC ROE,LB,1,2692201040,POLLOCK PACIFIC ROE
2692420220,POLLOCK PAC SALTED,LB,1,2692420220,POLLOCK PACIFIC SALTED
2692420040,POLLOCK PAC SALTED ROE,LB,1,2692420040,POLLOCK PACIFIC SALTED ROE
2692201048,POLLOCK PAC STEAKS,LB,1,2692201048,POLLOCK PACIFIC STEAKS
2692201031,POLLOCK PAC SURIMI,LB,1,2692201031,POLLOCK PACIFIC SURIMI
2692300042,POLLOCK PAC SURIMI ANALOG,CS,,5260300500,OTHER FISH SPECIALTIES (CAN)
2692102042,POLLOCK PAC SURIMI ANALOG,LB,1,2692202042,SURIMI ANALOG
2692202042,POLLOCK PAC SURIMI ANALOG,LB,1,2692202042,SURIMI ANALOG
2692201222,POLLOCK PAC WHOLE,LB,1,2692201222,POLLCOK PACIFIC WHOLE
2692101222,POLLOCK PAC WHOLE,LB,1,2692201222,POLLOCK PACIFIC WHOLE
2710101160,POMFRET FILLET,LB,1,2710201160,POMFRET FILLET
2720600000,POMPANO,XX,,,
2720101223,POMPANO DRESSED,LB,1,2720201223,POMPANO DRESSED
2720101160,POMPANO FILLET,LB,1,2720201160,POMPANO FILLET
2720201160,POMPANO FILLET,LB,1,2720201160,POMPANO FILLET
2720101222,POMPANO WHOLE,LB,1,2720201222,POMPANO WHOLE
2900101223,ROCK BASS FRESHWATER DRESSED,LB,1,2900201223,ROCK BASS FRESHWATER DRESSED
2900101160,ROCK BASS FRESHWATER FILLET,LB,1,2900201160,ROCK BASS FRESHWATER FILLET
2960600000,ROCKFISHES,XX,,,
2960201005,ROCKFISHES BELLIES,LB,1,2960201005,ROCKFISHES BELLIES
2960211051,ROCKFISHES BREADED STUFFED,LB,1,2960211051,ROCKFISHES BREADED STUFFED
2960201162,ROCKFISHES CHEEKS,LB,1,2960201162,ROCKFISHES CHEEKS
2960101223,ROCKFISHES DRESSED,LB,1,2960201223,ROCKFISHES DRESSED
2960201223,ROCKFISHES DRESSED,LB,1,2960201223,ROCKFISHES DRESSED
2960101160,ROCKFISHES FILLET,LB,1,2960201160,ROCKFISHES FILLET
2960201160,ROCKFISHES FILLET,LB,1,2960201160,ROCKFISHES FILLET
2960201090,ROCKFISHES FOR BAIT,LB,1,2960201090,ROCKFISHES BAIT
2960201021,ROCKFISHES HEADS,LB,1,2960201021,ROCKFISHES HEADS
2960500301,ROCKFISHES MEAL,TN,2000,2960500301,ROCKFISHES MEAL
2960201018,ROCKFISHES PECTORAL GIRDLES,LB,1,2960201018,ROCKFISHES PECTORAL GIRDLES
2960430220,ROCKFISHES SMOKED,LB,1,2960430220,ROCKFISHES SMOKED
2960201031,ROCKFISHES SURIMI,LB,1,2960201031,ROCKFISHES SURIMI
2960201222,ROCKFISHES WHOLE,LB,1,2960201222,ROCKFISHES WHOLE
2960101222,ROCKFISHES WHOLE,LB,1,2960201222,ROCKFISHES WHOLE
3020600000,SABLEFISH,XX,,,
3020201161,SABLEFISH BLOCKS,LB,1,3020201161,SABLEFISH BLOCKS
3020201162,SABLEFISH CHEEKS,LB,1,3020201162,SABLEFISH CHEEKS
3020101223,SABLEFISH DRESSED,LB,1,3020201223,SABLEFISH DRESSED
3020201223,SABLEFISH DRESSED,LB,1,3020201223,SABLEFISH DRESSED
3020440220,SABLEFISH DRIED,LB,1,3020440220,SABLEFISH DRIED
3020201160,SABLEFISH FILLET,LB,1,3020201160,SABLEFISH FILLET
3020101160,SABLEFISH FILLET,LB,1,3020201160,SABLEFISH FILLET
3020201090,SABLEFISH FOR BAIT,LB,1,3020201090,SABLEFISH BAIT
3020201021,SABLEFISH HEADS,LB,1,3020201021,SABLEFISH HEADS
3020102500,SABLEFISH IN SAUCE,LB,1,3020202500,SABLEFISH IN SAUCE
3020431220,SABLEFISH KIPPERED,LB,1,3020430220,SABLEFISH SMOKED
3020201018,SABLEFISH PECTORAL GIRDLES,LB,1,3020201018,SABLEFISH PECTORAL GIRDLES
3020421220,SABLEFISH PICKLED,LB,1,3020420220,SABLEFISH SALTED OR PICKLED
3020201040,SABLEFISH ROE,LB,1,3020201040,SABLEFISH ROE
3020420220,SABLEFISH SALTED,LB,1,3020420220,SABLEFISH SALTED OR PICKLED
3020420500,SABLEFISH SALTED IN SAUCE,LB,1,3020420500,SABLEFISH SALTED IN SAUCE
3020430220,SABLEFISH SMOKED,LB,1,3020430220,SABLEFISH SMOKED
3020101048,SABLEFISH STEAKS,LB,1,3020201048,SABLEFISH STEAKS
3020201048,SABLEFISH STEAKS,LB,1,3020201048,SABLEFISH STEAKS
3020201019,SABLEFISH STOMACHS,LB,1,3020201019,SABLEFISH STOMACHS
3020101222,SABLEFISH WHOLE,LB,1,3020201222,SABLEFISH WHOLE
3020201222,SABLEFISH WHOLE,LB,1,3020201222,SABLEFISH WHOLE
3050000000,SALMON ATLANTIC,XX,,,
3050300220,SALMON ATLANTIC,CS,,3050300220,SALMON ATLANTIC (CAN)
3050101223,SALMON ATLANTIC DRESSED,LB,1,3085201223,SALMON DRESSED
3050201160,SALMON ATLANTIC FILLET,LB,1,3085201160,SALMON FILLET
3050101160,SALMON ATLANTIC FILLET,LB,1,3085201160,SALMON FILLET
3050422220,SALMON ATLANTIC MILD CURED,LB,1,3085420220,SALMON SALTED OR KIPPERED
3050420220,SALMON ATLANTIC SALTED,LB,1,3085420220,SALMON SALTED OR KIPPERED
3050430220,SALMON ATLANTIC SMOKED,LB,1,3085430220,SALMON SMOKED OR KIPPERED
3050101048,SALMON ATLANTIC STEAKS,LB,1,3085201048,SALMON STEAKS
3080600000,SALMON CHINOOK,XX,,,
3080300220,SALMON CHINOOK,CS,,3080300220,SALMON CHINOOK (CAN)
3080201223,SALMON CHINOOK DRESSED,LB,1,3085201223,SALMON DRESSED
3080101223,SALMON CHINOOK DRESSED,LB,1,3085201223,SALMON DRESSED
3080101090,SALMON CHINOOK EGGS FOR BAIT,LB,1,3085201090,SALMON BAIT
3080101160,SALMON CHINOOK FILLET,LB,1,3085201160,SALMON FILLET
3080201160,SALMON CHINOOK FILLET,LB,1,3085201160,SALMON FILLET
3080101219,SALMON CHINOOK HEAD ON,LB,1,3085201223,SALMON DRESSED
3080201219,SALMON CHINOOK HEAD ON,LB,1,3085201223,SALMON DRESSED
3080300500,SALMON CHINOOK IN SAUCE,CS,,3085330220,SALMON SPECIALTIES (CAN)
3080431220,SALMON CHINOOK KIPPERED,LB,1,3085430220,SALMON SMOKED OR KIPPERED
3080422220,SALMON CHINOOK MILD CURED,LB,1,3085420220,SALMON SALTED OR PICKLED
3080421220,SALMON CHINOOK PICKLED,LB,1,3085420220,SALMON SALTED OR PICKLED
3080201040,SALMON CHINOOK ROE,LB,1,3085201040,SALMON ROE
3080101040,SALMON CHINOOK ROE,LB,1,3085201040,SALMON ROE
3080420220,SALMON CHINOOK SALTED,LB,1,3085420220,SALMON SALTED OR PICKLED
3080420040,SALMON CHINOOK SALTED ROE,LB,1,3085420040,SALMON SALTED ROE
3080430220,SALMON CHINOOK SMOKED,LB,1,3085430220,SALMON SMOKED OR KIPPERED
3080330220,SALMON CHINOOK SMOKED,CS,,3085330220,SALMON SPECIALTIES (CAN)
3080201048,SALMON CHINOOK STEAKS,LB,1,3085201048,SALMON STEAKS
3080101048,SALMON CHINOOK STEAKS,LB,1,3085201048,SALMON STEAKS
3080201222,SALMON CHINOOK WHOLE,LB,1,3085201222,SALMON WHOLE
3080101222,SALMON CHINOOK WHOLE,LB,1,3085201222,SALMON WHOLE
3081600000,SALMON CHUM,XX,,,
3081300220,SALMON CHUM,CS,,3081300220,SALMON CHUM (CAN)
3081212007,SALMON CHUM BREADED COOKED NUGGETS,LB,1,3085211007,SALMON BREADED NUGGETS
3081102160,SALMON CHUM COOKED FILLET,LB,1,3085202039,SALMON COOKED PORTIONS
3081202039,SALMON CHUM COOKED PORTIONS,LB,1,3085202039,SALMON COOKED PORTIONS
3081101223,SALMON CHUM DRESSED,LB,1,3085201223,SALMON DRESSED
3081201223,SALMON CHUM DRESSED,LB,1,3085201223,SALMON DRESSED
3081201091,SALMON CHUM EGGS FOR BAIT,LB,1,3085201091,SALMON EGGS FOR BAIT
3081101160,SALMON CHUM FILLET,LB,1,3085201160,SALMON FILLET
3081201160,SALMON CHUM FILLET,LB,1,3085201160,SALMON FILLET
3081201167,SALMON CHUM FORMED RINGS,LB,1,3085201167,SALMON RINGS
3081101219,SALMON CHUM HEAD ON,LB,1,3085201223,SALMON DRESSED
3081201155,SALMON CHUM MILT,LB,1,3085201155,SALMON MILT
3081201039,SALMON CHUM PORTIONS,LB,1,3085201039,SALMON PORTIONS
3081201040,SALMON CHUM ROE,LB,1,3085201040,SALMON ROE
3081101040,SALMON CHUM ROE,LB,1,3085201040,SALMON ROE
3081420220,SALMON CHUM SALTED,LB,1,3085420220,SALMON SALTED OR PICKLED
3081420040,SALMON CHUM SALTED ROE,LB,1,3085420040,SALMON SALTED ROE
3081430220,SALMON CHUM SMOKED,LB,1,3085430220,SALMON SMOKED OR KIPPERED
3081330220,SALMON CHUM SMOKED,CS,,3085330220,SALMON SPECIALTIES (CAN)
3081330230,SALMON CHUM SMOKED CHILI,CS,,3085330220,SALMON SPECIALTIES (CAN)
3081201048,SALMON CHUM STEAKS,LB,1,3085201048,SALMON STEAKS
3081101048,SALMON CHUM STEAKS,LB,1,3085201048,SALMON STEAKS
3081101222,SALMON CHUM WHOLE,LB,1,3085201222,SALMON WHOLE
3081201222,SALMON CHUM WHOLE,LB,1,3085201222,SALMON WHOLE
3084600000,SALMON COHO,XX,,,
3084300220,SALMON COHO,CS,,3084300220,SALMON COHO (CAN)
3084102160,SALMON COHO COOKED FILLET,LB,1,3085202039,SALMON COOKED PORTIONS
3084201223,SALMON COHO DRESSED,LB,1,3085201223,SALMON DRESSED
3084101223,SALMON COHO DRESSED,LB,1,3085201223,SALMON DRESSED
3084101090,SALMON COHO EGGS FOR BAIT,LB,1,3085201090,SALMON BAIT
3084201160,SALMON COHO FILLET,LB,1,3085201160,SALMON FILLET
3084101160,SALMON COHO FILLET,LB,1,3085201160,SALMON FILLET
3084201219,SALMON COHO HEAD ON,LB,1,3085201223,SALMON DRESSED
3084101219,SALMON COHO HEAD ON,LB,1,3085201223,SALMON DRESSED
3084201228,SALMON COHO RAISED DRESSED,LB,1,3085201223,SALMON DRESSED
3084101228,SALMON COHO RAISED DRESSED,LB,1,3085201223,SALMON DRESSED
3084201040,SALMON COHO ROE,LB,1,3085201040,SALMON ROE
3084101040,SALMON COHO ROE,LB,1,3085201040,SALMON ROE
3084420220,SALMON COHO SALTED,LB,1,3085420220,SALMON SALTED OR PICKLED
3084420040,SALMON COHO SALTED ROE,LB,1,3085420040,SALMON SALTED ROE
3084330220,SALMON COHO SMOKED,CS,,3085330220,SALMON SPECIALTIES (CAN)
3084430220,SALMON COHO SMOKED,LB,1,3085430220,SALMON SMOKED OR KIPPERED
3084330500,SALMON COHO SMOKED IN SAUCE,CS,,3085330220,SALMON SPECIALTIES (CAN)
3084201048,SALMON COHO STEAKS,LB,1,3085201048,SALMON STEAKS
3084101048,SALMON COHO STEAKS,LB,1,3085201048,SALMON STEAKS
3084101222,SALMON COHO WHOLE,LB,1,3085201222,SALMON WHOLE
3084201222,SALMON COHO WHOLE,LB,1,3085201222,SALMON WHOLE
3085101513,SALMON LOMI,LB,1,3085201513,SALMON LOMI
3082600000,SALMON PINK,XX,,,
3082300220,SALMON PINK,CS,,3082300220,SALMON PINK (CAN)
3082201161,SALMON PINK BLOCKS,LB,1,3085201161,SALMON BLOCKS
3082212039,SALMON PINK BREADED CKD PORTION,LB,1,3085211039,SALMON BREADED PORTIONS
3082212007,SALMON PINK BREADED COOKED NUGGETS,LB,1,3085211007,SALMON BREADED NUGGETS
3082102160,SALMON PINK COOKED FILLET,LB,1,3085202039,SALMON COOKED PORTIONS
3082102039,SALMON PINK COOKED PORTIONS,LB,1,3085201039,SALMON PORTIONS
3082201223,SALMON PINK DRESSED,LB,1,3085201223,SALMON DRESSED
3082101223,SALMON PINK DRESSED,LB,1,3085201223,SALMON DRESSED
3082201160,SALMON PINK FILLET,LB,1,3085201160,SALMON FILLET
3082101160,SALMON PINK FILLET,LB,1,3085201160,SALMON FILLET
3082201090,SALMON PINK FOR BAIT,LB,1,3085201090,SALMON BAIT
3082101219,SALMON PINK HEADS ON,LB,1,3085201223,SALMON DRESSED
3082201039,SALMON PINK PORTIONS,LB,1,3085201039,SALMON PORTIONS
3082101040,SALMON PINK ROE,LB,1,3085201040,SALMON ROE
3082201040,SALMON PINK ROE,LB,1,3085201040,SALMON ROE
3082420040,SALMON PINK SALTED ROE,LB,1,3085420040,SALMON SALTED ROE
3082430220,SALMON PINK SMOKED,LB,1,3085430220,SALMON SMOKED OR KIPPERED
3082330220,SALMON PINK SMOKED,CS,,3085330220,SALMON SPECIALTIES (CAN)
3082201048,SALMON PINK STEAKS,LB,1,3085201048,SALMON STEAKS
3082101222,SALMON PINK WHOLE,LB,1,3085201222,SALMON WHOLE
3082201222,SALMON PINK WHOLE,LB,1,3085201222,SALMON WHOLE
3085101228,SALMON RAISED DRESSED,LB,1,3085201223,SALMON DRESSED
3085201228,SALMON RAISED DRESSED,LB,1,3085201223,SALMON DRESSED
3085201229,SALMON RAISED DRESSED & BONED,LB,1,3085201223,SALMON DRESSED
3085101229,SALMON RAISED DRESSED & BONED,LB,1,3085201223,SALMON DRESSED
3085201210,SALMON RAISED MINCED,LB,1,3085201210,SALMON MINCED
3083600000,SALMON SOCKEYE,XX,,,
3083300220,SALMON SOCKEYE,CS,,3083300220,SALMON SOCKEYE (CAN)
3083102160,SALMON SOCKEYE COOKED FILLET,LB,1,3085202039,SALMON COOKED PORTIONS
3083102039,SALMON SOCKEYE COOKED PORTIONS,LB,1,3085201039,SALMON PORTIONS
3083101223,SALMON SOCKEYE DRESSED,LB,1,3085201223,SALMON DRESSED
3083201223,SALMON SOCKEYE DRESSED,LB,1,3085201223,SALMON DRESSED
3083101160,SALMON SOCKEYE FILLET,LB,1,3085201160,SALMON FILLET
3083201160,SALMON SOCKEYE FILLET,LB,1,3085201160,SALMON FILLET
3083201219,SALMON SOCKEYE HEAD ON,LB,1,3085201223,SALMON DRESSED
3083101219,SALMON SOCKEYE HEAD ON,LB,1,3085201223,SALMON DRESSED
3083111039,SALMON SOCKEYE PORTIONS,LB,1,3085211039,SALMON BREADED PORTIONS
3083201040,SALMON SOCKEYE ROE,LB,1,3085201040,SALMON ROE
3083101040,SALMON SOCKEYE ROE,LB,1,3085201040,SALMON ROE
3083420220,SALMON SOCKEYE SALTED,LB,1,3085420220,SALMON SALTED OR PICKLED
3083420040,SALMON SOCKEYE SALTED ROE,LB,1,3085420040,SALMON SALTED ROE
3083430220,SALMON SOCKEYE SMOKED,LB,1,3085430220,SALMON SMOKED OR KIPPERED
3083330220,SALMON SOCKEYE SMOKED,CS,,3085330220,SALMON SPECIALTIES (CAN)
3083101048,SALMON SOCKEYE STEAKS,LB,1,3085201048,SALMON STEAKS
3083201048,SALMON SOCKEYE STEAKS,LB,1,3085201048,SALMON STEAKS
3083101222,SALMON SOCKEYE WHOLE,LB,1,3085201222,SALMON WHOLE
3083201222,SALMON SOCKEYE WHOLE,LB,1,3085201222,SALMON WHOLE
3085300220,SALMON UNCL,CS,,3085300220,SALMON UNCL (CAN)
3085600000,SALMON UNCL,XX,,,
3085213160,SALMON UNCL BATTER COATED FILLET,LB,1,3085213160,SALMON BATTER COATED FILLET
3085300231,SALMON UNCL BISQUES,CS,,3085330220,SALMON SPECIALTIES (CAN)
3085201161,SALMON UNCL BLOCKS,LB,1,3085201161,SALMON BLOCKS
3085500401,SALMON UNCL BODY OIL,GL,7.75,5260500401,UNCLASSIFIED BODY OIL
3085211101,SALMON UNCL BREADED CAKES/PATTY,LB,1,3085211101,SALMON BREADED CAKES & PATTIES
3085212160,SALMON UNCL BREADED COOKED FILLET,LB,1,3085211160,SALMON BREADED FILLETS
3085212007,SALMON UNCL BREADED COOKED NUGGETS,LB,1,3085211007,SALMON BREADED NUGGETS
3085211035,SALMON UNCL BREADED LOAVES,LB,1,3085211035,SALMON BREADED LOAVES
3085211007,SALMON UNCL BREADED NUGGETS,LB,1,3085211007,SALMON BREADED NUGGETS
3085211051,SALMON UNCL BREADED STUFFED,LB,1,3085211051,SALMON BREADED STUFFED
3085201101,SALMON UNCL CAKE & PATTIES,LB,1,3085201101,SALMON CAKES & PATTIES
3085420010,SALMON UNCL CAVIAR,LB,1,3085420010,SALMON UNCL CAVIAR
3085300010,SALMON UNCL CAVIAR,CS,,5260300010,ROE AND CAVIAR (CAN)
3085300110,SALMON UNCL CHOWDERS,CS,,3085330220,SALMON SPECIALTIES (CAN)
3085202500,SALMON UNCL COOKED IN SAUCE,LB,1,3085202500,SALMON IN SAUCE
3085101017,SALMON UNCL DIPS AND SPREADS,LB,1,3085201017,SALMON DIPS AND SPREADS
3085101223,SALMON UNCL DRESSED,LB,1,3085201223,SALMON DRESSED
3085201223,SALMON UNCL DRESSED,LB,1,3085201223,SALMON DRESSED
3085440220,SALMON UNCL DRIED,LB,1,3085440220,SALMON DRIED
3085000091,SALMON UNCL EGGS,XX,,,
3085201091,SALMON UNCL EGGS FOR BAIT,LB,1,3085201091,SALMON EGGS FOR BAIT
3085101091,SALMON UNCL EGGS FOR BAIT,LB,1,3085201091,SALMON EGGS FOR BAIT
3085300091,SALMON UNCL EGGS FOR BAIT,CS,,3085300091,SALMON EGGS FOR BAIT (CAN)
3085101160,SALMON UNCL FILLET,LB,1,3085201160,SALMON FILLET
3085201160,SALMON UNCL FILLET,LB,1,3085201160,SALMON FILLET
3085500635,SALMON UNCL FOR ANIMAL FEEDS,LB,1,5260500635,ANIMAL FEEDS
3085201090,SALMON UNCL FOR BAIT,LB,1,3085201090,SALMON BAIT
3085300613,SALMON UNCL FOR PET FOOD,CS,,5260300613,PET FOOD (CAN)
3085201219,SALMON UNCL HEAD ON,LB,1,3085201223,SALMON DRESSED
3085101219,SALMON UNCL HEAD ON,LB,1,3085201223,SALMON DRESSED
3085300500,SALMON UNCL IN SAUCE,CS,,3085330220,SALMON SPECIALTIES (CAN)
3085101500,SALMON UNCL IN SAUCE,LB,1,3085201500,SALMON IN SAUCE
3085431220,SALMON UNCL KIPPERED,LB,1,3085430220,SALMON SMOKED OR KIPPERED
3085500301,SALMON UNCL MEAL,TN,2000,5260500301,UNCL FISH MEAL
3085422220,SALMON UNCL MILD CURED,LB,1,3085420220,SALMON SALTED OR PICKLED
3085300061,SALMON UNCL PASTES,CS,,3085330220,SALMON SPECIALTIES (CAN)
3085421220,SALMON UNCL PICKLED,LB,1,3085420220,SALMON SALTED OR PICKLED
3085201039,SALMON UNCL PORTIONS,LB,1,3085201039,SALMON PORTIONS
3085101040,SALMON UNCL ROE,LB,1,3085201040,SALMON ROE
3085201040,SALMON UNCL ROE,LB,1,3085201040,SALMON ROE
3085420220,SALMON UNCL SALTED,LB,1,3085420220,SALMON SALTED OR PICKLED
3085420005,SALMON UNCL SALTED BELLIES,LB,1,3085420220,SALMON SALTED OR PICKLED
3085420091,SALMON UNCL SALTED EGGS FOR BAIT,LB,1,3085420091,SALMON SALTED EGGS FOR BAIT
3085420090,SALMON UNCL SALTED FOR BAIT,LB,1,3085420090,SALMON SALTED BAIT
3085420040,SALMON UNCL SALTED ROE,LB,1,3085420040,SALMON SALTED ROE
3085201106,SALMON UNCL SAUSAGE,LB,1,3085201106,SALMON SAUSAGE
3085430220,SALMON UNCL SMOKED,LB,1,3085430220,SALMON SMOKED OR KIPPERED
3085330220,SALMON UNCL SMOKED,CS,,3085330220,SALMON SPECIALTIES (CAN)
3085330101,SALMON UNCL SMOKED CAKES,CS,,3085330220,SALMON SPECIALTIES (CAN)
3085330061,SALMON UNCL SMOKED PASTES,CS,,3085330220,SALMON SPECIALTIES (CAN)
3085201048,SALMON UNCL STEAKS,LB,1,3085201048,SALMON STEAKS
3085101048,SALMON UNCL STEAKS,LB,1,3085201048,SALMON STEAKS
3085201051,SALMON UNCL STUFFED,LB,1,3085201051,SALMON STUFFED
3085101051,SALMON UNCL STUFFED,LB,1,3085201051,SALMON STUFFED
3085201031,SALMON UNCL SURIMI,LB,1,3085201031,SALMON SURIMI
3085201222,SALMON UNCL WHOLE,LB,1,3085201222,SALMON WHOLE
3085101222,SALMON UNCL WHOLE,LB,1,3085201222,SALMON WHOLE
3110600000,SAND PERCH,XX,,,
3110101223,SAND PERCH DRESSED,LB,1,3110201223,SAND PERCH DRESSED
8250101090,SANDWORMS FOR BAIT,XX,,,
1685300502,SARDINE IN CHILI SAUCE,CS,,1685300410,SARDINE (CANNED)
1685300511,SARDINE IN HOT SAUCE,CS,,1685300410,SARDINE (CANNED)
1685300512,SARDINE IN JALAPENO PEPPERS,CS,,1685300410,SARDINE (CANNED)
1685300507,SARDINE IN MUSTARD SAUCE,CS,,1685300410,SARDINE (CANNED)
1685300413,SARDINE IN OLIVE OIL,CS,,1685300410,SARDINE (CANNED)
1685300414,SARDINE IN PEANUT OIL,CS,,1685300410,SARDINE (CANNED)
1685300415,SARDINE IN SOYBEAN OIL,CS,,1685300410,SARDINE (CANNED)
1685300509,SARDINE IN TOMATO SAUCE,CS,,1685300410,SARDINE (CANNED)
1685300410,SARDINE IN WATER,CS,,1685300410,SARDINE (CANNED)
3140101223,SARDINE PACIFIC DRESSED,LB,1,3140101223,SARDINE PACIFIC DRESSED
3140201223,SARDINE PACIFIC DRESSED,LB,1,3140201223,SARDINE PACIFIC DRESSED
3140201090,SARDINE PACIFIC FOR BAIT,LB,1,3140201090,SARDINE PACIFIC BAIT
3140300417,SARDINE PACIFIC IN CANNOLA OIL,CS,,5260300500,OTHER FISH SPECIALTIES (CAN)
3140300502,SARDINE PACIFIC IN CHILI SAUCE,CS,,5260300500,OTHER FISH SPECIALTIES (CAN)
3140300413,SARDINE PACIFIC IN OLIVE OIL,CS,,5260300500,OTHER FISH SPECIALTIES (CAN)
3140300414,SARDINE PACIFIC IN PEANUT OIL,CS,,5260300500,OTHER FISH SPECIALTIES (CAN)
3140300415,SARDINE PACIFIC IN SOYBEAN OIL,CS,,5260300500,OTHER FISH SPECIALTIES (CAN)
3140300416,SARDINE PACIFIC IN SUNFLOWER OIL,CS,,5260300500,OTHER FISH SPECIALTIES (CAN)
3140300509,SARDINE PACIFIC IN TOMATO SAUCE,CS,,5260300500,OTHER FISH SPECIALTIES (CAN)
3140300410,SARDINE PACIFIC IN WATER,CS,,5260300500,OTHER FISH SPECIALTIES (CAN)
3140421090,SARDINE PACIFIC PICKLED FOR BAIT,LB,1,3140421090,SARDINE PACIFIC PICKLED BAIT
3140420220,SARDINE PACIFIC SALTED,LB,1,3140420220,SARDINE PACIFIC SALTED
3140201222,SARDINE PACIFIC WHOLE,LB,1,3140201222,SARDINE PACIFIC WHOLE
3870600000,SARDINE SPANISH,XX,,,
3870101223,SARDINE SPANISH DRESSED,LB,1,3870201223,SARDINE SPANISH DRESSED
3870101090,SARDINE SPANISH FOR BAIT,LB,1,3870201090,SARDINE SPANISH BAIT
3870201090,SARDINE SPANISH FOR BAIT,LB,1,3870201090,SARDINE SPANISH BAIT
3870101222,SARDINE SPANISH WHOLE,LB,1,3870201222,SARDINE SPANISH WHOLE
3870201222,SARDINE SPANISH WHOLE,LB,1,3870201222,SARDINE SPANISH WHOLE
3170211160,SAUGER BREADED FILLET,LB,1,3170211160,SAUGER BREADED FILLET
3170101223,SAUGER DRESSED,LB,1,3170201223,SAUGER DRESSED
3170101160,SAUGER FILLET,LB,1,3170201160,SAUGER FILLET
3170201160,SAUGER FILLET,LB,1,3170201160,SAUGER FILLET
750201223,SCADS DRESSED,LB,1,750201223,SCADS DRESSED
750101223,SCADS DRESSED,LB,1,750201223,SCADS DRESSED
750101222,SCADS WHOLE,LB,1,750201222,SCADS WHOLE
8001600000,SCALLOPS BAY,XX,,,
8001212215,SCALLOPS BAY BREADED COOKED WHOLE,LB,1,8001211215,SCALLOPS BAY BREADED WHOLE
8001211215,SCALLOPS BAY BREADED WHOLE,LB,1,8001211215,SCALLOPS BAY BREADED WHOLE
8001111215,SCALLOPS BAY BREADED WHOLE,LB,1,8001211215,SCALLOPS BAY BREADED WHOLE
8001101133,SCALLOPS BAY IN SHELL,LB,1,8001201133,SCALLOPS BAY IN SHELL
8001204215,SCALLOPS BAY IQF,LB,1,8001201204,SCALLOPS BAY SHUCKED MEAT
8001101204,SCALLOPS BAY SHUCKED MEAT,GL,8.75,8001201204,SCALLOPS BAY SHUCKED MEAT
8001201204,SCALLOPS BAY SHUCKED MEAT,GL,8.75,8001201204,SCALLOPS BAY SHUCKED MEAT
8001430215,SCALLOPS BAY SMOKED WHOLE,LB,1,8009430215,SCALLOPS SMOKED
8005211215,SCALLOPS CALICO BREADED WHOLE,LB,1,8005211215,SCALLOPS CALICO BREADED WHOLE
8005101133,SCALLOPS CALICO IN SHELL,LB,1,8005201133,SCALLOPS CALICO IN SHELL
8005201204,SCALLOPS CALICO SHUCKED MEAT,GL,8.75,8005201204,SCALLOPS CALICO SHUCKED MEAT
8005101204,SCALLOPS CALICO SHUCKED MEAT,GL,8.75,8005201204,SCALLOPS CALICO SHUCKED MEAT
8009600000,SCALLOPS SEA,XX,,,
8009213215,SCALLOPS SEA BATTER DIP WHOLE,LB,1,8009211215,SCALLOPS SEA BREADED WHOLE
8009211101,SCALLOPS SEA BREADED CAKES/PATTY,LB,1,8009211101,SCALLOPS SEA BRD CAKES & PATTIES
8009212120,SCALLOPS SEA BREADED COOKED DINNER,LB,1,8009212120,SCALLOPS SEA BREADED COOK DINNERS
8009212215,SCALLOPS SEA BREADED COOKED WHOLE,LB,1,8009212215,SCALLOPS SEA BREADED COOKED WHOLE
8009211097,SCALLOPS SEA BREADED IMITATION,LB,1,8009211097,SCALLOPS SEA BREADED IMITATION
8009211007,SCALLOPS SEA BREADED NUGGETS,LB,1,8009211007,SCALLOPS SEA BREADED NUGGETS
8009211030,SCALLOPS SEA BREADED PUFFS,LB,1,8009211030,SCALLOPS SEA BREADED PUFFS
8009111215,SCALLOPS SEA BREADED WHOLE,LB,1,8009211215,SCALLOPS SEA BREADED WHOLE
8009211215,SCALLOPS SEA BREADED WHOLE,LB,1,8009211215,SCALLOPS SEA BREADED WHOLE
8009201097,SCALLOPS SEA IMITATION,LB,1,8009201097,SCALLOPS SEA IMITATION
8009300500,SCALLOPS SEA IN SAUCE,CS,,8009300500,SCALLOPS SEA IN SAUCE
8009201500,SCALLOPS SEA IN SAUCE,LB,1,8009201500,SCALLOPS SEA IN SAUCE
8009101133,SCALLOPS SEA IN SHELL,LB,1,8009201133,SCALLOPS SEA IN SHELL
8009204215,SCALLOPS SEA IQF,LB,1,8009201204,SCALLOPS SEA SHUCKED MEAT
8009201204,SCALLOPS SEA SHUCKED MEAT,LB,1,8009201204,SCALLOPS SEA SHUCKED MEAT
8009101204,SCALLOPS SEA SHUCKED MEAT,LB,1,8009201204,SCALLOPS SEA SHUCKED MEAT
8009330215,SCALLOPS SEA SMOKED,CS,1,8009330215,SCALLOPS SMOKED (CAN)
8009430215,SCALLOPS SEA SMOKED,LB,1,8009430215,SCALLOPS SMOKED
8009201051,SCALLOPS SEA STUFFED,LB,1,8009201051,SCALLOPS SEA STUFFED
3260101223,SCULPINS DRESSED,LB,1,3260201223,SCULPINS DRESSED
3295600000,SCUP OR PORGY,XX,,,
3295101223,SCUP OR PORGY DRESSED,LB,1,3295201223,SCUP OR PORGY DRESSED
3295201223,SCUP OR PORGY DRESSED,LB,1,3295201223,SCUP OR PORGY DRESSED
3295101160,SCUP OR PORGY FILLET,LB,1,3295201160,SCUP OR PORGY FILLET
3295201160,SCUP OR PORGY FILLET,LB,1,3295201160,SCUP OR PORGY FILLET
3295101222,SCUP OR PORGY WHOLE,LB,1,3295201222,SCUP OR PORGY WHOLE
3360600000,SEA BASS BLACK,XX,,,
3360201223,SEA BASS BLACK DRESSED,LB,1,3360201223,SEA BASS DRESSED
3360101223,SEA BASS BLACK DRESSED,LB,1,3360201223,SEA BASS DRESSED
3360201160,SEA BASS BLACK FILLET,LB,1,3360201160,SEA BASS FILLET
3360101160,SEA BASS BLACK FILLET,LB,1,3360201160,SEA BASS FILLET
3360430220,SEA BASS BLACK SMOKED,LB,1,3360430220,SEA BASS SMOKED
3360201048,SEA BASS BLACK STEAKS,LB,1,3360201048,SEA BASS STEAKS
3370101160,SEA BASS WHITE FILLET,LB,1,3360201160,SEA BASS FILLET
3370201160,SEA BASS WHITE FILLET,LB,1,3360201160,SEA BASS FILLET
3370431220,SEA BASS WHITE KIPPERED,LB,1,5260430220,UNCL FISH SMOKED
3380101223,SEA CATFISH DRESSED,LB,1,3380201223,SEA CATFISH DRESSED
3380101160,SEA CATFISH FILLET,LB,1,3380201160,SEA CATFISH FILLET
3380201160,SEA CATFISH FILLET,LB,1,3380201160,SEA CATFISH FILLET
3380101222,SEA CATFISH WHOLE,LB,1,3380201222,SEA CATFISH WHOLE
8085600000,SEA CUCUMBER,XX,,,
8085101223,SEA CUCUMBER DRESSED,LB,1,8085201223,SEA CUCUMBER DRESSED
8085440215,SEA CUCUMBER DRIED,LB,1,8085440215,SEA CUCUMBER DRIED
8085440028,SEA CUCUMBER DRIED SKIN,LB,1,8085440215,SEA CUCUMBER DRIED
8085201200,SEA CUCUMBER MEAT,LB,1,8085201200,SEA CUCUMBER MEAT
8085420215,SEA CUCUMBER SALTED,LB,1,8085420215,SEA CUCUMBER SALTED
8085420028,SEA CUCUMBER SALTED SKIN,LB,1,8085420215,SEA CUCUMBER SALTED
8050600000,SEA URCHINS,XX,,,
8050201040,SEA URCHINS ROE,LB,1,8050201040,SEA URCHINS ROE
8050101040,SEA URCHINS ROE,LB,1,8050201040,SEA URCHINS ROE
8050101215,SEA URCHINS WHOLE,LB,1,8050201215,SEA URCHINS WHOLE
3455101223,SEATROUT SAND DRESSED,LB,1,3447201223,SEATROUT DRESSED
3455201160,SEATROUT SAND FILLET,LB,1,3447201160,SEATROUT FILLET
3455101222,SEATROUT SAND WHOLE,LB,1,3447201222,SEATROUT WHOLE
3447600000,SEATROUT SPOTTED,XX,,,
3447201223,SEATROUT SPOTTED DRESSED,LB,1,3447201223,SEATROUT DRESSED
3447101223,SEATROUT SPOTTED DRESSED,LB,1,3447201223,SEATROUT DRESSED
3447201160,SEATROUT SPOTTED FILLET,LB,1,3447201160,SEATROUT FILLET
3447101160,SEATROUT SPOTTED FILLET,LB,1,3447201160,SEATROUT FILLET
3447430220,SEATROUT SPOTTED SMOKED,LB,1,3447430220,SEATROUT SMOKED
3447101222,SEATROUT SPOTTED WHOLE,LB,1,3447201222,SEATROUT WHOLE
3446600000,SEATROUT WEAKFISH,XX,,,
3446101223,SEATROUT WEAKFISH DRESSED,LB,1,3447201223,SEATROUT DRESSED
3446201160,SEATROUT WEAKFISH FILLET,LB,1,3447201160,SEATROUT FILLET
3446101160,SEATROUT WEAKFISH FILLET,LB,1,3447201160,SEATROUT FILLET
3446430220,SEATROUT WEAKFISH SMOKED,LB,1,3447430220,SEATROUT SMOKED
3446101222,SEATROUT WEAKFISH WHOLE,LB,1,3447201222,SEATROUT WHOLE
8178440220,SEAWEED DRIED EDIBLE,LB,1,8178440220,SEAWEEDS DRIED
8178101220,SEAWEED EDIBLE,LB,1,8178201220,SEAWEED EDIBLE
8178500170,SEAWEED INDUSTRIAL PRODUCTS,LB,1,8178500000,SEAWEED INDUSTRIAL PRODUCTS
3474600000,SHAD,XX,,,
3474000000,SHAD,XX,,,
3474101223,SHAD DRESSED,LB,1,3474201223,SHAD DRESSED
3474201160,SHAD FILLET,LB,1,3474201160,SHAD FILLET
3474101160,SHAD FILLET,LB,1,3474201160,SHAD FILLET
3474500635,SHAD FOR ANIMAL FEEDS,LB,1,5260500635,ANIMAL FEEDS
3474101090,SHAD FOR BAIT,LB,1,3474201090,SHAD BAIT
3474201090,SHAD FOR BAIT,LB,1,3474201090,SHAD BAIT
3474300500,SHAD IN SAUCE,CS,,5260300500,OTHER FISH SPECIALTIES (CAN)
3474421090,SHAD PICKLED FOR BAIT,LB,1,3474421090,SHAD PICKLED BAIT
3474300040,SHAD ROE,CS,,5260300010,ROE AND CAVIAR (CAN)
3474101040,SHAD ROE,LB,1,3474201040,SHAD ROE
3474330220,SHAD SMOKED,CS,,5260300500,OTHER FISH SPECIALTIES (CAN)
3474430220,SHAD SMOKED,LB,1,3474430220,SHAD SMOKED
3474101222,SHAD WHOLE,LB,1,3474201222,SHAD WHOLE
3508600000,SHARK,XX,,,
3508201003,SHARK BACKS,LB,1,3508201003,SHARK BACKS
3508101003,SHARK BACKS,LB,1,3508201003,SHARK BACKS
3508201005,SHARK BELLIES,LB,1,3508201005,SHARK BELLIES
3508101005,SHARK BELLIES,LB,1,3508201005,SHARK BELLIES
3503201003,SHARK DOGFISH BACKS,LB,1,3508201003,SHARK BACKS
3503101223,SHARK DOGFISH DRESSED,LB,1,3508201223,SHARK DRESSED
3503201223,SHARK DOGFISH DRESSED,LB,1,3508201223,SHARK DRESSED
3508101223,SHARK DRESSED,LB,1,3508201223,SHARK DRESSED
3508201223,SHARK DRESSED,LB,1,3508201223,SHARK DRESSED
3508101160,SHARK FILLET,LB,1,3508201160,SHARK FILLET
3508201160,SHARK FILLET,LB,1,3508201160,SHARK FILLET
3508201020,SHARK FINS,LB,1,3508201020,SHARK FINS
3508440020,SHARK FINS DRIED,LB,1,3508440020,SHARK FINS DRIED
3508500635,SHARK FOR ANIMAL FEEDS,LB,1,5260500635,ANIMAL FEEDS
3508101090,SHARK FOR BAIT,LB,1,3508201090,SHARK BAIT
3508201090,SHARK FOR BAIT,LB,1,3508201090,SHARK BAIT
3508500650,SHARK FOR SCIENTIFIC SPECIMENS,LB,1,7810500650,SCIENTIFIC SPECIMENS
3508500028,SHARK HIDES,NO,0,3508500028,SHARK HIDES
3508500034,SHARK JAWS,LB,1,3508500034,SHARK JAWS
3508500402,SHARK LIVER OIL,GL,7.75,5260500402,UNCLASSIFIED LIVER OIL
3508500301,SHARK MEAL,TN,2000,5260500301,UNCL FISH MEAL
3508430220,SHARK SMOKED,LB,1,3508430220,SHARK SMOKED
3508201048,SHARK STEAKS,LB,1,3508201048,SHARK STEAKS
3508101048,SHARK STEAKS,LB,1,3508201048,SHARK STEAKS
3508101222,SHARK WHOLE,LB,1,3508201222,SHARK WHOLE
3570101223,SHEEPHEAD SALTWATER DRESSED,LB,1,3570201223,SHEEPHEAD SALTWATER DRESSED
3570201160,SHEEPHEAD SALTWATER FILLET,LB,1,3570201160,SHEEPHEAD SALTWATER FILLET
3570101160,SHEEPHEAD SALTWATER FILLET,LB,1,3570201160,SHEEPHEAD SALTWATER FILLET
3570101222,SHEEPHEAD SALTWATER WHOLE,LB,1,3570201222,SHEEPHEAD SALTWATER WHOLE
3530600000,SHEEPSHEAD FRESHWATER,XX,,,
3530000000,SHEEPSHEAD FRESHWATER,XX,,,
3530500635,SHEEPSHEAD FRESHWATER ANIMAL FEEDS,LB,1,5260500635,ANIMAL FEEDS
3530101223,SHEEPSHEAD FRESHWATER DRESSED,LB,1,3530201223,SHEEPSHEAD FRESHWATER DRESSED
3530201160,SHEEPSHEAD FRESHWATER FILLET,LB,1,3530201160,SHEEPSHEAD FRESHWATER FILLET
3530101160,SHEEPSHEAD FRESHWATER FILLET,LB,1,3530201160,SHEEPSHEAD FRESHWATER FILLET
7381600000,SHRIMP,XX,,,
7381300200,SHRIMP,CS,,7381300200,SHRIMP (CAN)
7381000000,SHRIMP,XX,,,
7381213200,SHRIMP BATTER DIP MEAT,LB,1,7381211200,SHRIMP BREADED MEAT
7381300231,SHRIMP BISQUES,CS,,7381321200,SHRIMP SPECIALTIES (CAN)
7381111101,SHRIMP BREADED CAKES/PATTY,LB,1,7381211101,SHRIMP BREADED CAKES & PATTIES
7381211101,SHRIMP BREADED CAKES/PATTY,LB,1,7381211101,SHRIMP BREADED CAKES & PATTIES
7381212101,SHRIMP BREADED COOKED CAKES/PATTY,LB,1,7381211101,SHRIMP BREADED CAKES & PATTIES
7381212069,SHRIMP BREADED COOKED CRISPS,LB,1,7381211101,SHRIMP BREADED CAKES & PATTIES
7381212120,SHRIMP BREADED COOKED DINNERS,LB,1,7381211120,SHRIMP BREADED DINNERS
7381212041,SHRIMP BREADED COOKED EGG ROLLS,LB,1,7381211051,SHRIMP BREADED STUFFED
7381212200,SHRIMP BREADED COOKED MEAT,LB,1,7381211200,SHRIMP BREADED MEAT
7381212007,SHRIMP BREADED COOKED NUGGETS,LB,1,7381211007,SHRIMP BREADED NUGGETS
7381212051,SHRIMP BREADED COOKED STUFFED,LB,1,7381211051,SHRIMP BREADED STUFFED
7381211120,SHRIMP BREADED DINNERS,LB,1,7381211120,SHRIMP BREADED DINNERS
7381211097,SHRIMP BREADED IMITATION,LB,1,7381211097,SHRIMP BREADED IMITATION
7381111200,SHRIMP BREADED MEAT,LB,1,7381211200,SHRIMP BREADED MEAT
7381211200,SHRIMP BREADED MEAT,LB,1,7381211200,SHRIMP BREADED MEAT
7381211082,SHRIMP BREADED MIXES,LB,1,7381211051,SHRIMP BREADED STUFFED
7381211007,SHRIMP BREADED NUGGETS,LB,1,7381211007,SHRIMP BREADED NUGGETS
7381211030,SHRIMP BREADED PUFFS,LB,1,7381211007,SHRIMP BREADED NUGGETS
7381111051,SHRIMP BREADED STUFFED,LB,1,7381211051,SHRIMP BREADED STUFFED
7381211051,SHRIMP BREADED STUFFED,LB,1,7381211051,SHRIMP BREADED STUFFED
7381202666,SHRIMP COOKED ALASKA PRODUCT,LB,1,7381262200,SHRIMP PEELED COOKED MEAT
7381102666,SHRIMP COOKED ALASKA PRODUCT,LB,1,7381262200,SHRIMP PEELED COOKED MEAT
7381102011,SHRIMP COOKED COCKTAILS,LB,1,7381202500,SHRIMP COOKED IN SAUCE
7381202013,SHRIMP COOKED CREOLES,LB,1,7381202013,SHRIMP COOKED CREOLES
7381102013,SHRIMP COOKED CREOLES,LB,1,7381202013,SHRIMP COOKED CREOLES
7381202041,SHRIMP COOKED EGG ROLLS,LB,1,7381211051,SHRIMP BREADED STUFFED
7381202130,SHRIMP COOKED HEADLESS,LB,1,7381201130,SHRIMP HEADLESS
7381202500,SHRIMP COOKED IN SAUCE,LB,1,7381202500,SHRIMP COOKED IN SAUCE
7381102200,SHRIMP COOKED MEAT,LB,1,7381202200,SHRIMP COOKED MEAT
7381102215,SHRIMP COOKED WHOLE,LB,1,7381202215,SHRIMP COOKED WHOLE
7381202215,SHRIMP COOKED WHOLE,LB,1,7381202215,SHRIMP COOKED WHOLE
7381300017,SHRIMP DIPS AND SPREADS,CS,,7381321200,SHRIMP SPECIALTIES (CAN)
7381101017,SHRIMP DIPS AND SPREADS,LB,1,7381201017,SHRIMP DIPS AND SPREADS
7381440215,SHRIMP DRIED,LB,1,7381440215,SHRIMP DRIED
7381440023,SHRIMP FLAKES,LB,1,7381440215,SHRIMP DRIED
7381201090,SHRIMP FOR BAIT,LB,1,7381201090,SHRIMP BAIT
7381101090,SHRIMP FOR BAIT,LB,1,7381201090,SHRIMP BAIT
7305201130,SHRIMP FRESHWATER PRAWN HEADLESS,LB,1,7305201130,SHRIMP FRESHWATER PRAWN HEADLESS
7305201215,SHRIMP FRESHWATER PRAWN WHOLE,LB,1,7305201215,SHRIMP FRESHWATER PRAWN WHOLE
7381201130,SHRIMP HEADLESS,LB,1,7381201130,SHRIMP HEADLESS
7381101130,SHRIMP HEADLESS,LB,1,7381201130,SHRIMP HEADLESS
7381300500,SHRIMP IN SAUCE,CS,,7381321200,SHRIMP SPECIALTIES (CAN)
7381201500,SHRIMP IN SAUCE,LB,1,7381201500,SHRIMP IN SAUCE
7381204200,SHRIMP MARINATED MEAT,LB,1,7381201500,SHRIMP IN SAUCE
7381500301,SHRIMP MEAL,TN,2000,7381500301,SHRIMP MEAL
7381161205,SHRIMP PEELED AND DEVEINED,LB,1,7381261200,SHRIMP PEELED MEAT
7381261205,SHRIMP PEELED AND DEVEINED,LB,1,7381261200,SHRIMP PEELED MEAT
7381261161,SHRIMP PEELED BLOCKS,LB,1,7381261200,SHRIMP PEELED MEAT
7381262205,SHRIMP PEELED COOKED DEVEINED,LB,1,7381262200,SHRIMP PEELED COOKED MEAT
7381262200,SHRIMP PEELED COOKED MEAT,LB,1,7381262200,SHRIMP PEELED COOKED MEAT
7381162200,SHRIMP PEELED COOKED MEAT,LB,1,7381262200,SHRIMP PEELED COOKED MEAT
7381161200,SHRIMP PEELED MEAT,LB,1,7381261200,SHRIMP PEELED MEAT
7381261200,SHRIMP PEELED MEAT,LB,1,7381261200,SHRIMP PEELED MEAT
7381421090,SHRIMP PICKLED FOR BAIT,LB,1,7381201090,SHRIMP BAIT
7381321200,SHRIMP PICKLED MEAT,CS,,7381321200,SHRIMP SPECIALTIES (CAN)
7325212200,SHRIMP ROCK BREADED COOKED MEAT,LB,1,7381211200,SHRIMP BREADED MEAT
7325211097,SHRIMP ROCK BREADED IMITATION,LB,1,7381211097,SHRIMP BREADED IMITATION
7325211200,SHRIMP ROCK BREADED MEAT,LB,1,7381211200,SHRIMP BREADED MEAT
7325201130,SHRIMP ROCK HEADLESS,LB,1,7381201130,SHRIMP HEADLESS
7325101130,SHRIMP ROCK HEADLESS,LB,1,7381201130,SHRIMP HEADLESS
7325261205,SHRIMP ROCK PEELED AND DEVEINED,LB,1,7381261200,SHRIMP PEELED MEAT
7325262205,SHRIMP ROCK PEELED CKD DEVEINED,LB,1,7381262200,SHRIMP PEELED COOKED MEAT
7325261200,SHRIMP ROCK PEELED MEAT,LB,1,7381261200,SHRIMP PEELED MEAT
7325201215,SHRIMP ROCK WHOLE,LB,1,7381201215,SHRIMP WHOLE
7303000000,SHRIMP SAND,XX,,,
7303421090,SHRIMP SAND PICKLED FOR BAIT,LB,1,7303421090,SHRIMP SAND PICKLED BAIT
7381430200,SHRIMP SMOKED MEAT,LB,1,7381430215,SHRIMP SMOKED
7381300230,SHRIMP SOUPS,CS,,7381321200,SHRIMP SPECIALTIES (CAN)
7381201051,SHRIMP STUFFED,LB,1,7381201051,SHRIMP STUFFED
7381443215,SHRIMP SUN DRIED WHOLE,LB,1,7381440215,SHRIMP DRIED
7381101215,SHRIMP WHOLE,LB,1,7381201215,SHRIMP WHOLE
7381201215,SHRIMP WHOLE,LB,1,7381201215,SHRIMP WHOLE
3650201222,SKATES WHOLE,LB,1,3650201222,SKATES WHOLE
3650201085,SKATES WINGS,LB,1,3650201085,SKATE WINGS
3650101085,SKATES WINGS,LB,1,3650201085,SKATE WINGS
3732000000,SMELT,XX,,,
3732600000,SMELT,XX,,,
3732211220,SMELT BREADED,LB,1,3732211220,SMELT BREADED
3732201223,SMELT DRESSED,LB,1,3732201223,SMELT DRESSED
3732101223,SMELT DRESSED,LB,1,3732201223,SMELT DRESSED
3732101160,SMELT FILLET,LB,1,3732201160,SMELT FILLET
3732500635,SMELT FOR ANIMAL FEEDS,LB,1,5260500635,ANIMAL FEEDS
3732101090,SMELT FOR BAIT,LB,1,3732201090,SMELT BAIT
3732201090,SMELT FOR BAIT,LB,1,3732201090,SMELT BAIT
3732421220,SMELT PICKLED,LB,1,3732420220,SMELT SALTED OR PICKLED
3732421090,SMELT PICKLED FOR BAIT,LB,1,5260201090,UNCL BAIT
3732430220,SMELT SMOKED,LB,1,3732430220,SMELT SMOKED
3732101222,SMELT WHOLE,LB,1,3732201222,SMELT WHOLE
3732201222,SMELT WHOLE,LB,1,3732201222,SMELT WHOLE
3764600000,SNAPPER RED,XX,,,
3764201223,SNAPPER RED DRESSED,LB,1,3768201223,SNAPPER DRESSED
3764101223,SNAPPER RED DRESSED,LB,1,3768201223,SNAPPER DRESSED
3764201160,SNAPPER RED FILLET,LB,1,3768201160,SNAPPER FILLET
3764101160,SNAPPER RED FILLET,LB,1,3768201160,SNAPPER FILLET
3764201048,SNAPPER RED STEAKS,LB,1,3768201048,SNAPPER STEAKS
3764201222,SNAPPER RED WHOLE,LB,1,3768201222,SNAPPER WHOLE
3764101222,SNAPPER RED WHOLE,LB,1,3768201222,SNAPPER WHOLE
3768600000,SNAPPER UNCL,XX,,,
3768101223,SNAPPER UNCL DRESSED,LB,1,3768201223,SNAPPER DRESSED
3768201223,SNAPPER UNCL DRESSED,LB,1,3768201223,SNAPPER DRESSED
3768201160,SNAPPER UNCL FILLET,LB,1,3768201160,SNAPPER FILLET
3768101160,SNAPPER UNCL FILLET,LB,1,3768201160,SNAPPER FILLET
3768101222,SNAPPER UNCL WHOLE,LB,1,3768201222,SNAPPER WHOLE
4000101160,SPEARFISH FILLET,LB,1,4000201160,SPEARFISH FILLET
8200600000,SPONGES,XX,,,
9559600000,SPORT CANNERY,XX,,,
4060600000,SPOT,XX,,,
4060102215,SPOT COOKED WHOLE,LB,1,4060202215,SPOT COOKED WHOLE
4060101223,SPOT DRESSED,LB,1,4060201223,SPOT DRESSED
4060420220,SPOT SALTED,LB,1,4060420220,SPOT SALTED
4060201222,SPOT WHOLE,LB,1,4060201222,SPOT WHOLE
4060101222,SPOT WHOLE,LB,1,4060201222,SPOT WHOLE
8030600000,SQUID,XX,,,
8030300200,SQUID,CS,,8030300200,SQUID (CAN)
8030212200,SQUID BREADED COOKED MEAT,LB,1,8030211215,SQUID BREADED
8030212167,SQUID BREADED COOKED RINGS,LB,1,8030201167,SQUID RINGS
8030211167,SQUID BREADED RINGS,LB,1,8030201167,SQUID RINGS
8030211048,SQUID BREADED STEAKS,LB,1,8030211215,SQUID BREADED
8030211050,SQUID BREADED STRIPS,LB,1,8030201167,SQUID RINGS
8030211215,SQUID BREADED WHOLE,LB,1,8030211215,SQUID BREADED
8030102200,SQUID COOKED MEAT,LB,1,8030202200,SQUID COOKED MEAT
8030202200,SQUID COOKED MEAT,LB,1,8030202200,SQUID COOKED
8030102074,SQUID COOKED SALAD MIXES,LB,1,8030202074,SQUID SALAD MIXES
8030440200,SQUID DRIED,LB,1,8030440200,SQUID DRIED
8030201090,SQUID FOR BAIT,LB,1,8030201090,SQUID FOR BAIT
8030500301,SQUID MEAL,TN,2000,9106500301,UNCL SHELLFISH MEAL
8030101200,SQUID MEAT,LB,1,8030201200,SQUID MEAT
8030201200,SQUID MEAT,LB,1,8030201200,SQUID MEAT
8030421200,SQUID PICKLED,LB,1,8030420200,SQUID SALTED OR PICKLED
8030421090,SQUID PICKLED FOR BAIT,LB,1,8030421090,SQUID PICKLED BAIT
8030201167,SQUID RINGS,LB,1,8030201167,SQUID RINGS
8030202167,SQUID RINGS COOKED,LB,1,8030201167,SQUID RINGS
8030420200,SQUID SALTED,LB,1,8030420200,SQUID SALTED OR PICKLED
8030201048,SQUID STEAKS,LB,1,8030201048,SQUID STEAKS
8030101048,SQUID STEAKS,LB,1,8030201048,SQUID STEAKS
8030101051,SQUID STUFFED,LB,1,8030201051,SQUID STUFFED
8030101165,SQUID TUBES,LB,1,8030201165,SQUID TUBES
8030201165,SQUID TUBES,LB,1,8030201165,SQUID TUBES
8030201215,SQUID WHOLE,LB,1,8030201215,SQUID WHOLE
4180600000,STRIPED BASS,XX,,,
4180201223,STRIPED BASS DRESSED,LB,1,4180201223,STRIPED BASS DRESSED
4180101223,STRIPED BASS DRESSED,LB,1,4180201223,STRIPED BASS DRESSED
4180101160,STRIPED BASS FILLET,LB,1,4180201160,STRIPED BASS FILLET
4180201160,STRIPED BASS FILLET,LB,1,4180201160,STRIPED BASS FILLET
4180201222,STRIPED BASS WHOLE,LB,1,4180201222,STRIPED BASS WHOLE
4180101222,STRIPED BASS WHOLE,LB,1,4180201222,STRIPED BASS WHOLE
4211600000,STURGEON,XX,,,
4211300220,STURGEON,CS,,4211300220,STURGEON (CAN)
4211300010,STURGEON CAVIAR,CS,,5260300010,ROE AND CAVIAR (CAN)
4211420010,STURGEON CAVIAR,LB,1,4211420010,STURGEON CAVIAR
4211101223,STURGEON DRESSED,LB,1,4211201223,STURGEON DRESSED
4211201223,STURGEON DRESSED,LB,1,4211201223,STURGEON DRESSED
4211101160,STURGEON FILLET,LB,1,4211201160,STURGEON FILLET
4211431220,STURGEON KIPPERED,LB,1,4211430220,STURGEON SMOKED
4211101040,STURGEON ROE,LB,1,4211201040,STURGEON ROE
4211201040,STURGEON ROE,LB,1,4211201040,STURGEON ROE
4211330220,STURGEON SMOKED,CS,,4211330220,STURGEON SMOKED (CAN)
4211430220,STURGEON SMOKED,LB,1,4211430220,STURGEON SMOKED
4211101048,STURGEON STEAKS,LB,1,4211201048,STURGEON STEAKS
4211101222,STURGEON WHOLE,LB,1,4211201222,STURGEON WHOLE
4230600000,SUCKERS,XX,,,
4230101223,SUCKERS DRESSED,LB,1,4230201223,SUCKERS DRESSED
4230201160,SUCKERS FILLET,LB,1,4230201160,SUCKERS FILLET
4230101160,SUCKERS FILLET,LB,1,4230201160,SUCKERS FILLET
4230430220,SUCKERS SMOKED,LB,1,4230430220,SUCKERS SMOKED
9555600000,SUPPLIER,XX,,,
4320600000,SWORDFISH,XX,,,
4320101223,SWORDFISH DRESSED,LB,1,4320201223,SWORDFISH DRESSED
4320201223,SWORDFISH DRESSED,LB,1,4320201223,SWORDFISH DRESSED
4320101160,SWORDFISH FILLET,LB,1,4320201160,SWORDFISH FILLET
4320201160,SWORDFISH FILLET,LB,1,4320201160,SWORDFISH FILLET
4320500402,SWORDFISH LIVER OIL,GL,7.75,5260500402,UNCLASSIFIED LIVER OIL
4320201164,SWORDFISH LOINS,LB,1,4320201160,SWORDFISH FILLET
4320101164,SWORDFISH LOINS,LB,1,4320201160,SWORDFISH FILLET
4320430220,SWORDFISH SMOKED,LB,1,4320430220,SWORDFISH SMOKED
4320201048,SWORDFISH STEAKS,LB,1,4320201048,SWORDFISH STEAKS
4320101048,SWORDFISH STEAKS,LB,1,4320201048,SWORDFISH STEAKS
4320101222,SWORDFISH WHOLE,LB,1,4320201222,SWORDFISH WHOLE
4380600000,TAUTOG,XX,,,
4380101223,TAUTOG DRESSED,LB,1,4380201223,TAUTOG DRESSED
4380101160,TAUTOG FILLET,LB,1,4380201160,TAUTOG FILLET
4380430220,TAUTOG SMOKED,LB,1,4380430220,TAUTOG SMOKED
4380101222,TAUTOG WHOLE,LB,1,4380201222,TAUTOG WHOLE
4410600000,TENPOUNDER,XX,,,
4410101223,TENPOUNDER DRESSED,LB,1,4410201223,TENPOUNDER DRESSED
4410101222,TENPOUNDER WHOLE,LB,1,4410201222,TENPOUNDER WHOLE
4460213039,TILAPIA BATTER DIP PORTIONS,LB,1,4460213039,TILAPIA BATTER DIP PORTIONS
4460212160,TILAPIA BREADED COOKED FILLET,LB,1,4460211160,TILAPIA BREADED FILLET
4460211160,TILAPIA BREADED FILLET,LB,1,4460211160,TILAPIA BREADED FILLET
4460201223,TILAPIA DRESSED,LB,1,4460201223,TILAPIA DRESSED
4460101223,TILAPIA DRESSED,LB,1,4460201223,TILAPIA DRESSED
4460201160,TILAPIA FILLET,LB,1,4460201160,TILAPIA FILLET
4460101160,TILAPIA FILLET,LB,1,4460201160,TILAPIA FILLET
4460101222,TILAPIA WHOLE,LB,1,4460201222,TILAPIA WHOLE
4460201222,TILAPIA WHOLE,LB,1,4460201222,TILAPIA WHOLE
4470600000,TILEFISH,XX,,,
4470101223,TILEFISH DRESSED,LB,1,4470201223,TILEFISH DRESSED
4470101160,TILEFISH FILLET,LB,1,4470201160,TILEFISH FILLET
4470201160,TILEFISH FILLET,LB,1,4470201160,TILEFISH FILLET
4470101048,TILEFISH STEAKS,LB,1,4470201048,TILEFISH STEAKS
9563600000,TRANSPORTER,XX,,,
4560201160,TRIGGERFISH FILLET,LB,1,4560201160,TRIGGERFISH FILLET
4560101160,TRIGGERFISH FILLET,LB,1,4560201160,TRIGGERFISH FILLET
4590101223,TRIPLETAIL DRESSED,LB,1,4590201223,TRIPLETAIL DRESSED
4590101160,TRIPLETAIL FILLET,LB,1,4590201160,TRIPLETAIL FILLET
4590101222,TRIPLETAIL WHOLE,LB,1,4590201222,TRIPLETAIL WHOLE
2000101223,TROUT LAKE DRESSED,LB,1,2850201223,TROUT DRESSED
2000201160,TROUT LAKE FILLET,LB,1,2850201160,TROUT FILLET
2000101160,TROUT LAKE FILLET,LB,1,2850201160,TROUT FILLET
2000430220,TROUT LAKE SMOKED,LB,1,2850430220,TROUT SMOKED
2850000000,TROUT RAINBOW,XX,,,
2850300220,TROUT RAINBOW,CS,,5260300500,OTHER FISH SPECIALTIES (CAN)
2850211160,TROUT RAINBOW BREADED FILLET,LB,1,2850211160,TROUT BREADED FILLET
2850211051,TROUT RAINBOW BREADED STUFFED,LB,1,2850211051,TROUT BREADED STUFFED
2850420010,TROUT RAINBOW CAVIAR,LB,1,2850420010,TROUT CAVIAR
2850102160,TROUT RAINBOW COOKED FILLET,LB,1,2850201160,TROUT FILLET
2850101017,TROUT RAINBOW DIPS AND SPREADS,LB,1,2850201017,TROUT DIPS AND SPREADS
2850101223,TROUT RAINBOW DRESSED,LB,1,2850201223,TROUT DRESSED
2850201223,TROUT RAINBOW DRESSED,LB,1,2850201223,TROUT DRESSED
2850201229,TROUT RAINBOW DRESSED & BONED,LB,1,2850201223,TROUT DRESSED
2850101229,TROUT RAINBOW DRESSED & BONED,LB,1,2850201223,TROUT DRESSED
2850101228,TROUT RAINBOW DRESSED & SKND,LB,1,2850201223,TROUT DRESSED
2850201228,TROUT RAINBOW DRESSED & SKND,LB,1,2850201223,TROUT DRESSED
2850101160,TROUT RAINBOW FILLET,LB,1,2850201160,TROUT FILLET
2850201160,TROUT RAINBOW FILLET,LB,1,2850201160,TROUT FILLET
2850201210,TROUT RAINBOW MINCED,LB,1,2850201210,TROUT MINCED
2850430220,TROUT RAINBOW SMOKED,LB,1,2850430220,TROUT SMOKED
2850330220,TROUT RAINBOW SMOKED,CS,,5260300500,OTHER FISH SPECIALTIES (CAN)
4150300220,TROUT STEELHEAD,CS,,5260300500,OTHER FISH SPECIALTIES (CAN)
4150000000,TROUT STEELHEAD,XX,,,
4150201223,TROUT STEELHEAD DRESSED,LB,1,2850201223,TROUT DRESSED
4150101223,TROUT STEELHEAD DRESSED,LB,1,2850201223,TROUT DRESSED
4150101160,TROUT STEELHEAD FILLET,LB,1,2850201160,TROUT FILLET
4150101219,TROUT STEELHEAD HEAD ON,LB,1,2850201223,TROUT DRESSED
4150201219,TROUT STEELHEAD HEAD ON,LB,1,2850201223,TROUT DRESSED
4150430220,TROUT STEELHEAD SMOKED,LB,1,2850430220,TROUT SMOKED
4150330220,TROUT STEELHEAD SMOKED,CS,,5260300500,OTHER FISH SPECIALTIES (CAN)
4150201222,TROUT STEELHEAD WHOLE,LB,1,2850201222,TROUT WHOLE
4150101222,TROUT STEELHEAD WHOLE,LB,1,2850201222,TROUT WHOLE
4656600000,TUNA,XX,,,
4651600000,TUNA ALBACORE,XX,,,
4656375284,TUNA ALBACORE CHUNK DIETETIC,CS,,4656375284,TUNA ALBACORE CHUNK (CAN)
4656375282,TUNA ALBACORE CHUNK IN BRINE,CS,,4656375284,TUNA ALBACORE CHUNK (CAN)
4656375283,TUNA ALBACORE CHUNK IN BROTH,CS,,4656375284,TUNA ALBACORE CHUNK (CAN)
4656375280,TUNA ALBACORE CHUNK IN OIL,CS,,4656375284,TUNA ALBACORE CHUNK (CAN)
4656375281,TUNA ALBACORE CHUNK IN WATER,CS,,4656375284,TUNA ALBACORE CHUNK (CAN)
4651102039,TUNA ALBACORE COOKED PORTIONS,LB,1,4656201039,TUNA PORTIONS
4651101223,TUNA ALBACORE DRESSED,LB,1,4656201223,TUNA DRESSED
4651201223,TUNA ALBACORE DRESSED,LB,1,4656201223,TUNA DRESSED
4651101160,TUNA ALBACORE FILLET,LB,1,4656201160,TUNA FILLET
4651201160,TUNA ALBACORE FILLET,LB,1,4656201160,TUNA FILLET
4656375292,TUNA ALBACORE FLAKE IN BRINE,CS,,4656375284,TUNA ALBACORE CHUNK (CAN)
4656375293,TUNA ALBACORE FLAKE IN BROTH,CS,,4656375284,TUNA ALBACORE CHUNK (CAN)
4656375290,TUNA ALBACORE FLAKE IN OIL,CS,,4656375284,TUNA ALBACORE CHUNK (CAN)
4656375291,TUNA ALBACORE FLAKE IN WATER,CS,,4656375284,TUNA ALBACORE CHUNK (CAN)
4656375500,TUNA ALBACORE IN SAUCE,CS,,4656330220,TUNA SPECIALTIES (CAN)
4651430220,TUNA ALBACORE SMOKED,LB,1,4656430220,TUNA SMOKED
4656375220,TUNA ALBACORE SOLID,CS,,4656375274,TUNA ALBACORE SOLID (CAN)
4656375274,TUNA ALBACORE SOLID DIETETIC,CS,,4656375274,TUNA ALBACORE SOLID (CAN)
4656375272,TUNA ALBACORE SOLID IN BRINE,CS,,4656375274,TUNA ALBACORE SOLID (CAN)
4656375273,TUNA ALBACORE SOLID IN BROTH,CS,,4656375274,TUNA ALBACORE SOLID (CAN)
4656375270,TUNA ALBACORE SOLID IN OIL,CS,,4656375274,TUNA ALBACORE SOLID (CAN)
4656375271,TUNA ALBACORE SOLID IN WATER,CS,,4656375274,TUNA ALBACORE SOLID (CAN)
4651101048,TUNA ALBACORE STEAKS,LB,1,4656201048,TUNA STEAKS
4651201048,TUNA ALBACORE STEAKS,LB,1,4656201048,TUNA STEAKS
4651201222,TUNA ALBACORE WHOLE,LB,1,4656201222,TUNA WHOLE
4657600000,TUNA BIGEYE,XX,,,
4657101223,TUNA BIGEYE DRESSED,LB,1,4656201223,TUNA DRESSED
4657101160,TUNA BIGEYE FILLET,LB,1,4656201160,TUNA FILLET
4658600000,TUNA BLACKFIN,XX,,,
4658430220,TUNA BLACKFIN SMOKED,LB,1,4656430220,TUNA SMOKED
4652600000,TUNA BLUEFIN,XX,,,
4652101223,TUNA BLUEFIN DRESSED,LB,1,4656201223,TUNA DRESSED
4652101160,TUNA BLUEFIN FILLET,LB,1,4656201160,TUNA FILLET
4656376284,TUNA LIGHTMEAT CHUNK DIETETIC,CS,,4656376284,TUNA LIGHTMEAT CHUNK (CAN)
4656376282,TUNA LIGHTMEAT CHUNK IN BRINE,CS,,4656376284,TUNA LIGHTMEAT CHUNK (CAN)
4656376283,TUNA LIGHTMEAT CHUNK IN BROTH,CS,,4656376284,TUNA LIGHTMEAT CHUNK (CAN)
4656376280,TUNA LIGHTMEAT CHUNK IN OIL,CS,,4656376284,TUNA LIGHTMEAT CHUNK (CAN)
4656376281,TUNA LIGHTMEAT CHUNK IN WATER,CS,,4656376284,TUNA LIGHTMEAT CHUNK (CAN)
4656376292,TUNA LIGHTMEAT FLAKE IN BRINE,CS,,4656376284,TUNA LIGHTMEAT CHUNK (CAN)
4656376293,TUNA LIGHTMEAT FLAKE IN BROTH,CS,,4656376284,TUNA LIGHTMEAT CHUNK (CAN)
4656376290,TUNA LIGHTMEAT FLAKE IN OIL,CS,,4656376284,TUNA LIGHTMEAT CHUNK (CAN)
4656376291,TUNA LIGHTMEAT FLAKE IN WATER,CS,,4656376284,TUNA LIGHTMEAT CHUNK (CAN)
4656376220,TUNA LIGHTMEAT SOLID,CS,,4656376274,TUNA LIGHTMEAT SOLID (CAN)
4656376274,TUNA LIGHTMEAT SOLID DIETETIC,CS,,4656376274,TUNA LIGHTMEAT SOLID (CAN)
4656376272,TUNA LIGHTMEAT SOLID IN BRINE,CS,,4656376274,TUNA LIGHTMEAT SOLID (CAN)
4656376273,TUNA LIGHTMEAT SOLID IN BROTH,CS,,4656376274,TUNA LIGHTMEAT SOLID (CAN)
4656376270,TUNA LIGHTMEAT SOLID IN OIL,CS,,4656376274,TUNA LIGHTMEAT SOLID (CAN)
4656376271,TUNA LIGHTMEAT SOLID IN WATER,CS,,4656376274,TUNA LIGHTMEAT SOLID (CAN)
4653600000,TUNA LITTLE,XX,,,
4654600000,TUNA SKIPJACK,XX,,,
4654101223,TUNA SKIPJACK DRESSED,LB,1,4656201223,TUNA DRESSED
4654440220,TUNA SKIPJACK DRIED,LB,1,4656440220,TUNA DRIED
4654101160,TUNA SKIPJACK FILLET,LB,1,4656201160,TUNA FILLET
4654201160,TUNA SKIPJACK FILLET,LB,1,4656201160,TUNA FILLET
4654101048,TUNA SKIPJACK STEAKS,LB,1,4656201048,TUNA STEAKS
4656500401,TUNA UNCL BODY OIL,GL,7.75,5260500401,UNCLASSIFIED BODY OIL
4656202500,TUNA UNCL COOKED IN SAUCE,LB,1,4656202500,TUNA COOKED IN SAUCE
4656102007,TUNA UNCL COOKED NUGGETS,LB,1,4656202007,TUNA COOKED NUGGETS
4656300017,TUNA UNCL DIPS & SPREADS,CS,,4656330220,TUNA SPECIALTIES (CAN)
4656101223,TUNA UNCL DRESSED,LB,1,4656201223,TUNA DRESSED
4656201223,TUNA UNCL DRESSED,LB,1,4656201223,TUNA DRESSED
4656440220,TUNA UNCL DRIED,LB,1,4656440220,TUNA DRIED
4656101160,TUNA UNCL FILLET,LB,1,4656201160,TUNA FILLET
4656201160,TUNA UNCL FILLET,LB,1,4656201160,TUNA FILLET
4656300613,TUNA UNCL FOR PET FOOD,CS,,5260300613,PET FOOD (CAN)
4656300500,TUNA UNCL IN SAUCE,CS,,4656330220,TUNA SPECIALTIES (CAN)
4656101500,TUNA UNCL IN SAUCE,LB,1,4656201500,TUNA IN SAUCE
4656500402,TUNA UNCL LIVER OIL,GL,7.75,5260500402,UNCLASSIFIED LIVER OIL
4656500301,TUNA UNCL MEAL,TN,2000,4656500301,TUNA & MACKEREL MEAL
4656101007,TUNA UNCL NUGGETS,LB,1,4656201007,TUNA NUGGETS
4656420220,TUNA UNCL SALTED,LB,1,4656420220,TUNA SALTED
4656430220,TUNA UNCL SMOKED,LB,1,4656430220,TUNA SMOKED
4656330220,TUNA UNCL SMOKED,CS,,4656330220,TUNA SPECIALTIES (CAN)
4656500046,TUNA UNCL SOLUBLES,GL,10,5260500046,UNCL SOLUBLES
4656201048,TUNA UNCL STEAKS,LB,1,4656201048,TUNA STEAKS
4656101048,TUNA UNCL STEAKS,LB,1,4656201048,TUNA STEAKS
4656101222,TUNA UNCL WHOLE,LB,1,4656201222,TUNA WHOLE
4655600000,TUNA YELLOWFIN,XX,,,
4655201161,TUNA YELLOWFIN BLOCKS,LB,1,4656201160,TUNA FILLET
4655212007,TUNA YELLOWFIN BRD CKD NUGGETS,LB,1,4656211007,TUNA BREADED NUGGETS
4655101223,TUNA YELLOWFIN DRESSED,LB,1,4656201223,TUNA DRESSED
4655440220,TUNA YELLOWFIN DRIED,LB,1,4656440220,TUNA DRIED
4655101160,TUNA YELLOWFIN FILLET,LB,1,4656201160,TUNA FILLET
4655201160,TUNA YELLOWFIN FILLET,LB,1,4656201160,TUNA FILLET
4655201164,TUNA YELLOWFIN LOINS,LB,1,4656201160,TUNA FILLET
4655101007,TUNA YELLOWFIN NUGGETS,LB,1,4656201007,TUNA NUGGETS
4655201039,TUNA YELLOWFIN PORTIONS,LB,1,4656201039,TUNA PORTIONS
4655430220,TUNA YELLOWFIN SMOKED,LB,1,4656430220,TUNA SMOKED
4655201048,TUNA YELLOWFIN STEAKS,LB,1,4656201048,TUNA STEAKS
4655101048,TUNA YELLOWFIN STEAKS,LB,1,4656201048,TUNA STEAKS
4681600000,TURBOT,XX,,,
4681211160,TURBOT BREADED FILLET,LB,1,1235211160,FLOUNDERS BREADED FILLET
4681201223,TURBOT DRESSED,LB,1,1235201223,FLOUNDERS DRESSED
4681101223,TURBOT DRESSED,LB,1,1235201223,FLOUNDERS DRESSED
4681101160,TURBOT FILLET,LB,1,1235201160,FLOUNDERS FILLET
4681201160,TURBOT FILLET,LB,1,1235201160,FLOUNDERS FILLET
4681201500,TURBOT IN SAUCE,LB,1,1235201500,FLOUNDERS IN SAUCES
4681430220,TURBOT SMOKED,LB,1,1235430220,FLOUNDERS SMOKED
4681201222,TURBOT WHOLE,LB,1,1235201222,FLOUNDERS WHOLE
8120300110,TURTLES CHOWDERS,CS,,8120300230,TURTLES SOUPS & CHOWDERS (CAN)
8120101223,TURTLES DRESSED,LB,1,8120201223,TURTLES DRESSED
8120300230,TURTLES SOUPS,CS,,8120300230,TURTLES SOUPS & CHOWDERS (CAN)
8120101048,TURTLES STEAKS,LB,1,8120201048,TURTLES STEAKS
8120600000,TURTLES UNCL,XX,,,
5260600000,UNCL FISH,XX,,,
5260300220,UNCL FISH,CS,,5260300500,OTHER FISH SPECIALTIES (CAN)
5260101004,UNCL FISH BALLS,LB,1,5260201004,UNCL FISH BALLS
5260201004,UNCL FISH BALLS,LB,1,5260201004,UNCL FISH BALLS
5260213101,UNCL FISH BATTER DIP CAKES/PATTY,LB,1,5260213101,UNCL FISH BATTER DIP PATTIES
5260213120,UNCL FISH BATTER DIP DINNERS,LB,1,5260213120,UNCL FISH BATTER COATED DINNERS
5260213160,UNCL FISH BATTER DIP FILLET,LB,1,5260213160,UNCL FISH BATTER COATED FILLET
5260213007,UNCL FISH BATTER DIP NUGGETS,LB,1,5260213007,UNCL FISH BATTER DIP NUGGETS
5260213039,UNCL FISH BATTER DIP PORTIONS,LB,1,5260213039,UNCL FISH BATTER DIP PORTIONS
5260213049,UNCL FISH BATTER DIP STICKS,LB,1,5260213049,UNCL FISH BATTER DIP STICKS
5260201161,UNCL FISH BLOCKS,LB,1,5260201161,UNCL FISH BLOCKS
5260500401,UNCL FISH BODY OIL,GL,7.75,5260500401,UNCLASSIFIED BODY OIL
5260201014,UNCL FISH BONES,LB,1,5260201014,UNCL FISH BONES
5260211220,UNCL FISH BREADED,LB,1,5260211220,UNCL FISH BREADED
5260211004,UNCL FISH BREADED BALLS,LB,1,5260211004,UNCL FISH BREADED BALLS
5260211101,UNCL FISH BREADED CAKES/PATTY,LB,1,5260211101,UNCL FISH BREADED CAKES & PATTIES
5260111101,UNCL FISH BREADED CAKES/PATTY,LB,1,5260211101,UNCL FISH BREADED CAKES & PATTIES
5260212101,UNCL FISH BREADED CKD CAKES/PATTY,LB,1,5260211101,UNCL FISH BREADED CAKES & PATTIES
5260212120,UNCL FISH BREADED COOKED DINNERS,LB,1,5260211120,UNCL FISH BREADED DINNERS
5260212160,UNCL FISH BREADED COOKED FILLET,LB,1,5260211160,UNCL FISH BREADED FILLET
5260212007,UNCL FISH BREADED COOKED NUGGETS,LB,1,5260211007,UNCL FISH BREADED NUGGETS
5260212039,UNCL FISH BREADED COOKED PORTIONS,LB,1,5260211039,UNCL FISH BREADED PORTIONS
5260212049,UNCL FISH BREADED COOKED STICKS,LB,1,5260211049,UNCL FISH BREADED STICKS
5260211120,UNCL FISH BREADED DINNERS,LB,1,5260211120,UNCL FISH BREADED DINNERS
5260211160,UNCL FISH BREADED FILLET,LB,1,5260211160,UNCL FISH BREADED FILLET
5260211103,UNCL FISH BREADED FORMED FILLET,LB,1,5260211103,UNCL FISH BREADED FORMED FILLET
5260211030,UNCL FISH BREADED HORS D'OEUVRES,LB,1,5260211030,UNCL FISH BREADED HORS D'OEUVRES
5260111030,UNCL FISH BREADED HORS D'OEUVRES,LB,1,5260211030,UNCL FISH BREADED HORS D'OEUVRES
5260211082,UNCL FISH BREADED MIXES,LB,1,5260211082,UNCL FISH BREADED MIXES
5260211007,UNCL FISH BREADED NUGGETS,LB,1,5260211007,UNCL FISH BREADED NUGGETS
5260111039,UNCL FISH BREADED PORTIONS,LB,1,5260211039,UNCL FISH BREADED PORTIONS
5260211039,UNCL FISH BREADED PORTIONS,LB,1,5260211039,UNCL FISH BREADED PORTIONS
5260211048,UNCL FISH BREADED STEAKS,LB,1,5260211048,UNCL FISH BREADED STEAKS
5260211049,UNCL FISH BREADED STICKS,LB,1,5260211049,UNCL FISH BREADED STICKS
5260111049,UNCL FISH BREADED STICKS,LB,1,5260211049,UNCL FISH BREADED STICKS
5260211050,UNCL FISH BREADED STRIPS,LB,1,5260211050,UNCL FISH BREADED STRIPS
5260211051,UNCL FISH BREADED STUFFED,LB,1,5260211051,UNCL FISH BREADED STUFFED
5260201101,UNCL FISH CAKES/PATTY,LB,1,5260201101,UNCL FISH CAKES & PATTIES
5260420010,UNCL FISH CAVIAR,LB,1,5260420010,UNCL FISH CAVIAR
5260430010,UNCL FISH CAVIAR SMOKED,LB,1,5260420010,UNCL FISH CAVIAR
5260300110,UNCL FISH CHOWDERS,CS,,5260300500,OTHER FISH SPECIALTIES (CAN)
5260202110,UNCL FISH COOKED CHOWDERS,LB,1,5260202110,UNCL FISH COOKED CHOWDERS
5260202120,UNCL FISH COOKED DINNERS,LB,1,5260202120,UNCL FISH COOKED DINNERS
5260202027,UNCL FISH COOKED GUMBOS,LB,1,5260202027,UNCL FISH COOKED GUMBOS
5260202225,UNCL FISH COOKED HEADED & DRESSED,LB,1,5260202225,UNCL FISH COOKED HEADED & DRESSED
5260102030,UNCL FISH COOKED HORS D'OEUVRES,LB,1,5260202030,UNCL FISH COOKED HORS D'OEUVRES
5260202500,UNCL FISH COOKED IN SAUCE,LB,1,5260201500,UNCL FISH IN SAUCE
5260202007,UNCL FISH COOKED NUGGETS,LB,1,5260201007,UNCL FISH NUGGETS
5260202051,UNCL FISH COOKED STUFFED,LB,1,5260202051,UNCL FISH COOKED STUFFED
5260300017,UNCL FISH DIPS AND SPREADS,CS,,5260300500,OTHER FISH SPECIALTIES (CAN)
5260201017,UNCL FISH DIPS AND SPREADS,LB,1,5260201017,UNCL FISH DIPS AND SPREADS
5260201223,UNCL FISH DRESSED,LB,1,5260201223,UNCL FISH DRESSED
5260101223,UNCL FISH DRESSED,LB,1,5260201223,UNCL FISH DRESSED
5260440220,UNCL FISH DRIED,LB,1,5260440220,UNCL FISH DRIED
5260500141,UNCL FISH FERTILIZER DRY,LB,1,5260500141,UNCL DRY FERTILIZER
5260500142,UNCL FISH FERTILIZER LIQUID,GL,7.75,5260500142,UNCL LIQUID FERTILIZER
5260201160,UNCL FISH FILLET,LB,1,5260201160,UNCL FISH FILLET
5260101160,UNCL FISH FILLET,LB,1,5260201160,UNCL FISH FILLET
5260201635,UNCL FISH FOR ANIMAL FEEDS,LB,1,5260500635,ANIMAL FEEDS
5260500635,UNCL FISH FOR ANIMAL FEEDS,LB,1,5260500635,ANIMAL FEEDS
5260201090,UNCL FISH FOR BAIT,LB,1,5260201090,UNCL BAIT
5260101090,UNCL FISH FOR BAIT,LB,1,5260201090,UNCL BAIT
5260300613,UNCL FISH FOR PET FOOD,CS,,5260300613,PET FOOD (CAN)
5260201024,UNCL FISH GEFILTEFISH,LB,1,5260201024,GEFILTEFISH
5260300024,UNCL FISH GEFILTEFISH,CS,,5260300500,OTHER FISH SPECIALTIES (CAN)
5260300030,UNCL FISH HORS D'OEUVRES,CS,,5260300500,OTHER FISH SPECIALTIES (CAN)
5260201500,UNCL FISH IN SAUCE,LB,1,5260201500,UNCL FISH IN SAUCE
5260300500,UNCL FISH IN SAUCE,CS,,5260300500,OTHER FISH SPECIALTIES (CAN)
5260431220,UNCL FISH KIPPERED,LB,1,5260430220,UNCL FISH SMOKED
5260500402,UNCL FISH LIVER OIL,GL,7.75,5260500402,UNCLASSIFIED LIVER OIL
5260500301,UNCL FISH MEAL,TN,2000,5260500301,UNCL FISH MEAL
5260201210,UNCL FISH MINCED,LB,1,5260201210,UNCL FISH MINCED
5260201007,UNCL FISH NUGGETS,LB,1,5260201007,UNCL FISH NUGGETS
5260300007,UNCL FISH NUGGETS,CS,,5260300500,OTHER FISH SPECIALTIES (CAN)
5260421220,UNCL FISH PICKLED,LB,1,5260420220,UNCL FISH SALTED OR PICKLED
5260421090,UNCL FISH PICKLED FOR BAIT,LB,1,5260201090,UNCL BAIT
5260101039,UNCL FISH PORTIONS,LB,1,5260201039,UNCL FISH PORTIONS
5260201039,UNCL FISH PORTIONS,LB,1,5260201039,UNCL FISH PORTIONS
5260500636,UNCL FISH PROTEIN CONCENTRATE,LB,1,5260500636,UNCL FISH PROTEIN CONCENTRATE
5260300040,UNCL FISH ROE,CS,,5260300500,OTHER FISH SPECIALTIES (CAN)
5260201040,UNCL FISH ROE,LB,1,5260201040,UNCL FISH ROE
5260101040,UNCL FISH ROE,LB,1,5260201040,UNCL FISH ROE
5260102074,UNCL FISH SALAD MIXES,LB,1,5260202074,UNCL FISH SALAD MIXES
5360202074,UNCL FISH SALAD MIXES,LB,1,5260202074,UNCL FISH SALAD MIXES
5260420220,UNCL FISH SALTED,LB,1,5260420220,UNCL FISH SALTED OR PICKLED
5260420040,UNCL FISH SALTED ROE,LB,1,5260420040,UNCL FISH SALTED ROE
5260201106,UNCL FISH SAUSAGE,LB,1,5260201106,UNCL FISH SAUSAGE
5260330220,UNCL FISH SMOKED,CS,,5260300500,OTHER FISH SPECIALTIES (CAN)
5260430220,UNCL FISH SMOKED,LB,1,5260430220,UNCL FISH SMOKED
5260130017,UNCL FISH SMOKED DIPS AND SPREADS,LB,1,5260201017,UNCL FISH DIPS AND SPREADS
5260430017,UNCL FISH SMOKED DIPS AND SPREADS,LB,1,5260201017,UNCL FISH DIPS AND SPREADS
5260500046,UNCL FISH SOLUBLES,GL,10,5260500046,UNCL SOLUBLES
5260101048,UNCL FISH STEAKS,LB,1,5260201048,UNCL FISH STEAKS
5260201048,UNCL FISH STEAKS,LB,1,5260201048,UNCL FISH STEAKS
5260201019,UNCL FISH STOMACHS,LB,1,5260201019,UNCL FISH STOMACHS
5260201051,UNCL FISH STUFFED,LB,1,5260201051,UNCL FISH STUFFED
5260101051,UNCL FISH STUFFED,LB,1,5260201051,UNCL FISH STUFFED
5260201031,UNCL FISH SURIMI,LB,1,5260201031,UNCL FISH SURIMI
5260201096,UNCL FISH SUSHI,LB,1,5260201096,UNCL FISH SUSHI
5260201222,UNCL FISH WHOLE,LB,1,5260201222,UNCL FISH WHOLE
5260101222,UNCL FISH WHOLE,LB,1,5260201222,UNCL FISH WHOLE
9106300200,UNCL SHELLFISH,CS,,9106300500,OTHER SHELLFISH SPECIALTIES (CAN)
9106600000,UNCL SHELLFISH,XX,,,
9106201004,UNCL SHELLFISH BALLS,LB,1,9106201004,UNCL SHELLFISH BALLS
9106300231,UNCL SHELLFISH BISQUES,CS,,9106300500,OTHER SHELLFISH SPECIALTIES (CAN)
9106212120,UNCL SHELLFISH BREADED CKD DINNER,LB,1,9106211120,UNCL SHELLFISH BREADED DINNERS
9106212007,UNCL SHELLFISH BREADED CKD NUGGETS,LB,1,9106212007,UNCL SHELLFISH BREADED CKD NUGGETS
9106211120,UNCL SHELLFISH BREADED DINNERS,LB,1,9106211120,UNCL SHELLFISH BREADED DINNERS
9106211200,UNCL SHELLFISH BREADED MEAT,LB,1,9106211200,UNCL SHELLFISH BREADED MEAT
9106211051,UNCL SHELLFISH BREADED STUFFED,LB,1,9106211051,UNCL SHELLFISH BREADED STUFFED
9106500304,UNCL SHELLFISH CHITIN,LB,1,9106500303,UNCL SHELLFISH CHITOSAN
9106500303,UNCL SHELLFISH CHITOSAN,LB,1,9106500303,UNCL SHELLFISH CHITOSAN
9106300111,UNCL SHELLFISH CHOWDER BASE,CS,,9106300500,OTHER SHELLFISH SPECIALTIES (CAN)
9106300110,UNCL SHELLFISH CHOWDERS,CS,,9106300500,OTHER SHELLFISH SPECIALTIES (CAN)
9106202231,UNCL SHELLFISH COOKED BISQUES,LB,1,9106202231,UNCL SHELLFISH COOKED BISQUES
9106202110,UNCL SHELLFISH COOKED CHOWDERS,LB,1,9106202110,UNCL SHELLFISH COOKED CHOWDERS
9106202120,UNCL SHELLFISH COOKED DINNERS,LB,1,9106202120,UNCL SHELLFISH COOKED DINNERS
9106102027,UNCL SHELLFISH COOKED GUMBOS,LB,1,9106202027,UNCL SHELLFISH COOKED GUMBOS
9106202027,UNCL SHELLFISH COOKED GUMBOS,LB,1,9106202027,UNCL SHELLFISH COOKED GUMBOS
9106202200,UNCL SHELLFISH COOKED MEAT,LB,1,9106202200,UNCL SHELLFISH COOKED MEAT
9106202230,UNCL SHELLFISH COOKED SOUPS,LB,1,9106202230,UNCL SHELLFISH COOKED SOUPS
9106201017,UNCL SHELLFISH DIPS AND SPREADS,LB,1,9106201017,UNCL SHELLFISH DIPS AND SPREADS
9106211030,UNCL SHELLFISH HORS D'OEUVRES,LB,1,9106211030,UNCL SHELLFISH HORS D'OEUVRES
9106300500,UNCL SHELLFISH IN SAUCE,CS,,9106300500,OTHER SHELLFISH SPECIALTIES (CAN)
9106101133,UNCL SHELLFISH IN SHELL,LB,1,9106201133,UNCL SHELLFISH IN SHELL
9106500301,UNCL SHELLFISH MEAL,TN,2000,9106500301,UNCL SHELLFISH MEAL
9106201200,UNCL SHELLFISH MEAT,LB,1,9106201200,UNCL SHELLFISH MEAT
9106421090,UNCL SHELLFISH PICKLED FOR BAIT,LB,1,9106201090,UNCL SHELLFISH BAIT
9106201106,UNCL SHELLFISH SAUSAGE,LB,1,9106201106,UNCL SHELLFISH SAUSAGE
9106500261,UNCL SHELLFISH SHELL BUTTONS,GR,0,9106500261,UNCL SHELLFISH SHELL BUTTONS
9106430017,UNCL SHELLFISH SMOKED DIP& SPREAD,LB,1,9106430017,UNCL SHELLFISH SMOKED DIP& SPREAD
9106300230,UNCL SHELLFISH SOUPS,CS,,9106300500,OTHER SHELLFISH SPECIALTIES (CAN)
9106300240,UNCL SHELLFISH STEWS,CS,,9106300500,OTHER SHELLFISH SPECIALTIES (CAN)
9106500000,UNCL SHELLS FOR INDUSTRIAL,LB,1,9106500000,UNCL SHELLS FOR INDUSTRIAL
9553600000,UNLOADING STATION,XX,,,
4710600000,WAHOO,XX,,,
4710300282,WAHOO CHUNK IN BRINE,CS,,5260300500,OTHER FISH SPECIALTIES (CAN)
4710300280,WAHOO CHUNK IN OIL,CS,,5260300500,OTHER FISH SPECIALTIES (CAN)
4710101223,WAHOO DRESSED,LB,1,4710201223,WAHOO DRESSED
4710201160,WAHOO FILLET,LB,1,4710201160,WAHOO FILLET
4710101160,WAHOO FILLET,LB,1,4710201160,WAHOO FILLET
4710430220,WAHOO SMOKED,LB,1,4710430220,WAHOO SMOKED
4710201048,WAHOO STEAKS,LB,1,4710201048,WAHOO STEAKS
4710101048,WAHOO STEAKS,LB,1,4710201048,WAHOO STEAKS
7751600000,WHELKS,XX,,,
7751202200,WHELKS COOKED MEAT,LB,1,7751202200,WHELKS COOKED MEAT
5000600000,WHITE BASS,XX,,,
5000000000,WHITE BASS,XX,,,
5000101223,WHITE BASS DRESSED,LB,1,5000201223,WHITE BASS DRESSED
5000101160,WHITE BASS FILLET,LB,1,5000201160,WHITE BASS FILLET
5060600000,WHITE PERCH,XX,,,
5060101223,WHITE PERCH DRESSED,LB,1,5060201223,WHITE PERCH DRESSED
5060101160,WHITE PERCH FILLET,LB,1,5060201160,WHITE PERCH FILLET
5031600000,WHITEFISH,XX,,,
5031300220,WHITEFISH,CS,,5031300220,WHITEFISH (CAN)
5031211007,WHITEFISH BREADED NUGGETS,LB,1,5031211007,WHITEFISH BREADED NUGGETS
5031300010,WHITEFISH CAVIAR,CS,,5260300010,ROE AND CAVIAR (CAN)
5031201223,WHITEFISH DRESSED,LB,1,5031201223,WHITEFISH DRESSED
5031101223,WHITEFISH DRESSED,LB,1,5031201223,WHITEFISH DRESSED
5031201160,WHITEFISH FILLET,LB,1,5031201160,WHITEFISH FILLET
5031101160,WHITEFISH FILLET,LB,1,5031201160,WHITEFISH FILLET
5031420220,WHITEFISH SALTED,LB,1,5031420220,WHITEFISH SALTED
5031420010,WHITEFISH SALTED CAVIAR,LB,1,5031420010,WHITEFISH SALTED CAVIAR
5031430220,WHITEFISH SMOKED,LB,1,5031430220,WHITEFISH SMOKED
5031101222,WHITEFISH WHOLE,LB,1,5031201222,WHITEFISH WHOLE
5120101223,WOLFFISH DRESSED,LB,1,5120201223,WOLFFISH DRESSED
5120101160,WOLFFISH FILLET,LB,1,5120201160,WOLFFISH FILLET
5120201160,WOLFFISH FILLET,LB,1,5120201160,WOLFFISH FILLET
5131101223,WRECKFISH DRESSED,LB,1,5131201223,WRECKFISH DRESSED
5131101160,WRECKFISH FILLET,LB,1,5131201160,WRECKFISH FILLET
5170600000,YELLOW PERCH,XX,,,
5170111160,YELLOW PERCH BREADED FILLET,LB,1,5170211160,YELLOW PERCH BREADED FILLET
5170211160,YELLOW PERCH BREADED FILLET,LB,1,5170211160,YELLOW PERCH BREADED FILLET
5170201223,YELLOW PERCH DRESSED,LB,1,5170201223,YELLOW PERCH DRESSED
5170101223,YELLOW PERCH DRESSED,LB,1,5170201223,YELLOW PERCH DRESSED
5170101160,YELLOW PERCH FILLET,LB,1,5170201160,YELLOW PERCH FILLET
5170201160,YELLOW PERCH FILLET,LB,1,5170201160,YELLOW PERCH FILLET
5170101222,YELLOW PERCH WHOLE,LB,1,5170201222,YELLOW PERCH WHOLE
5190600000,YELLOW PIKE,XX,,,
5190111160,YELLOW PIKE BREADED FILLET,LB,1,5190211160,YELLOW PIKE BREADED FILLET
5190211160,YELLOW PIKE BREADED FILLET,LB,1,5190211160,YELLOW PIKE BREADED FILLET
5190101223,YELLOW PIKE DRESSED,LB,1,5190201223,YELLOW PIKE DRESSED
5190201223,YELLOW PIKE DRESSED,LB,1,5190201223,YELLOW PIKE DRESSED
5190201160,YELLOW PIKE FILLET,LB,1,5190201160,YELLOW PIKE FILLET
5190101160,YELLOW PIKE FILLET,LB,1,5190201160,YELLOW PIKE FILLET
5190101222,YELLOW PIKE WHOLE,LB,1,5190201222,YELLOW PIKE WHOLE
5230300220,YELLOWTAIL JACK,CS,,5260300500,OTHER FISH SPECIALTIES (CAN)
5230101223,YELLOWTAIL JACK DRESSED,LB,1,5230201223,YELLOWTAIL JACK DRESSED
5230201223,YELLOWTAIL JACK DRESSED,LB,1,5230201223,YELLOWTAIL JACK DRESSED
5230201160,YELLOWTAIL JACK FILLET,LB,1,5230201160,YELLOWTAIL JACK FILLET
5230101160,YELLOWTAIL JACK FILLET,LB,1,5230201160,YELLOWTAIL JACK FILLET
5230430220,YELLOWTAIL JACK SMOKED,LB,1,5230430220,YELLOWTAIL JACK SMOKED
5230101222,YELLOWTAIL JACK WHOLE,LB,1,5230201222,YELLOWTAIL JACK WHOLE
5230201222,YELLOWTAIL JACK WHOLE,LB,1,5230201222,YELLOWTAIL JACK WHOLE
