pp_code,pp_dscp,units,cnvfac,group_code,group_name,pp_species,pp_species_full,pacfin_species_code,fmp,notes
7390000000,ABALONE,XX,NA,NA,NA,ABALONE,ABALONE,ABLN,SHLL,All abalone
7390300200,ABALONE,CS,NA,7390300200,ABALONE (CAN),ABALONE,ABALONE,ABLN,SHLL,All abalone
7390211200,ABALONE BREADED MEAT,LB,1,7390211200,ABALONE BREADED MEAT,ABALONE,ABALONE,ABLN,SHLL,All abalone
7390440200,ABALONE DRIED,LB,1,7390440200,ABALONE DRIED,ABALONE,ABALONE,ABLN,SHLL,All abalone
7390101133,ABALONE IN SHELL,LB,1,7390201133,ABALONE IN SHELL,ABALONE,ABALONE,ABLN,SHLL,All abalone
7390101204,ABALONE SHUCKED,LB,1,7390201048,ABALONE STEAKS,ABALONE,ABALONE,ABLN,SHLL,All abalone
7390201204,ABALONE SHUCKED,LB,1,7390201048,ABALONE STEAKS,ABALONE,ABALONE,ABLN,SHLL,All abalone
7390430200,ABALONE SMOKED MEAT,LB,1,7390430200,ABALONE SMOKED,ABALONE,ABALONE,ABLN,SHLL,All abalone
7390101048,ABALONE STEAKS,LB,1,7390201048,ABALONE STEAKS,ABALONE,ABALONE,ABLN,SHLL,All abalone
7390201048,ABALONE STEAKS,LB,1,7390201048,ABALONE STEAKS,ABALONE,ABALONE,ABLN,SHLL,All abalone
10300220,ALEWIVES,CS,NA,5260300500,OTHER FISH SPECIALTIES (CAN),ALEWIVES,ALEWIVES,OTHR,OTHR,Atlantic species
10500401,ALEWIVES BODY OIL,GL,7.75,1685500401,HERRING OIL,ALEWIVES,ALEWIVES,OTHR,OTHR,Atlantic species
10101223,ALEWIVES DRESSED,LB,1,10201223,ALEWIVES DRESSED,ALEWIVES,ALEWIVES,OTHR,OTHR,Atlantic species
10500141,ALEWIVES FERTILIZER DRY,LB,1,10500141,ALEWIVES FERTILIZER DRY,ALEWIVES,ALEWIVES,OTHR,OTHR,Atlantic species
10500142,ALEWIVES FERTILIZER LIQUID,GL,7.75,10500142,ALEWIVES FERTILIZER LIQUID,ALEWIVES,ALEWIVES,OTHR,OTHR,Atlantic species
10500635,ALEWIVES FOR ANIMAL FEEDS,LB,1,5260500635,ANIMAL FEEDS,ALEWIVES,ALEWIVES,OTHR,OTHR,Atlantic species
10201090,ALEWIVES FOR BAIT,LB,1,10201090,ALEWIVES BAIT,ALEWIVES,ALEWIVES,OTHR,OTHR,Atlantic species
10101090,ALEWIVES FOR BAIT,LB,1,10201090,ALEWIVES BAIT,ALEWIVES,ALEWIVES,OTHR,OTHR,Atlantic species
10300613,ALEWIVES FOR PET FOOD,CS,NA,5260300613,PET FOOD (CAN),ALEWIVES,ALEWIVES,OTHR,OTHR,Atlantic species
10500301,ALEWIVES MEAL,TN,2000,1685500301,HERRING MEAL,ALEWIVES,ALEWIVES,OTHR,OTHR,Atlantic species
10300040,ALEWIVES ROE,CS,NA,5260300010,ROE AND CAVIAR (CAN),ALEWIVES,ALEWIVES,OTHR,OTHR,Atlantic species
10420220,ALEWIVES SALTED,LB,1,10420220,ALEWIVES SALTED,ALEWIVES,ALEWIVES,OTHR,OTHR,Atlantic species
10430220,ALEWIVES SMOKED,LB,1,10430220,ALEWIVES SMOKED,ALEWIVES,ALEWIVES,OTHR,OTHR,Atlantic species
10101222,ALEWIVES WHOLE,LB,1,10201222,ALEWIVES WHOLE,ALEWIVES,ALEWIVES,OTHR,OTHR,Atlantic species
9007600000,ALLIGATOR,XX,NA,NA,NA,ALLIGATOR,ALLIGATOR,OTHR,OTHR,Non-fish
9007500028,ALLIGATOR HIDES,NO,0,9007500028,ALLIGATOR HIDES,ALLIGATOR,ALLIGATOR,OTHR,OTHR,Non-fish
9007101200,ALLIGATOR MEAT,LB,1,9007201200,ALLIGATOR MEAT,ALLIGATOR,ALLIGATOR,OTHR,OTHR,Non-fish
9007201200,ALLIGATOR MEAT,LB,1,9007201200,ALLIGATOR MEAT,ALLIGATOR,ALLIGATOR,OTHR,OTHR,Non-fish
9007201106,ALLIGATOR SAUSAGE,LB,1,9007201106,ALLIGATOR SAUSAGE,ALLIGATOR,ALLIGATOR,OTHR,OTHR,Non-fish
30101223,AMBERJACK DRESSED,LB,1,30201223,AMBERJACK DRESSED,AMBERJACK,AMBERJACK,OTHR,OTHR,Not common Pacific species
30201223,AMBERJACK DRESSED,LB,1,30201223,AMBERJACK DRESSED,AMBERJACK,AMBERJACK,OTHR,OTHR,Not common Pacific species
30440220,AMBERJACK DRIED,LB,1,30440220,AMBERJACK DRIED,AMBERJACK,AMBERJACK,OTHR,OTHR,Not common Pacific species
30101160,AMBERJACK FILLET,LB,1,30201160,AMBERJACK FILLET,AMBERJACK,AMBERJACK,OTHR,OTHR,Not common Pacific species
30201160,AMBERJACK FILLET,LB,1,30201160,AMBERJACK FILLET,AMBERJACK,AMBERJACK,OTHR,OTHR,Not common Pacific species
30430220,AMBERJACK SMOKED,LB,1,30430220,AMBERJACK SMOKED,AMBERJACK,AMBERJACK,OTHR,OTHR,Not common Pacific species
30201222,AMBERJACK WHOLE,LB,1,30201222,AMBERJACK WHOLE,AMBERJACK,AMBERJACK,OTHR,OTHR,Not common Pacific species
30101222,AMBERJACK WHOLE,LB,1,30201222,AMBERJACK WHOLE,AMBERJACK,AMBERJACK,OTHR,OTHR,Not common Pacific species
60500401,ANCHOVY BODY OIL,GL,7.75,5260500401,UNCLASSIFIED BODY OIL,ANCHOVY,ANCHOVY,NANC,CPEL,Northern anchovy
60440220,ANCHOVY DRIED,LB,1,60440220,ANCHOVY DRIED,ANCHOVY,ANCHOVY,NANC,CPEL,Northern anchovy
60201090,ANCHOVY FOR BAIT,LB,1,60201090,ANCHOVY BAIT,ANCHOVY,ANCHOVY,NANC,CPEL,Northern anchovy
60300613,ANCHOVY FOR PET FOOD,CS,NA,5260300613,PET FOOD (CAN),ANCHOVY,ANCHOVY,NANC,CPEL,Northern anchovy
60300413,ANCHOVY IN OLIVE OIL,CS,NA,5260300500,OTHER FISH SPECIALTIES (CAN),ANCHOVY,ANCHOVY,NANC,CPEL,Northern anchovy
60300500,ANCHOVY IN SAUCE,CS,NA,5260300500,OTHER FISH SPECIALTIES (CAN),ANCHOVY,ANCHOVY,NANC,CPEL,Northern anchovy
60300415,ANCHOVY IN SOYBEAN OIL,CS,NA,5260300500,OTHER FISH SPECIALTIES (CAN),ANCHOVY,ANCHOVY,NANC,CPEL,Northern anchovy
60300416,ANCHOVY IN SUNFLOWER SEED OIL,CS,NA,5260300500,OTHER FISH SPECIALTIES (CAN),ANCHOVY,ANCHOVY,NANC,CPEL,Northern anchovy
60500301,ANCHOVY MEAL,TN,2000,5260500301,UNCL FISH MEAL,ANCHOVY,ANCHOVY,NANC,CPEL,Northern anchovy
60300061,ANCHOVY PASTES,CS,NA,5260300500,OTHER FISH SPECIALTIES (CAN),ANCHOVY,ANCHOVY,NANC,CPEL,Northern anchovy
60420220,ANCHOVY SALTED,LB,1,60420220,ANCHOVY SALTED,ANCHOVY,ANCHOVY,NANC,CPEL,Northern anchovy
60201222,ANCHOVY WHOLE,LB,1,60201222,ANCHOVY WHOLE,ANCHOVY,ANCHOVY,NANC,CPEL,Northern anchovy
60101222,ANCHOVY WHOLE,LB,1,60201222,ANCHOVY WHOLE,ANCHOVY,ANCHOVY,NANC,CPEL,Northern anchovy
120600000,ANGLERFISH,XX,NA,NA,NA,ANGLERFISH,ANGLERFISH,OTHR,OTHR,Monkfish - primarily Atlantic
120101223,ANGLERFISH DRESSED,LB,1,120201223,ANGLERFISH DRESSED,ANGLERFISH,ANGLERFISH,OTHR,OTHR,Monkfish - primarily Atlantic
120201223,ANGLERFISH DRESSED,LB,1,120201223,ANGLERFISH DRESSED,ANGLERFISH,ANGLERFISH,OTHR,OTHR,Monkfish - primarily Atlantic
120101160,ANGLERFISH FILLET,LB,1,120201160,ANGLERFISH FILLET,ANGLERFISH,ANGLERFISH,OTHR,OTHR,Monkfish - primarily Atlantic
120201160,ANGLERFISH FILLET,LB,1,120201160,ANGLERFISH FILLET,ANGLERFISH,ANGLERFISH,OTHR,OTHR,Monkfish - primarily Atlantic
120201032,ANGLERFISH LIVERS,LB,1,120201032,ANGLERFISH LIVERS,ANGLERFISH,ANGLERFISH,OTHR,OTHR,Monkfish - primarily Atlantic
120101032,ANGLERFISH LIVERS,LB,1,120201032,ANGLERFISH LIVERS,ANGLERFISH,ANGLERFISH,OTHR,OTHR,Monkfish - primarily Atlantic
120430220,ANGLERFISH SMOKED,LB,1,120430220,ANGLERFISH SMOKED,ANGLERFISH,ANGLERFISH,OTHR,OTHR,Monkfish - primarily Atlantic
120201053,ANGLERFISH TAILS,LB,1,120201053,ANGLERFISH TAILS,ANGLERFISH,ANGLERFISH,OTHR,OTHR,Monkfish - primarily Atlantic
120101053,ANGLERFISH TAILS,LB,1,120201053,ANGLERFISH TAILS,ANGLERFISH,ANGLERFISH,OTHR,OTHR,Monkfish - primarily Atlantic
120201222,ANGLERFISH WHOLE,LB,1,120201222,ANGLERFISH WHOLE,ANGLERFISH,ANGLERFISH,OTHR,OTHR,Monkfish - primarily Atlantic
9564600000,AQUACULTURE,XX,NA,NA,NA,AQUACULTURE,AQUACULTURE,NA,NA,Business type - exclude
2116500401,ATKA MACKEREL BODY OIL,GL,7.75,2116500401,ATKA MACKEREL OIL,ATKA,ATKA MACKEREL,AMCK,GRND,Atka mackerel - groundfish
2116101223,ATKA MACKEREL DRESSED,LB,1,2116201223,ATKA MACKEREL DRESSED,ATKA,ATKA MACKEREL,AMCK,GRND,Atka mackerel - groundfish
2116201223,ATKA MACKEREL DRESSED,LB,1,2116201223,ATKA MACKEREL DRESSED,ATKA,ATKA MACKEREL,AMCK,GRND,Atka mackerel - groundfish
2116201160,ATKA MACKEREL FILLET,LB,1,2116201160,ATKA MACKEREL FILLET,ATKA,ATKA MACKEREL,AMCK,GRND,Atka mackerel - groundfish
2116101160,ATKA MACKEREL FILLET,LB,1,2116201160,ATKA MACKEREL FILLET,ATKA,ATKA MACKEREL,AMCK,GRND,Atka mackerel - groundfish
2116201090,ATKA MACKEREL FOR BAIT,LB,1,2116201090,ATKA MACKEREL BAIT,ATKA,ATKA MACKEREL,AMCK,GRND,Atka mackerel - groundfish
2116500301,ATKA MACKEREL MEAL,TN,2000,2116500301,ATKA MACKEREL MEAL,ATKA,ATKA MACKEREL,AMCK,GRND,Atka mackerel - groundfish
2116201031,ATKA MACKEREL SURIMI,LB,1,2116201031,ATKA MACKEREL SURIMI,ATKA,ATKA MACKEREL,AMCK,GRND,Atka mackerel - groundfish
2116201222,ATKA MACKEREL WHOLE,LB,1,2116201222,ATKA MACKEREL WHOLE,ATKA,ATKA MACKEREL,AMCK,GRND,Atka mackerel - groundfish
9549600000,AUCTION HOUSE,XX,NA,NA,NA,AUCTION,AUCTION,NA,NA,Business type - exclude
150600000,BALLYHOO,XX,NA,NA,NA,BALLYHOO,BALLYHOO,OTHR,OTHR,Baitfish - Atlantic/tropical
150101090,BALLYHOO FOR BAIT,LB,1,150201090,BALLYHOO BAIT,BALLYHOO,BALLYHOO,OTHR,OTHR,Baitfish - Atlantic/tropical
150201090,BALLYHOO FOR BAIT,LB,1,150201090,BALLYHOO BAIT,BALLYHOO,BALLYHOO,OTHR,OTHR,Baitfish - Atlantic/tropical
7250201204,BARNACLE GOOSENECK SHUCKED MEAT,LB,1,7250201204,BARNACLE GOOSENECK SHUCKED MEAT,BARNACLE,BARNACLE,SHLL,SHLL,Barnacles - shellfish
7250101204,BARNACLE GOOSENECK SHUCKED MEAT,LB,1,7250201204,BARNACLE GOOSENECK SHUCKED MEAT,BARNACLE,BARNACLE,SHLL,SHLL,Barnacles - shellfish
7250101215,BARNACLE GOOSENECK WHOLE,LB,1,7250201215,BARNACLE GOOSENECK WHOLE,BARNACLE,BARNACLE,SHLL,SHLL,Barnacles - shellfish
7250201215,BARNACLE GOOSENECK WHOLE,LB,1,7250201215,BARNACLE GOOSENECK WHOLE,BARNACLE,BARNACLE,SHLL,SHLL,Barnacles - shellfish
180101160,BARRACUDA FILLET,LB,1,180201160,BARRACUDA FILLET,BARRACUDA,BARRACUDA,CUDA,OTHR,Pacific barracuda
180430220,BARRACUDA SMOKED,LB,1,180430220,BARRACUDA SMOKED,BARRACUDA,BARRACUDA,CUDA,OTHR,Pacific barracuda
3910201160,BARRAMUNDI FILLET,LB,1,3910201090,BARRAMUNDI FILLETS,BARRAMUNDI,BARRAMUNDI,OTHR,OTHR,Australian species - aquaculture
130600000,BIGEYE SCAD,XX,NA,NA,NA,BIGEYE,BIGEYE SCAD,ETNA,HMSP,Bigeye tuna - HMS
130440220,BIGEYE SCAD DRIED,LB,1,130440220,BIGEYE SCAD DRIED,BIGEYE,BIGEYE SCAD,ETNA,HMSP,Bigeye tuna - HMS
8230101090,BLOODWORMS FOR BAIT,XX,NA,NA,NA,BLOODWORMS,BLOODWORMS,OTHR,OTHR,Bait - not fish
220212049,BLUE WHITING BREADED COOKED STICKS,LB,1,220212049,BLUE WHITING BREADED STICKS,BLUE,BLUE WHITING,OTHR,OTHR,Blue-prefixed species
230600000,BLUEFISH,XX,NA,NA,NA,BLUEFISH,BLUEFISH,OTHR,OTHR,Atlantic species
230101017,BLUEFISH DIPS AND SPREADS,LB,1,230201017,BLUEFISH DIPS AND SPREADS,BLUEFISH,BLUEFISH,OTHR,OTHR,Atlantic species
230101223,BLUEFISH DRESSED,LB,1,230201223,BLUEFISH DRESSED,BLUEFISH,BLUEFISH,OTHR,OTHR,Atlantic species
230201160,BLUEFISH FILLET,LB,1,230201160,BLUEFISH FILLET,BLUEFISH,BLUEFISH,OTHR,OTHR,Atlantic species
230101160,BLUEFISH FILLET,LB,1,230201160,BLUEFISH FILLET,BLUEFISH,BLUEFISH,OTHR,OTHR,Atlantic species
230430220,BLUEFISH SMOKED,LB,1,230430220,BLUEFISH SMOKED,BLUEFISH,BLUEFISH,OTHR,OTHR,Atlantic species
230101222,BLUEFISH WHOLE,LB,1,230201222,BLUEFISH WHOLE,BLUEFISH,BLUEFISH,OTHR,OTHR,Atlantic species
270101223,BLUERUNNER DRESSED,LB,1,270201223,BLUERUNNER DRESSED,BLUERUNNER,BLUERUNNER,OTHR,OTHR,Atlantic species
270101222,BLUERUNNER WHOLE,LB,1,270201222,BLUERUNNER WHOLE,BLUERUNNER,BLUERUNNER,OTHR,OTHR,Atlantic species
333600000,BONITO,XX,NA,NA,NA,BONITO,BONITO,PBNT,CPEL,Pacific bonito
333300280,BONITO CHUNK IN OIL,CS,NA,5260300500,OTHER FISH SPECIALTIES (CAN),BONITO,BONITO,PBNT,CPEL,Pacific bonito
333300281,BONITO CHUNK IN WATER,CS,NA,5260300500,OTHER FISH SPECIALTIES (CAN),BONITO,BONITO,PBNT,CPEL,Pacific bonito
333201223,BONITO DRESSED,LB,1,333201223,BONITO DRESSED,BONITO,BONITO,PBNT,CPEL,Pacific bonito
333101223,BONITO DRESSED,LB,1,333201223,BONITO DRESSED,BONITO,BONITO,PBNT,CPEL,Pacific bonito
333440220,BONITO DRIED,LB,1,333440220,BONITO DRIED,BONITO,BONITO,PBNT,CPEL,Pacific bonito
333300290,BONITO FLAKE IN OIL,CS,NA,5260300500,OTHER FISH SPECIALTIES (CAN),BONITO,BONITO,PBNT,CPEL,Pacific bonito
333300500,BONITO IN SAUCE,CS,NA,5260300500,OTHER FISH SPECIALTIES (CAN),BONITO,BONITO,PBNT,CPEL,Pacific bonito
333430220,BONITO SMOKED,LB,1,333430220,BONITO SMOKED,BONITO,BONITO,PBNT,CPEL,Pacific bonito
333300270,BONITO SOLID IN OIL,CS,NA,5260300500,OTHER FISH SPECIALTIES (CAN),BONITO,BONITO,PBNT,CPEL,Pacific bonito
333300271,BONITO SOLID IN WATER,CS,NA,5260300500,OTHER FISH SPECIALTIES (CAN),BONITO,BONITO,PBNT,CPEL,Pacific bonito
333101222,BONITO WHOLE,LB,1,333201222,BONITO WHOLE,BONITO,BONITO,PBNT,CPEL,Pacific bonito
360101223,BOWFIN DRESSED,LB,1,360201223,BOWFIN DRESSED,BOWFIN,BOWFIN,OTHR,OTHR,Freshwater species
360101040,BOWFIN ROE,LB,1,360201040,BOWFIN ROE,BOWFIN,BOWFIN,OTHR,OTHR,Freshwater species
6000101090,BRINE SHRIMP FOR BAIT,LB,1,6000201090,BRINE SHRIMP BAIT,BRINE,BRINE,BSRM,SRMP,Brine shrimp - bait shrimp
6000201090,BRINE SHRIMP FOR BAIT,LB,1,6000201090,BRINE SHRIMP BAIT,BRINE,BRINE,BSRM,SRMP,Brine shrimp - bait shrimp
9551600000,BROKER,XX,NA,NA,NA,BROKER,BROKER,NA,NA,Business type - exclude
420600000,BUFFALOFISH,XX,NA,NA,NA,BUFFALOFISH,BUFFALOFISH,OTHR,OTHR,Freshwater species
420101223,BUFFALOFISH DRESSED,LB,1,420201223,BUFFALOFISH DRESSED,BUFFALOFISH,BUFFALOFISH,OTHR,OTHR,Freshwater species
420101160,BUFFALOFISH FILLET,LB,1,420201160,BUFFALOFISH FILLET,BUFFALOFISH,BUFFALOFISH,OTHR,OTHR,Freshwater species
420201160,BUFFALOFISH FILLET,LB,1,420201160,BUFFALOFISH FILLET,BUFFALOFISH,BUFFALOFISH,OTHR,OTHR,Freshwater species
420000000,BUFFALOFISH LIVE,XX,NA,NA,NA,BUFFALOFISH,BUFFALOFISH,OTHR,OTHR,Freshwater species
420430220,BUFFALOFISH SMOKED,LB,1,420430220,BUFFALOFISH SMOKED,BUFFALOFISH,BUFFALOFISH,OTHR,OTHR,Freshwater species
480101223,BURBOT DRESSED,LB,1,480201223,BURBOT DRESSED,BURBOT,BURBOT,OTHR,OTHR,Freshwater species
521600000,BUTTERFISH,XX,NA,NA,NA,BUTTERFISH,BUTTERFISH,PBTR,OTHR,Pacific butterfish
521101223,BUTTERFISH DRESSED,LB,1,521201223,BUTTERFISH DRESSED,BUTTERFISH,BUTTERFISH,PBTR,OTHR,Pacific butterfish
521201223,BUTTERFISH DRESSED,LB,1,521201223,BUTTERFISH DRESSED,BUTTERFISH,BUTTERFISH,PBTR,OTHR,Pacific butterfish
521101160,BUTTERFISH FILLET,LB,1,521201160,BUTTERFISH FILLET,BUTTERFISH,BUTTERFISH,PBTR,OTHR,Pacific butterfish
521201090,BUTTERFISH FOR BAIT,LB,1,521201090,BUTTERFISH BAIT,BUTTERFISH,BUTTERFISH,PBTR,OTHR,Pacific butterfish
521430220,BUTTERFISH SMOKED,LB,1,521430220,BUTTERFISH SMOKED,BUTTERFISH,BUTTERFISH,PBTR,OTHR,Pacific butterfish
521101222,BUTTERFISH WHOLE,LB,1,521201222,BUTTERFISH WHOLE,BUTTERFISH,BUTTERFISH,PBTR,OTHR,Pacific butterfish
521201222,BUTTERFISH WHOLE,LB,1,521201222,BUTTERFISH WHOLE,BUTTERFISH,BUTTERFISH,PBTR,OTHR,Pacific butterfish
9557600000,BUYING STATION,XX,NA,NA,NA,BUYING,BUYING,NA,NA,Business type - exclude
3610201040,CAPELIN ROE,LB,1,3610201040,CAPELIN ROE,CAPELIN,CAPELIN,CPLN,GRND,Capelin - groundfish
630000000,CARP,XX,NA,NA,NA,CARP,CARP,OTHR,OTHR,Freshwater species
630600000,CARP,XX,NA,NA,NA,CARP,CARP,OTHR,OTHR,Freshwater species
630500401,CARP BODY OIL,GL,7.75,5260500401,UNCLASSIFIED BODY OIL,CARP,CARP,OTHR,OTHR,Freshwater species
630201223,CARP DRESSED,LB,1,630201223,CARP DRESSED,CARP,CARP,OTHR,OTHR,Freshwater species
630101223,CARP DRESSED,LB,1,630201223,CARP DRESSED,CARP,CARP,OTHR,OTHR,Freshwater species
630101160,CARP FILLET,LB,1,630201160,CARP FILLET,CARP,CARP,OTHR,OTHR,Freshwater species
630201160,CARP FILLET,LB,1,630201160,CARP FILLET,CARP,CARP,OTHR,OTHR,Freshwater species
630500301,CARP MEAL,TN,2000,5260500301,UNCL FISH MEAL,CARP,CARP,OTHR,OTHR,Freshwater species
630201210,CARP MINCED,LB,1,630201210,CARP MINCED,CARP,CARP,OTHR,OTHR,Freshwater species
630101040,CARP ROE,LB,1,630201040,CARP ROE,CARP,CARP,OTHR,OTHR,Freshwater species
630420040,CARP SALTED ROE,LB,1,630420040,CARP SALTED ROE,CARP,CARP,OTHR,OTHR,Freshwater species
630500028,CARP SKINS,LB,1,630500028,CARP SKINS,CARP,CARP,OTHR,OTHR,Freshwater species
630430220,CARP SMOKED,LB,1,630430220,CARP SMOKED,CARP,CARP,OTHR,OTHR,Freshwater species
660000000,CATFISH RAISED,XX,NA,NA,NA,CATFISH,CATFISH,OTHR,OTHR,Not Pacific species
660211228,CATFISH RAISED BRD DRESS/SKND CKD,LB,1,660211228,CATFISH BREADED DRESSED & SKINNED,CATFISH,CATFISH,OTHR,OTHR,Not Pacific species
660211160,CATFISH RAISED BREADED FILLET,LB,1,660211160,CATFISH BREADED FILLET,CATFISH,CATFISH,OTHR,OTHR,Not Pacific species
660212160,CATFISH RAISED BREADED FILLET CKD,LB,1,660211160,CATFISH BREADED FILLET,CATFISH,CATFISH,OTHR,OTHR,Not Pacific species
660211007,CATFISH RAISED BREADED NUGGETS,LB,1,660201048,"CATFISH STEAKS, NUGGETS & OTHER",CATFISH,CATFISH,OTHR,OTHR,Not Pacific species
660211050,CATFISH RAISED BREADED STRIPS,LB,1,660201050,CATFISH STRIPS,CATFISH,CATFISH,OTHR,OTHR,Not Pacific species
660101228,CATFISH RAISED DRESSED & SKINNED,LB,1,660201223,CATFISH DRESSED,CATFISH,CATFISH,OTHR,OTHR,Not Pacific species
660201228,CATFISH RAISED DRESSED & SKINNED,LB,1,660201223,CATFISH DRESSED,CATFISH,CATFISH,OTHR,OTHR,Not Pacific species
660201160,CATFISH RAISED FILLET,LB,1,660201160,CATFISH FILLET,CATFISH,CATFISH,OTHR,OTHR,Not Pacific species
660101160,CATFISH RAISED FILLET,LB,1,660201160,CATFISH FILLET,CATFISH,CATFISH,OTHR,OTHR,Not Pacific species
660201635,CATFISH RAISED FOR ANIMAL FEED,LB,1,5260500635,ANIMAL FEEDS,CATFISH,CATFISH,OTHR,OTHR,Not Pacific species
660101500,CATFISH RAISED IN SAUCE,LB,1,660201500,CATFISH IN SAUCE,CATFISH,CATFISH,OTHR,OTHR,Not Pacific species
660201500,CATFISH RAISED IN SAUCE,LB,1,660201500,CATFISH IN SAUCE,CATFISH,CATFISH,OTHR,OTHR,Not Pacific species
660204160,CATFISH RAISED MARINATED FILLET,LB,1,660201160,CATFISH FILLET,CATFISH,CATFISH,OTHR,OTHR,Not Pacific species
660104160,CATFISH RAISED MARINATED FILLET,LB,1,660201160,CATFISH FILLET,CATFISH,CATFISH,OTHR,OTHR,Not Pacific species
660101007,CATFISH RAISED NUGGETS,LB,1,660201048,"CATFISH STEAKS, NUGGETS & OTHER",CATFISH,CATFISH,OTHR,OTHR,Not Pacific species
660201007,CATFISH RAISED NUGGETS,LB,1,660201048,"CATFISH STEAKS, NUGGETS & OTHER",CATFISH,CATFISH,OTHR,OTHR,Not Pacific species
660201028,CATFISH RAISED SKINS,LB,1,660201028,CATFISH SKINS,CATFISH,CATFISH,OTHR,OTHR,Not Pacific species
660430220,CATFISH RAISED SMOKED,LB,1,660430220,CATFISH SMOKED,CATFISH,CATFISH,OTHR,OTHR,Not Pacific species
660101048,CATFISH RAISED STEAKS,LB,1,660201048,"CATFISH STEAKS, NUGGETS & OTHER",CATFISH,CATFISH,OTHR,OTHR,Not Pacific species
660201048,CATFISH RAISED STEAKS,LB,1,660201048,"CATFISH STEAKS, NUGGETS & OTHER",CATFISH,CATFISH,OTHR,OTHR,Not Pacific species
660201050,CATFISH RAISED STRIPS,LB,1,660201050,CATFISH STRIPS,CATFISH,CATFISH,OTHR,OTHR,Not Pacific species
660201051,CATFISH RAISED STUFFED,LB,1,660201051,CATFISH STUFFED,CATFISH,CATFISH,OTHR,OTHR,Not Pacific species
661600000,CATFISH WILD,XX,NA,NA,NA,CATFISH,CATFISH,OTHR,OTHR,Not Pacific species
661000000,CATFISH WILD,XX,NA,NA,NA,CATFISH,CATFISH,OTHR,OTHR,Not Pacific species
661211160,CATFISH WILD BREADED FILLET,LB,1,660211160,CATFISH BREADED FILLET,CATFISH,CATFISH,OTHR,OTHR,Not Pacific species
661101223,CATFISH WILD DRESSED,LB,1,660201223,CATFISH DRESSED,CATFISH,CATFISH,OTHR,OTHR,Not Pacific species
661101228,CATFISH WILD DRESSED & SKINNED,LB,1,660201223,CATFISH DRESSED,CATFISH,CATFISH,OTHR,OTHR,Not Pacific species
661201228,CATFISH WILD DRESSED & SKINNED,LB,1,660201223,CATFISH DRESSED,CATFISH,CATFISH,OTHR,OTHR,Not Pacific species
661101160,CATFISH WILD FILLET,LB,1,660201160,CATFISH FILLET,CATFISH,CATFISH,OTHR,OTHR,Not Pacific species
661201160,CATFISH WILD FILLET,LB,1,660201160,CATFISH FILLET,CATFISH,CATFISH,OTHR,OTHR,Not Pacific species
661201007,CATFISH WILD NUGGETS,LB,1,660201048,"CATFISH STEAKS, NUGGETS & OTHER",CATFISH,CATFISH,OTHR,OTHR,Not Pacific species
661101007,CATFISH WILD NUGGETS,LB,1,660201048,"CATFISH STEAKS, NUGGETS & OTHER",CATFISH,CATFISH,OTHR,OTHR,Not Pacific species
661430220,CATFISH WILD SMOKED,LB,1,660430220,CATFISH SMOKED,CATFISH,CATFISH,OTHR,OTHR,Not Pacific species
661101048,CATFISH WILD STEAKS,LB,1,660201048,"CATFISH STEAKS, NUGGETS & OTHER",CATFISH,CATFISH,OTHR,OTHR,Not Pacific species
661300240,CATFISH WILD STEWS,CS,NA,5260300500,OTHER FISH SPECIALTIES (CAN),CATFISH,CATFISH,OTHR,OTHR,Not Pacific species
661101222,CATFISH WILD WHOLE,LB,1,660201222,CATFISH WHOLE,CATFISH,CATFISH,OTHR,OTHR,Not Pacific species
720101223,CHUBS DRESSED,LB,1,720201223,CHUBS DRESSED,CHUBS,CHUBS,OTHR,OTHR,Freshwater species
720201160,CHUBS FILLET,LB,1,720201160,CHUBS FILLET,CHUBS,CHUBS,OTHR,OTHR,Freshwater species
720101160,CHUBS FILLET,LB,1,720201160,CHUBS FILLET,CHUBS,CHUBS,OTHR,OTHR,Freshwater species
720430220,CHUBS SMOKED,LB,1,720430220,CHUBS SMOKED,CHUBS,CHUBS,OTHR,OTHR,Freshwater species
7540600000,CLAM OCEAN QUAHOG,XX,NA,NA,NA,CLAM,CLAM,CLAM,SHLL,All clams
7540201161,CLAM OCEAN QUAHOG BLOCKS,LB,1,7540201204,CLAMS OCEAN QUAHOG SHUCKED MEAT,CLAM,CLAM,CLAM,SHLL,All clams
7540212016,CLAM OCEAN QUAHOG BRD CKD DEVILED,LB,1,7700211016,CLAMS BREADED DEVILED,CLAM,CLAM,CLAM,SHLL,All clams
7540212050,CLAM OCEAN QUAHOG BRD CKD STRIPS,LB,1,7700211050,CLAMS BREADED STRIPS,CLAM,CLAM,CLAM,SHLL,All clams
7540212215,CLAM OCEAN QUAHOG BRD CKD WHOLE,LB,1,7700211215,CLAMS BREADED WHOLE,CLAM,CLAM,CLAM,SHLL,All clams
7540211050,CLAM OCEAN QUAHOG BREADED STRIPS,LB,1,7700211050,CLAMS BREADED STRIPS,CLAM,CLAM,CLAM,SHLL,All clams
7540211051,CLAM OCEAN QUAHOG BREADED STUFFED,LB,1,7700211051,CLAMS BREADED STUFFED,CLAM,CLAM,CLAM,SHLL,All clams
7540300110,CLAM OCEAN QUAHOG CHOWDERS,CS,NA,7700300110,CLAMS CHOWDERS (CAN),CLAM,CLAM,CLAM,SHLL,All clams
7540102110,CLAM OCEAN QUAHOG COOKED CHOWDER,LB,1,7700202110,CLAMS COOKED CHOWDERS,CLAM,CLAM,CLAM,SHLL,All clams
7540202180,CLAM OCEAN QUAHOG COOKED JUICE,LB,1,7700202180,CLAMS COOKED JUICES,CLAM,CLAM,CLAM,SHLL,All clams
7540102180,CLAM OCEAN QUAHOG COOKED JUICE,LB,1,7700202180,CLAMS COOKED JUICES,CLAM,CLAM,CLAM,SHLL,All clams
7540202230,CLAM OCEAN QUAHOG COOKED SOUP,LB,1,7700202230,CLAMS COOKED SOUP,CLAM,CLAM,CLAM,SHLL,All clams
7540300500,CLAM OCEAN QUAHOG IN SAUCE,CS,NA,7700300500,CLAMS SPECIALTIES (CAN),CLAM,CLAM,CLAM,SHLL,All clams
7540101133,CLAM OCEAN QUAHOG IN SHELL,LB,1,7700201133,CLAMS IN SHELL,CLAM,CLAM,CLAM,SHLL,All clams
7540300180,CLAM OCEAN QUAHOG JUICES,CS,NA,7700300180,CLAMS JUICES (CAN),CLAM,CLAM,CLAM,SHLL,All clams
7540201210,CLAM OCEAN QUAHOG MINCED,LB,1,7700201210,CLAMS MINCED,CLAM,CLAM,CLAM,SHLL,All clams
7540300210,CLAM OCEAN QUAHOG MINCED OR CHOPPE,CS,NA,7700300210,CLAMS MINCED OR CHOPPED (CAN),CLAM,CLAM,CLAM,SHLL,All clams
7540500132,CLAM OCEAN QUAHOG SHELLS CLEANED,LB,1,7700500132,CLAMS SHELLS CLEANED & POLISHED,CLAM,CLAM,CLAM,SHLL,All clams
7540101204,CLAM OCEAN QUAHOG SHUCKED MEAT,GL,8.75,7540201204,CLAMS OCEAN QUAHOG SHUCKED MEAT,CLAM,CLAM,CLAM,SHLL,All clams
7540201204,CLAM OCEAN QUAHOG SHUCKED MEAT,GL,8.75,7540201204,CLAMS OCEAN QUAHOG SHUCKED MEAT,CLAM,CLAM,CLAM,SHLL,All clams
7540300215,CLAM OCEAN QUAHOG WHOLE,CS,NA,7700300210,CLAMS MINCED OR CHOPPED (CAN),CLAM,CLAM,CLAM,SHLL,All clams
7500600000,CLAMS GEODUCK,XX,NA,NA,NA,CLAMS,CLAMS,CLAM,SHLL,All clams
7500101133,CLAMS GEODUCK IN SHELL,LB,1,7700201133,CLAMS IN SHELL,CLAMS,CLAMS,CLAM,SHLL,All clams
7500101210,CLAMS GEODUCK MINCED,LB,1,7700201210,CLAMS MINCED,CLAMS,CLAMS,CLAM,SHLL,All clams
7500300210,CLAMS GEODUCK MINCED OR CHOPPED,CS,NA,7700300210,CLAMS MINCED OR CHOPPED (CAN),CLAMS,CLAMS,CLAM,SHLL,All clams
7500101204,CLAMS GEODUCK SHUCKED MEAT,GL,8.75,7500201204,CLAMS GEODUCK SHUCKED MEAT,CLAMS,CLAMS,CLAM,SHLL,All clams
7500201204,CLAMS GEODUCK SHUCKED MEAT,GL,8.75,7500201204,CLAMS GEODUCK SHUCKED MEAT,CLAMS,CLAMS,CLAM,SHLL,All clams
7480600000,CLAMS HARD,XX,NA,NA,NA,CLAMS,CLAMS,CLAM,SHLL,All clams
7480300231,CLAMS HARD BISQUES,CS,NA,7700300500,CLAMS SPECIALTIES (CAN),CLAMS,CLAMS,CLAM,SHLL,All clams
7480300181,CLAMS HARD BOUILLONS,CS,NA,7700300180,CLAMS JUICES (CAN),CLAMS,CLAMS,CLAM,SHLL,All clams
7480211101,CLAMS HARD BREADED CAKES/PATTY,LB,1,7700211101,CLAMS BREADED CAKES & PATTIES,CLAMS,CLAMS,CLAM,SHLL,All clams
7480212050,CLAMS HARD BREADED COOKED STRIPS,LB,1,7700211050,CLAMS BREADED STRIPS,CLAMS,CLAMS,CLAM,SHLL,All clams
7480212215,CLAMS HARD BREADED COOKED WHOLE,LB,1,7700211215,CLAMS BREADED WHOLE,CLAMS,CLAMS,CLAM,SHLL,All clams
7480211050,CLAMS HARD BREADED STRIPS,LB,1,7700211050,CLAMS BREADED STRIPS,CLAMS,CLAMS,CLAM,SHLL,All clams
7480111051,CLAMS HARD BREADED STUFFED,LB,1,7700211051,CLAMS BREADED STUFFED,CLAMS,CLAMS,CLAM,SHLL,All clams
7480211051,CLAMS HARD BREADED STUFFED,LB,1,7700211051,CLAMS BREADED STUFFED,CLAMS,CLAMS,CLAM,SHLL,All clams
7480211215,CLAMS HARD BREADED WHOLE,LB,1,7700211215,CLAMS BREADED WHOLE,CLAMS,CLAMS,CLAM,SHLL,All clams
7480102111,CLAMS HARD CHOWDER BASE,LB,1,7700202111,CLAMS CHOWDER BASE,CLAMS,CLAMS,CLAM,SHLL,All clams
7480300111,CLAMS HARD CHOWDER BASE,CS,NA,7700300500,CLAMS SPECIALTIES (CAN),CLAMS,CLAMS,CLAM,SHLL,All clams
7480300110,CLAMS HARD CHOWDERS,CS,NA,7700300110,CLAMS CHOWDERS (CAN),CLAMS,CLAMS,CLAM,SHLL,All clams
7480202111,CLAMS HARD COOKED CHOWDER BASE,LB,1,7700202111,CLAMS CHOWDER BASE,CLAMS,CLAMS,CLAM,SHLL,All clams
7480202110,CLAMS HARD COOKED CHOWDERS,LB,1,7700202110,CLAMS COOKED CHOWDERS,CLAMS,CLAMS,CLAM,SHLL,All clams
7480102110,CLAMS HARD COOKED CHOWDERS,LB,1,7700202110,CLAMS COOKED CHOWDERS,CLAMS,CLAMS,CLAM,SHLL,All clams
7480201090,CLAMS HARD FOR BAIT,LB,1,7700201090,CLAMS BAIT,CLAMS,CLAMS,CLAM,SHLL,All clams
7480500000,CLAMS HARD FOR INDUSTRIAL,LB,1,7700500000,CLAMS FOR INDUSTRIAL,CLAMS,CLAMS,CLAM,SHLL,All clams
7480300022,CLAMS HARD FRITTERS,CS,NA,7700300500,CLAMS SPECIALTIES (CAN),CLAMS,CLAMS,CLAM,SHLL,All clams
7480300133,CLAMS HARD IN SHELL,CS,NA,7700300500,CLAMS SPECIALTIES (CAN),CLAMS,CLAMS,CLAM,SHLL,All clams
7480201133,CLAMS HARD IN SHELL,LB,1,7700201133,CLAMS IN SHELL,CLAMS,CLAMS,CLAM,SHLL,All clams
7480101133,CLAMS HARD IN SHELL,LB,1,7700201133,CLAMS IN SHELL,CLAMS,CLAMS,CLAM,SHLL,All clams
7480300180,CLAMS HARD JUICES,CS,NA,7700300180,CLAMS JUICES (CAN),CLAMS,CLAMS,CLAM,SHLL,All clams
7480300210,CLAMS HARD MINCED OR CHOPPED,CS,NA,7700300210,CLAMS MINCED OR CHOPPED (CAN),CLAMS,CLAMS,CLAM,SHLL,All clams
7480201134,CLAMS HARD ON HALF SHELL,LB,1,7700201134,CLAMS ON HALF SHELL,CLAMS,CLAMS,CLAM,SHLL,All clams
7480500132,CLAMS HARD SHELLS CLND & POLSD,LB,1,7700500132,CLAMS SHELLS CLEANED & POLISHED,CLAMS,CLAMS,CLAM,SHLL,All clams
7480201204,CLAMS HARD SHUCKED MEAT,GL,8.75,7480201204,CLAMS HARD SHUCKED MEAT,CLAMS,CLAMS,CLAM,SHLL,All clams
7480101204,CLAMS HARD SHUCKED MEAT,GL,8.75,7480201204,CLAMS HARD SHUCKED MEAT,CLAMS,CLAMS,CLAM,SHLL,All clams
7480430215,CLAMS HARD SMOKED WHOLE,LB,1,7700430215,CLAMS SMOKED,CLAMS,CLAMS,CLAM,SHLL,All clams
7480330215,CLAMS HARD SMOKED WHOLE,CS,NA,7700300500,CLAMS SPECIALTIES (CAN),CLAMS,CLAMS,CLAM,SHLL,All clams
7480201050,CLAMS HARD STRIPS,LB,1,7700201050,CLAMS STRIPS,CLAMS,CLAMS,CLAM,SHLL,All clams
7480201051,CLAMS HARD STUFFED,LB,1,7700201051,CLAMS STUFFED,CLAMS,CLAMS,CLAM,SHLL,All clams
7480300215,CLAMS HARD WHOLE,CS,NA,7700300210,CLAMS MINCED OR CHOPPED (CAN),CLAMS,CLAMS,CLAM,SHLL,All clams
7600300111,CLAMS RAZOR CHOWDER BASE,CS,NA,7700300500,CLAMS SPECIALTIES (CAN),CLAMS,CLAMS,CLAM,SHLL,All clams
7600201090,CLAMS RAZOR FOR BAIT,LB,1,7700201090,CLAMS BAIT,CLAMS,CLAMS,CLAM,SHLL,All clams
7600101133,CLAMS RAZOR IN SHELL,LB,1,7700201133,CLAMS IN SHELL,CLAMS,CLAMS,CLAM,SHLL,All clams
7600300180,CLAMS RAZOR JUICE,CS,NA,7700300180,CLAMS JUICE (CAN),CLAMS,CLAMS,CLAM,SHLL,All clams
7600300210,CLAMS RAZOR MINCED OR CHOPPED,CS,NA,7700300210,CLAMS MINCED OR CHOPPED (CAN),CLAMS,CLAMS,CLAM,SHLL,All clams
7600201204,CLAMS RAZOR SHUCKED MEAT,LB,1,7600201204,CLAMS RAZOR SHUCKED MEAT,CLAMS,CLAMS,CLAM,SHLL,All clams
7600101204,CLAMS RAZOR SHUCKED MEAT,LB,1,7600201204,CLAMS RAZOR SHUCKED MEAT,CLAMS,CLAMS,CLAM,SHLL,All clams
7600330215,CLAMS RAZOR SMOKED,CS,NA,7700300500,CLAMS SPECIALTIES (CAN),CLAMS,CLAMS,CLAM,SHLL,All clams
7600300215,CLAMS RAZOR WHOLE,CS,NA,7700300210,CLAMS MINCED OR CHOPPED (CAN),CLAMS,CLAMS,CLAM,SHLL,All clams
7630300231,CLAMS SOFT BISQUES,CS,NA,7700300500,CLAMS SPECIALTIES (CAN),CLAMS,CLAMS,CLAM,SHLL,All clams
7630300181,CLAMS SOFT BOUILLONS,CS,NA,7700300180,CLAMS JUICES (CAN),CLAMS,CLAMS,CLAM,SHLL,All clams
7630211215,CLAMS SOFT BREADED WHOLE,LB,1,7700211215,CLAMS BREADED WHOLE,CLAMS,CLAMS,CLAM,SHLL,All clams
7630300110,CLAMS SOFT CHOWDERS,CS,NA,7700300110,CLAMS CHOWDERS (CAN),CLAMS,CLAMS,CLAM,SHLL,All clams
7630300017,CLAMS SOFT DIPS AND SPREADS,CS,NA,7700300500,CLAMS SPECIALTIES (CAN),CLAMS,CLAMS,CLAM,SHLL,All clams
7630600000,CLAMS SOFT IN SHELL,XX,NA,NA,NA,CLAMS,CLAMS,CLAM,SHLL,All clams
7630101133,CLAMS SOFT IN SHELL,LB,1,7700201133,CLAMS IN SHELL,CLAMS,CLAMS,CLAM,SHLL,All clams
7630300133,CLAMS SOFT IN SHELL,CS,NA,7700300500,CLAMS SPECIALTIES (CAN),CLAMS,CLAMS,CLAM,SHLL,All clams
7630300210,CLAMS SOFT MINCED OR CHOPPED,CS,NA,7700300210,CLAMS MINCED OR CHOPPED (CAN),CLAMS,CLAMS,CLAM,SHLL,All clams
7630201204,CLAMS SOFT SHUCKED MEAT,GL,8.75,7630201204,CLAMS SOFT SHUCKED MEAT,CLAMS,CLAMS,CLAM,SHLL,All clams
7630101204,CLAMS SOFT SHUCKED MEAT,GL,8.75,7630201204,CLAMS SOFT SHUCKED MEAT,CLAMS,CLAMS,CLAM,SHLL,All clams
7630300215,CLAMS SOFT WHOLE,CS,NA,7700300210,CLAMS MINCED OR CHOPPED (CAN),CLAMS,CLAMS,CLAM,SHLL,All clams
7690600000,CLAMS SURF,XX,NA,NA,NA,CLAMS,CLAMS,CLAM,SHLL,All clams
7690213050,CLAMS SURF BATTER DIP STRIPS,LB,1,7700211050,CLAMS BREADED STRIPS,CLAMS,CLAMS,CLAM,SHLL,All clams
7690213215,CLAMS SURF BATTER DIP WHOLE,LB,1,7700211215,CLAMS BREADED WHOLE,CLAMS,CLAMS,CLAM,SHLL,All clams
7690212101,CLAMS SURF BREADED CAKES/PATTY,LB,1,7700211101,CLAMS BREADED CAKES & PATTIES,CLAMS,CLAMS,CLAM,SHLL,All clams
7690211101,CLAMS SURF BREADED CAKES/PATTY,LB,1,7700211101,CLAMS BREADED CAKES & PATTIES,CLAMS,CLAMS,CLAM,SHLL,All clams
7690212069,CLAMS SURF BREADED COOKED CRISPS,LB,1,7700211069,CLAMS BREADED CRISPS,CLAMS,CLAMS,CLAM,SHLL,All clams
7690212016,CLAMS SURF BREADED COOKED DEVILED,LB,1,7700211016,CLAMS BREADED DEVILED,CLAMS,CLAMS,CLAM,SHLL,All clams
7690212120,CLAMS SURF BREADED COOKED DINNERS,LB,1,7700211120,CLAMS BREADED DINNERS,CLAMS,CLAMS,CLAM,SHLL,All clams
7690212500,CLAMS SURF BREADED COOKED IN SAUCE,LB,1,7700211500,CLAMS BREADED IN SAUCE,CLAMS,CLAMS,CLAM,SHLL,All clams
7690212050,CLAMS SURF BREADED COOKED STRIPS,LB,1,7700211050,CLAMS BREADED STRIPS,CLAMS,CLAMS,CLAM,SHLL,All clams
7690112050,CLAMS SURF BREADED COOKED STRIPS,LB,1,7700211050,CLAMS BREADED STRIPS,CLAMS,CLAMS,CLAM,SHLL,All clams
7690212215,CLAMS SURF BREADED COOKED WHOLE,LB,1,7700211215,CLAMS BREADED WHOLE,CLAMS,CLAMS,CLAM,SHLL,All clams
7690211069,CLAMS SURF BREADED CRISPS,LB,1,7700211069,CLAMS BREADED CRISPS,CLAMS,CLAMS,CLAM,SHLL,All clams
7690211049,CLAMS SURF BREADED STICKS,LB,1,7700211049,CLAMS BREADED STICKS,CLAMS,CLAMS,CLAM,SHLL,All clams
7690211050,CLAMS SURF BREADED STRIPS,LB,1,7700211050,CLAMS BREADED STRIPS,CLAMS,CLAMS,CLAM,SHLL,All clams
7690111050,CLAMS SURF BREADED STRIPS,LB,1,7700211050,CLAMS BREADED STRIPS,CLAMS,CLAMS,CLAM,SHLL,All clams
7690212051,CLAMS SURF BREADED STUFFED,LB,1,7700211051,CLAMS BREADED STUFFED,CLAMS,CLAMS,CLAM,SHLL,All clams
7690211215,CLAMS SURF BREADED WHOLE,LB,1,7700211215,CLAMS BREADED WHOLE,CLAMS,CLAMS,CLAM,SHLL,All clams
7690300110,CLAMS SURF CHOWDERS,CS,NA,7700300110,CLAMS CHOWDERS (CAN),CLAMS,CLAMS,CLAM,SHLL,All clams
7690202110,CLAMS SURF COOKED CHOWDERS,LB,1,7700202110,CLAMS COOKED CHOWDERS,CLAMS,CLAMS,CLAM,SHLL,All clams
7690202120,CLAMS SURF COOKED DINNERS,LB,1,7700202120,CLAMS COOKED DINNERS,CLAMS,CLAMS,CLAM,SHLL,All clams
7690202180,CLAMS SURF COOKED JUICES,LB,1,7700202180,CLAMS COOKED JUICES,CLAMS,CLAMS,CLAM,SHLL,All clams
7690440050,CLAMS SURF DRIED STRIPS,LB,1,7700440050,CLAMS DRIED STRIPS,CLAMS,CLAMS,CLAM,SHLL,All clams
7690500635,CLAMS SURF FOR ANIMAL FEEDS,LB,1,5260500635,ANIMAL FEEDS,CLAMS,CLAMS,CLAM,SHLL,All clams
7690101090,CLAMS SURF FOR BAIT,LB,1,7700201090,CLAMS BAIT,CLAMS,CLAMS,CLAM,SHLL,All clams
7690201090,CLAMS SURF FOR BAIT,LB,1,7700201090,CLAMS BAIT,CLAMS,CLAMS,CLAM,SHLL,All clams
7690300500,CLAMS SURF IN SAUCE,CS,NA,7700300500,CLAMS SPECIALTIES (CAN),CLAMS,CLAMS,CLAM,SHLL,All clams
7690101133,CLAMS SURF IN SHELL,LB,1,7700201133,CLAMS IN SHELL,CLAMS,CLAMS,CLAM,SHLL,All clams
7690300180,CLAMS SURF JUICES,CS,NA,7700300180,CLAMS JUICES (CAN),CLAMS,CLAMS,CLAM,SHLL,All clams
7690201210,CLAMS SURF MINCED OR CHOPPED,LB,1,7700201210,CLAMS MINCED,CLAMS,CLAMS,CLAM,SHLL,All clams
7690101210,CLAMS SURF MINCED OR CHOPPED,LB,1,7700201210,CLAMS MINCED,CLAMS,CLAMS,CLAM,SHLL,All clams
7690300210,CLAMS SURF MINCED OR CHOPPED,CS,NA,7700300210,CLAMS MINCED OR CHOPPED (CAN),CLAMS,CLAMS,CLAM,SHLL,All clams
7690201204,CLAMS SURF SHUCKED MEAT,GL,8.75,7690201204,CLAMS SURF SHUCKED MEAT,CLAMS,CLAMS,CLAM,SHLL,All clams
7690101204,CLAMS SURF SHUCKED MEAT,GL,8.75,7690201204,CLAMS SURF SHUCKED MEAT,CLAMS,CLAMS,CLAM,SHLL,All clams
7690300240,CLAMS SURF STEWS,CS,NA,7700300500,CLAMS SPECIALTIES (CAN),CLAMS,CLAMS,CLAM,SHLL,All clams
7690201050,CLAMS SURF STRIPS,LB,1,7700201050,CLAMS STRIPS,CLAMS,CLAMS,CLAM,SHLL,All clams
7690101050,CLAMS SURF STRIPS,LB,1,7700201050,CLAMS STRIPS,CLAMS,CLAMS,CLAM,SHLL,All clams
7720102017,CLAMS UNCL DIPS AND SPREADS,LB,1,7700202017,CLAMS DIPS & SPREADS,CLAMS,CLAMS,CLAM,SHLL,All clams
7720101133,CLAMS UNCL IN SHELL,LB,1,7720201133,CLAMS UNCL,CLAMS,CLAMS,CLAM,SHLL,All clams
570101223,COBIA DRESSED,LB,1,570201223,COBIA DRESSED,COBIA,COBIA,OTHR,OTHR,Atlantic/Gulf species
570101160,COBIA FILLET,LB,1,570201160,COBIA FILLET,COBIA,COBIA,OTHR,OTHR,Atlantic/Gulf species
570430220,COBIA SMOKED,LB,1,570430220,COBIA SMOKED,COBIA,COBIA,OTHR,OTHR,Atlantic/Gulf species
570101222,COBIA WHOLE,LB,1,570201222,COBIA WHOLE,COBIA,COBIA,OTHR,OTHR,Atlantic/Gulf species
820600000,COD,XX,NA,NA,NA,COD,COD,PCOD,GRND,Pacific cod
820213160,COD BATTER COATED FILLET,LB,1,820213160,COD BATTER COATED FILLET,COD,COD,PCOD,GRND,Pacific cod
820213007,COD BATTER DIP NUGGETS,LB,1,820213007,COD BATTER DIP NUGGETS,COD,COD,PCOD,GRND,Pacific cod
820213039,COD BATTER DIP PORTIONS,LB,1,820213039,COD BATTER COATED PORTIONS,COD,COD,PCOD,GRND,Pacific cod
820213050,COD BATTER DIP STRIPS,LB,1,820213050,COD BATTER DIP STRIPS,COD,COD,PCOD,GRND,Pacific cod
820201005,COD BELLIES,LB,1,820101005,COD BELLIES,COD,COD,PCOD,GRND,Pacific cod
820201161,COD BLOCKS,LB,1,820201161,COD BLOCKS,COD,COD,PCOD,GRND,Pacific cod
820500401,COD BODY OIL,GL,7.75,820500401,COD OIL,COD,COD,PCOD,GRND,Pacific cod
820201014,COD BONES,LB,1,820201014,COD BONES,COD,COD,PCOD,GRND,Pacific cod
820212101,COD BREADED COOKED CAKES/PATTY,LB,1,820211101,COD BREADED CAKES & PATTIES,COD,COD,PCOD,GRND,Pacific cod
820212160,COD BREADED COOKED FILLET,LB,1,820211160,COD BREADED FILLET,COD,COD,PCOD,GRND,Pacific cod
820212007,COD BREADED COOKED NUGGETS,LB,1,820211007,COD BREADED NUGGETS,COD,COD,PCOD,GRND,Pacific cod
820212039,COD BREADED COOKED PORTIONS,LB,1,820211039,COD BREADED PORTIONS,COD,COD,PCOD,GRND,Pacific cod
820212049,COD BREADED COOKED STICKS,LB,1,820211049,COD BREADED STICKS,COD,COD,PCOD,GRND,Pacific cod
820211160,COD BREADED FILLET,LB,1,820211160,COD BREADED FILLET,COD,COD,PCOD,GRND,Pacific cod
820111160,COD BREADED FILLET,LB,1,820211160,COD BREADED FILLET,COD,COD,PCOD,GRND,Pacific cod
820211103,COD BREADED FORMED FILLET,LB,1,820211103,COD BREADED FORMED FILLET,COD,COD,PCOD,GRND,Pacific cod
820211007,COD BREADED NUGGETS,LB,1,820211007,COD BREADED NUGGETS,COD,COD,PCOD,GRND,Pacific cod
820211039,COD BREADED PORTIONS,LB,1,820211039,COD BREADED PORTIONS,COD,COD,PCOD,GRND,Pacific cod
820211050,COD BREADED STRIPS,LB,1,820211050,COD BREADED STRIPS,COD,COD,PCOD,GRND,Pacific cod
820300101,COD CAKES,CS,NA,5260300500,OTHER FISH SPECIALTIES (CAN),COD,COD,PCOD,GRND,Pacific cod
820201162,COD CHEEKS,LB,1,820201160,COD FILLET,COD,COD,PCOD,GRND,Pacific cod
820201223,COD DRESSED,LB,1,820201223,COD DRESSED,COD,COD,PCOD,GRND,Pacific cod
820101223,COD DRESSED,LB,1,820201223,COD DRESSED,COD,COD,PCOD,GRND,Pacific cod
820440220,COD DRIED,LB,1,820440220,COD DRIED,COD,COD,PCOD,GRND,Pacific cod
820440036,COD DRIED LUTEFISK,LB,1,820440220,COD DRIED,COD,COD,PCOD,GRND,Pacific cod
820101160,COD FILLET,LB,1,820201160,COD FILLET,COD,COD,PCOD,GRND,Pacific cod
820201160,COD FILLET,LB,1,820201160,COD FILLET,COD,COD,PCOD,GRND,Pacific cod
820101061,COD FISHPASTE,LB,1,820201061,COD FISHPASTE,COD,COD,PCOD,GRND,Pacific cod
820201090,COD FOR BAIT,LB,1,820201090,COD BAIT,COD,COD,PCOD,GRND,Pacific cod
820101090,COD FOR BAIT,LB,1,820201090,COD BAIT,COD,COD,PCOD,GRND,Pacific cod
820201103,COD FORMED FILLET,LB,1,820201103,COD FORMED FILLET,COD,COD,PCOD,GRND,Pacific cod
820201021,COD HEADS,LB,1,820201021,COD HEADS,COD,COD,PCOD,GRND,Pacific cod
820201500,COD IN SAUCE,LB,1,820201500,COD IN SAUCE,COD,COD,PCOD,GRND,Pacific cod
820431220,COD KIPPERED,LB,1,820430220,COD SMOKED OR KIPPERED,COD,COD,PCOD,GRND,Pacific cod
820500402,COD LIVER OIL,GL,7.75,5260500402,UNCLASSIFIED LIVER OIL,COD,COD,PCOD,GRND,Pacific cod
820500301,COD MEAL,TN,2000,820500301,COD MEAL,COD,COD,PCOD,GRND,Pacific cod
820101155,COD MILT,LB,1,820201155,COD MILT,COD,COD,PCOD,GRND,Pacific cod
820201155,COD MILT,LB,1,820201155,COD MILT,COD,COD,PCOD,GRND,Pacific cod
820101210,COD MINCED,LB,1,820201210,COD MINCED,COD,COD,PCOD,GRND,Pacific cod
820201210,COD MINCED,LB,1,820201210,COD MINCED,COD,COD,PCOD,GRND,Pacific cod
820201018,COD PECTORAL GIRDLES,LB,1,820201018,COD PECTORAL GIRDLES,COD,COD,PCOD,GRND,Pacific cod
820421220,COD PICKLED,LB,1,820420220,COD SALTED OR PICKLED,COD,COD,PCOD,GRND,Pacific cod
820201039,COD PORTIONS,LB,1,820201039,COD PORTIONS,COD,COD,PCOD,GRND,Pacific cod
820201040,COD ROE,LB,1,820201040,COD ROE,COD,COD,PCOD,GRND,Pacific cod
820101040,COD ROE,LB,1,820201040,COD ROE,COD,COD,PCOD,GRND,Pacific cod
820420220,COD SALTED,LB,1,820420220,COD SALTED OR PICKLED,COD,COD,PCOD,GRND,Pacific cod
820420040,COD SALTED ROE,LB,1,820420040,COD SALTED ROE,COD,COD,PCOD,GRND,Pacific cod
820430220,COD SMOKED,LB,1,820430220,COD SMOKED OR KIPPERED,COD,COD,PCOD,GRND,Pacific cod
820101048,COD STEAKS,LB,1,820201048,COD STEAKS,COD,COD,PCOD,GRND,Pacific cod
820201048,COD STEAKS,LB,1,820201048,COD STEAKS,COD,COD,PCOD,GRND,Pacific cod
820201019,COD STOMACHS,LB,1,820101019,COD STOMACHS,COD,COD,PCOD,GRND,Pacific cod
820101051,COD STUFFED,LB,1,820201051,COD STUFFED,COD,COD,PCOD,GRND,Pacific cod
820201031,COD SURIMI,LB,1,820201031,COD SURIMI,COD,COD,PCOD,GRND,Pacific cod
820101222,COD WHOLE,LB,1,820201222,COD WHOLE,COD,COD,PCOD,GRND,Pacific cod
820201222,COD WHOLE,LB,1,820201222,COD WHOLE,COD,COD,PCOD,GRND,Pacific cod
9550600000,COLD STORAGE,XX,NA,NA,NA,COLD,COLD,NA,NA,Cold storage - exclude
7750600000,CONCH,XX,NA,NA,NA,CONCH,CONCH,OMSK,OTHR,Other mollusks
7750213022,CONCH BATTER DIP FRITTERS,LB,1,7750211022,CONCH BREADED FRITTERS,CONCH,CONCH,OMSK,OTHR,Other mollusks
7750112022,CONCH BREADED COOKED FRITTERS,LB,1,7750211022,CONCH BREADED FRITTERS,CONCH,CONCH,OMSK,OTHR,Other mollusks
7750211022,CONCH BREADED FRITTERS,LB,1,7750211022,CONCH BREADED FRITTERS,CONCH,CONCH,OMSK,OTHR,Other mollusks
7750300110,CONCH CHOWDERS,CS,NA,7750300200,CONCH MEAT & SPECIALTIES (CAN),CONCH,CONCH,OMSK,OTHR,Other mollusks
7750102200,CONCH COOKED MEAT,LB,1,7750202200,CONCH COOKED MEAT,CONCH,CONCH,OMSK,OTHR,Other mollusks
7750202200,CONCH COOKED MEAT,LB,1,7750202200,CONCH COOKED MEAT,CONCH,CONCH,OMSK,OTHR,Other mollusks
7750101133,CONCH IN SHELL,LB,1,7750201133,CONCH IN SHELL,CONCH,CONCH,OMSK,OTHR,Other mollusks
7750101200,CONCH MEAT,LB,1,7750201200,CONCH MEAT,CONCH,CONCH,OMSK,OTHR,Other mollusks
7750201200,CONCH MEAT,LB,1,7750201200,CONCH MEAT,CONCH,CONCH,OMSK,OTHR,Other mollusks
7750300200,CONCH NATURAL,CS,NA,7750300200,CONCH MEAT & SPECIALTIES (CAN),CONCH,CONCH,OMSK,OTHR,Other mollusks
7750201074,CONCH SALAD MIXES,LB,1,7750201074,CONCH SALAD MIXES,CONCH,CONCH,OMSK,OTHR,Other mollusks
7750420215,CONCH SALTED,LB,1,7750420215,CONCH SALTED,CONCH,CONCH,OMSK,OTHR,Other mollusks
7000000000,CRAB BLUE,XX,NA,NA,NA,CRAB,CRAB,CRAB,CRAB,All crab
7000300231,CRAB BLUE BISQUES,CS,NA,7190300231,CRAB SPECIALTIES (CAN),CRAB,CRAB,CRAB,CRAB,All crab
7000211004,CRAB BLUE BREADED BALLS,LB,1,7000211007,CRAB BLUE BREADED NUGGETS,CRAB,CRAB,CRAB,CRAB,All crab
7000111101,CRAB BLUE BREADED CAKES/PATTY,LB,1,7000211101,CRAB BLUE BREADED CAKES & PATTIES,CRAB,CRAB,CRAB,CRAB,All crab
7000211101,CRAB BLUE BREADED CAKES/PATTY,LB,1,7000211101,CRAB BLUE BREADED CAKES & PATTIES,CRAB,CRAB,CRAB,CRAB,All crab
7000212101,CRAB BLUE BREADED CKD CAKES/PATTY,LB,1,7000211101,CRAB BLUE BREADED CAKES & PATTIES,CRAB,CRAB,CRAB,CRAB,All crab
7000212004,CRAB BLUE BREADED COOKED BALLS,LB,1,7000211007,CRAB BLUE BREADED NUGGETS,CRAB,CRAB,CRAB,CRAB,All crab
7000212016,CRAB BLUE BREADED COOKED DEVILED,LB,1,7000211016,CRAB BLUE BREADED DEVILED,CRAB,CRAB,CRAB,CRAB,All crab
7000212120,CRAB BLUE BREADED COOKED DINNERS,LB,1,7000211120,CRAB BLUE BREADED DINNERS,CRAB,CRAB,CRAB,CRAB,All crab
7000212082,CRAB BLUE BREADED COOKED MIXES,LB,1,7000211051,CRAB BLUE BREADED STUFFED,CRAB,CRAB,CRAB,CRAB,All crab
7000212051,CRAB BLUE BREADED COOKED STUFFED,LB,1,7000211051,CRAB BLUE BREADED STUFFED,CRAB,CRAB,CRAB,CRAB,All crab
7000112051,CRAB BLUE BREADED COOKED STUFFED,LB,1,7000211051,CRAB BLUE BREADED STUFFED,CRAB,CRAB,CRAB,CRAB,All crab
7000211016,CRAB BLUE BREADED DEVILED,LB,1,7000211016,CRAB BLUE BREADED DEVILED,CRAB,CRAB,CRAB,CRAB,All crab
7000111016,CRAB BLUE BREADED DEVILED,LB,1,7000211016,CRAB BLUE BREADED DEVILED,CRAB,CRAB,CRAB,CRAB,All crab
7000211120,CRAB BLUE BREADED DINNERS,LB,1,7000211120,CRAB BLUE BREADED DINNERS,CRAB,CRAB,CRAB,CRAB,All crab
7000211082,CRAB BLUE BREADED MIXES,LB,1,7000211051,CRAB BLUE BREADED STUFFED,CRAB,CRAB,CRAB,CRAB,All crab
7000211007,CRAB BLUE BREADED NUGGETS,LB,1,7000211007,CRAB BLUE BREADED NUGGETS,CRAB,CRAB,CRAB,CRAB,All crab
7000211041,CRAB BLUE BREADED ROLLS,LB,1,7000211041,CRAB BLUE BREADED ROLLS,CRAB,CRAB,CRAB,CRAB,All crab
7000211049,CRAB BLUE BREADED STICKS,LB,1,7000211041,CRAB BLUE BREADED ROLLS,CRAB,CRAB,CRAB,CRAB,All crab
7000111051,CRAB BLUE BREADED STUFFED,LB,1,7000211051,CRAB BLUE BREADED STUFFED,CRAB,CRAB,CRAB,CRAB,All crab
7000211051,CRAB BLUE BREADED STUFFED,LB,1,7000211051,CRAB BLUE BREADED STUFFED,CRAB,CRAB,CRAB,CRAB,All crab
7000201101,CRAB BLUE CAKES/PATTY,LB,1,7000201101,CRAB BLUE CAKES & PATTIES,CRAB,CRAB,CRAB,CRAB,All crab
7000201087,CRAB BLUE CLEANED,LB,1,7000201087,CRAB BLUE CLEANED,CRAB,CRAB,CRAB,CRAB,All crab
7000101087,CRAB BLUE CLEANED,LB,1,7000201087,CRAB BLUE CLEANED,CRAB,CRAB,CRAB,CRAB,All crab
7000202202,CRAB BLUE COOKED CLAWS,LB,1,7000202202,CRAB BLUE COOKED CLAWS,CRAB,CRAB,CRAB,CRAB,All crab
7000102202,CRAB BLUE COOKED CLAWS,LB,1,7000202202,CRAB BLUE COOKED CLAWS,CRAB,CRAB,CRAB,CRAB,All crab
7000202016,CRAB BLUE COOKED DEVILED,LB,1,7000202016,CRAB BLUE COOKED DEVILED,CRAB,CRAB,CRAB,CRAB,All crab
7000202027,CRAB BLUE COOKED GUMBOS,LB,1,7000202027,CRAB BLUE COOKED GUMBOS,CRAB,CRAB,CRAB,CRAB,All crab
7000102027,CRAB BLUE COOKED GUMBOS,LB,1,7000202027,CRAB BLUE COOKED GUMBOS,CRAB,CRAB,CRAB,CRAB,All crab
7000102200,CRAB BLUE COOKED MEAT,LB,1,7000202200,CRAB BLUE COOKED MEAT,CRAB,CRAB,CRAB,CRAB,All crab
7000202200,CRAB BLUE COOKED MEAT,LB,1,7000202200,CRAB BLUE COOKED MEAT,CRAB,CRAB,CRAB,CRAB,All crab
7000202517,CRAB BLUE COOKED QUICHE,LB,1,7000202517,CRAB BLUE COOKED QUICHE,CRAB,CRAB,CRAB,CRAB,All crab
7000202230,CRAB BLUE COOKED SOUPS,LB,1,7000202230,CRAB BLUE COOKED SOUPS,CRAB,CRAB,CRAB,CRAB,All crab
7000202215,CRAB BLUE COOKED WHOLE,LB,1,7000202215,CRAB BLUE COOKED WHOLE,CRAB,CRAB,CRAB,CRAB,All crab
7000102215,CRAB BLUE COOKED WHOLE,LB,1,7000102215,CRAB BLUE COOKED WHOLE,CRAB,CRAB,CRAB,CRAB,All crab
7000300016,CRAB BLUE DEVILED,CS,NA,7190300231,CRAB SPECIALTIES (CAN),CRAB,CRAB,CRAB,CRAB,All crab
7000202030,CRAB BLUE HORS D'OEUVRES,LB,1,7000202030,CRAB BLUE HORS D'OEUVRES,CRAB,CRAB,CRAB,CRAB,All crab
7000104200,CRAB BLUE MARINATED MEAT,LB,1,7000202200,CRAB BLUE COOKED MEAT,CRAB,CRAB,CRAB,CRAB,All crab
7000500301,CRAB BLUE MEAL,TN,2000,7090500301,CRAB MEAL,CRAB,CRAB,CRAB,CRAB,All crab
7000300200,CRAB BLUE MEAT,CS,NA,7190300200,CRAB UNCL MEAT (CAN),CRAB,CRAB,CRAB,CRAB,All crab
7000201007,CRAB BLUE NUGGETS,LB,1,7000201007,CRAB BLUE NUGGETS,CRAB,CRAB,CRAB,CRAB,All crab
7000103200,CRAB BLUE PASTURIZED MEAT,LB,1,7000202200,CRAB BLUE COOKED MEAT,CRAB,CRAB,CRAB,CRAB,All crab
7000203200,CRAB BLUE PASTURIZED MEAT,LB,1,7000202200,CRAB BLUE COOKED MEAT,CRAB,CRAB,CRAB,CRAB,All crab
7000101040,CRAB BLUE ROE,LB,1,7000201040,CRAB BLUE ROE,CRAB,CRAB,CRAB,CRAB,All crab
7000500132,CRAB BLUE SHELLS CLEANED,LB,1,7000500132,CRAB BLUE SHELLS CLEANED,CRAB,CRAB,CRAB,CRAB,All crab
7000101135,CRAB BLUE SOFT SHELL,DZ,4,7000201135,CRAB BLUE SOFT SHELL,CRAB,CRAB,CRAB,CRAB,All crab
7000201135,CRAB BLUE SOFT SHELL,DZ,4,7000201135,CRAB BLUE SOFT SHELL,CRAB,CRAB,CRAB,CRAB,All crab
7000300230,CRAB BLUE SOUPS,CS,NA,7190300231,CRAB SPECIALTIES (CAN),CRAB,CRAB,CRAB,CRAB,All crab
7060000000,CRAB DUNGENESS,XX,NA,NA,NA,CRAB,CRAB,CRAB,CRAB,All crab
7060600000,CRAB DUNGENESS,XX,NA,NA,NA,CRAB,CRAB,CRAB,CRAB,All crab
7060101215,CRAB DUNGENESS,LB,1,7060201215,CRAB DUNGENESS,CRAB,CRAB,CRAB,CRAB,All crab
7060211051,CRAB DUNGENESS BREADED STUFFED,LB,1,7060211051,CRAB DUNGENESS BREADED STUFFED,CRAB,CRAB,CRAB,CRAB,All crab
7060102666,CRAB DUNGENESS COOKED ALASKA PROD,LB,1,7060202215,CRAB DUNGENESS COOKED WHOLE,CRAB,CRAB,CRAB,CRAB,All crab
7060202666,CRAB DUNGENESS COOKED ALASKA PROD,LB,1,7060202215,CRAB DUNGENESS COOKED WHOLE,CRAB,CRAB,CRAB,CRAB,All crab
7060202202,CRAB DUNGENESS COOKED CLAWS,LB,1,7190202202,CRAB UNCL COOKED CLAWS,CRAB,CRAB,CRAB,CRAB,All crab
7060102011,CRAB DUNGENESS COOKED COCKTAILS,LB,1,7060202011,CRAB DUNGENESS COOKED COCKTAILS,CRAB,CRAB,CRAB,CRAB,All crab
7060102033,CRAB DUNGENESS COOKED LEGS,LB,1,7060202044,CRAB DUNGENESS COOKED SECTIONS,CRAB,CRAB,CRAB,CRAB,All crab
7060202033,CRAB DUNGENESS COOKED LEGS,LB,1,7060202044,CRAB DUNGENESS COOKED SECTIONS,CRAB,CRAB,CRAB,CRAB,All crab
7060202200,CRAB DUNGENESS COOKED MEAT,LB,1,7060202200,CRAB DUNGENESS COOKED MEAT,CRAB,CRAB,CRAB,CRAB,All crab
7060102200,CRAB DUNGENESS COOKED MEAT,LB,1,7060202200,CRAB DUNGENESS COOKED MEAT,CRAB,CRAB,CRAB,CRAB,All crab
7060102044,CRAB DUNGENESS COOKED SECTIONS,LB,1,7060202044,CRAB DUNGENESS COOKED SECTIONS,CRAB,CRAB,CRAB,CRAB,All crab
7060202044,CRAB DUNGENESS COOKED SECTIONS,LB,1,7060202044,CRAB DUNGENESS COOKED SECTIONS,CRAB,CRAB,CRAB,CRAB,All crab
7060102215,CRAB DUNGENESS COOKED WHOLE,LB,1,7060202215,CRAB DUNGENESS COOKED WHOLE,CRAB,CRAB,CRAB,CRAB,All crab
7060202215,CRAB DUNGENESS COOKED WHOLE,LB,1,7060202215,CRAB DUNGENESS COOKED WHOLE,CRAB,CRAB,CRAB,CRAB,All crab
7060500301,CRAB DUNGENESS MEAL,TN,2000,7090500301,CRAB MEAL,CRAB,CRAB,CRAB,CRAB,All crab
7060300200,CRAB DUNGENESS MEAT,CS,NA,7190300200,CRAB UNCL MEAT (CAN),CRAB,CRAB,CRAB,CRAB,All crab
7060330220,CRAB DUNGENESS SMOKED MEAT,CS,NA,7190330231,CRAB SPECIALTIES (CAN),CRAB,CRAB,CRAB,CRAB,All crab
7060430200,CRAB DUNGENESS SMOKED MEAT,LB,1,7060430200,CRAB DUNGENESS SMOKED,CRAB,CRAB,CRAB,CRAB,All crab
7102102200,CRAB GOLDEN COOKED MEAT,LB,1,7090202200,CRAB KING COOKED MEAT,CRAB,CRAB,CRAB,CRAB,All crab
7082000000,CRAB HAIR,XX,NA,NA,NA,CRAB,CRAB,CRAB,CRAB,All crab
7082102666,CRAB HAIR COOKED ALASKA PRODUCT,LB,1,7082202044,CRAB HAIR COOKED SECTIONS,CRAB,CRAB,CRAB,CRAB,All crab
7082202666,CRAB HAIR COOKED ALASKA PRODUCT,LB,1,7082202044,CRAB HAIR COOKED SECTIONS,CRAB,CRAB,CRAB,CRAB,All crab
7082202044,CRAB HAIR COOKED SECTIONS,LB,1,7082202044,CRAB HAIR COOKED SECTIONS,CRAB,CRAB,CRAB,CRAB,All crab
7082202215,CRAB HAIR COOKED WHOLE,LB,1,7082202215,CRAB HAIR COOKED WHOLE,CRAB,CRAB,CRAB,CRAB,All crab
7110000000,CRAB JONAH,XX,NA,NA,NA,CRAB,CRAB,CRAB,CRAB,All crab
7110202202,CRAB JONAH COOKED CLAWS,LB,1,7110202202,CRAB JOHNA COOKED CLAWS,CRAB,CRAB,CRAB,CRAB,All crab
7110102202,CRAB JONAH COOKED CLAWS,LB,1,7110202202,CRAB JOHNA COOKED CLAWS,CRAB,CRAB,CRAB,CRAB,All crab
7110102200,CRAB JONAH COOKED MEAT,LB,1,7110202200,CRAB JONAH COOKED MEAT,CRAB,CRAB,CRAB,CRAB,All crab
7090600000,CRAB KING,XX,NA,NA,NA,CRAB,CRAB,CRAB,CRAB,All crab
7090000000,CRAB KING,XX,NA,NA,NA,CRAB,CRAB,CRAB,CRAB,All crab
7090202666,CRAB KING COOKED ALASKA PRODUCT,LB,1,7090202044,CRAB KING COOKED SECTIONS,CRAB,CRAB,CRAB,CRAB,All crab
7090102666,CRAB KING COOKED ALASKA PRODUCT,LB,1,7090202044,CRAB KING COOKED SECTIONS,CRAB,CRAB,CRAB,CRAB,All crab
7090202202,CRAB KING COOKED CLAWS,LB,1,7190202202,CRAB UNCL COOKED CLAWS,CRAB,CRAB,CRAB,CRAB,All crab
7090202033,CRAB KING COOKED LEGS,LB,1,7090202044,CRAB KING COOKED SECTIONS,CRAB,CRAB,CRAB,CRAB,All crab
7090102033,CRAB KING COOKED LEGS,LB,1,7090202044,CRAB KING COOKED SECTIONS,CRAB,CRAB,CRAB,CRAB,All crab
7090202200,CRAB KING COOKED MEAT,LB,1,7090202200,CRAB KING COOKED MEAT,CRAB,CRAB,CRAB,CRAB,All crab
7090102200,CRAB KING COOKED MEAT,LB,1,7090202200,CRAB KING COOKED MEAT,CRAB,CRAB,CRAB,CRAB,All crab
7090102044,CRAB KING COOKED SECTIONS,LB,1,7090202044,CRAB KING COOKED SECTIONS,CRAB,CRAB,CRAB,CRAB,All crab
7090202044,CRAB KING COOKED SECTIONS,LB,1,7090202044,CRAB KING COOKED SECTIONS,CRAB,CRAB,CRAB,CRAB,All crab
7090102215,CRAB KING COOKED WHOLE,LB,1,7090202215,CRAB KING COOKED WHOLE,CRAB,CRAB,CRAB,CRAB,All crab
7090202215,CRAB KING COOKED WHOLE,LB,1,7090202215,CRAB KING COOKED WHOLE,CRAB,CRAB,CRAB,CRAB,All crab
7090500301,CRAB KING MEAL,TN,2000,7090500301,CRAB MEAL,CRAB,CRAB,CRAB,CRAB,All crab
7090300200,CRAB KING MEAT,CS,NA,7190300200,CRAB UNCL MEAT (CAN),CRAB,CRAB,CRAB,CRAB,All crab
7100000000,CRAB RED,XX,NA,NA,NA,CRAB,CRAB,CRAB,CRAB,All crab
7100202200,CRAB RED COOKED MEAT,LB,1,7190202200,CRAB UNCL COOKED MEAT,CRAB,CRAB,CRAB,CRAB,All crab
7100102200,CRAB RED COOKED MEAT,LB,1,7190202200,CRAB UNCL COOKED MEAT,CRAB,CRAB,CRAB,CRAB,All crab
7100300230,CRAB RED SOUP,CS,NA,7190300231,CRAB SPECIALTIES (CAN),CRAB,CRAB,CRAB,CRAB,All crab
7120000000,CRAB ROCK,XX,NA,NA,NA,CRAB,CRAB,CRAB,CRAB,All crab
7120102202,CRAB ROCK COOKED CLAWS,LB,1,7120202202,CRAB ROCK COOKED CLAWS,CRAB,CRAB,CRAB,CRAB,All crab
7120202202,CRAB ROCK COOKED CLAWS,LB,1,7120202202,CRAB ROCK COOKED CLAWS,CRAB,CRAB,CRAB,CRAB,All crab
7120202200,CRAB ROCK COOKED MEAT,LB,1,7120202200,CRAB ROCK COOKED MEAT,CRAB,CRAB,CRAB,CRAB,All crab
7120102200,CRAB ROCK COOKED MEAT,LB,1,7120202200,CRAB ROCK COOKED MEAT,CRAB,CRAB,CRAB,CRAB,All crab
7120202082,CRAB ROCK COOKED MIXES,LB,1,7120202082,CRAB ROCK COOKED MIXES,CRAB,CRAB,CRAB,CRAB,All crab
7120300016,CRAB ROCK DEVILED,CS,NA,7190300231,CRAB SPECIALTIES (CAN),CRAB,CRAB,CRAB,CRAB,All crab
7120300017,CRAB ROCK DIPS AND SPREADS,CS,NA,7190300231,CRAB SPECIALTIES (CAN),CRAB,CRAB,CRAB,CRAB,All crab
7120300200,CRAB ROCK MEAT,CS,NA,7190300200,CRAB UNCL MEAT (CAN),CRAB,CRAB,CRAB,CRAB,All crab
7185000000,CRAB SNOW,XX,NA,NA,NA,CRAB,CRAB,CRAB,CRAB,All crab
7185600000,CRAB SNOW,XX,NA,NA,NA,CRAB,CRAB,CRAB,CRAB,All crab
7185202666,CRAB SNOW COOKED ALASKA PRODUCT,LB,1,7185202044,CRAB SNOW COOKED SECTIONS,CRAB,CRAB,CRAB,CRAB,All crab
7185102666,CRAB SNOW COOKED ALASKA PRODUCT,LB,1,7185202044,CRAB SNOW COOKED SECTIONS,CRAB,CRAB,CRAB,CRAB,All crab
7185202202,CRAB SNOW COOKED CLAWS,LB,1,7190202202,CRAB UNCL COOKED CLAWS,CRAB,CRAB,CRAB,CRAB,All crab
7185102202,CRAB SNOW COOKED CLAWS,LB,1,7190202202,CRAB UNCL COOKED CLAWS,CRAB,CRAB,CRAB,CRAB,All crab
7185202011,CRAB SNOW COOKED COCKTAIL,LB,1,7185202011,CRAB SNOW COOKED COCKTAIL,CRAB,CRAB,CRAB,CRAB,All crab
7185202033,CRAB SNOW COOKED LEGS,LB,1,7185202044,CRAB SNOW COOKED SECTIONS,CRAB,CRAB,CRAB,CRAB,All crab
7185202200,CRAB SNOW COOKED MEAT,LB,1,7190202200,CRAB UNCL COOKED MEAT,CRAB,CRAB,CRAB,CRAB,All crab
7185102200,CRAB SNOW COOKED MEAT,LB,1,7190202200,CRAB UNCL COOKED MEAT,CRAB,CRAB,CRAB,CRAB,All crab
7185102044,CRAB SNOW COOKED SECTIONS,LB,1,7185202044,CRAB SNOW COOKED SECTIONS,CRAB,CRAB,CRAB,CRAB,All crab
7185202044,CRAB SNOW COOKED SECTIONS,LB,1,7185202044,CRAB SNOW COOKED SECTIONS,CRAB,CRAB,CRAB,CRAB,All crab
7185102215,CRAB SNOW COOKED WHOLE,LB,1,7185202215,CRAB SNOW COOKED WHOLE,CRAB,CRAB,CRAB,CRAB,All crab
7185202215,CRAB SNOW COOKED WHOLE,LB,1,7185202215,CRAB SNOW COOKED WHOLE,CRAB,CRAB,CRAB,CRAB,All crab
7185300200,CRAB SNOW MEAT,CS,NA,7190300200,CRAB UNCL MEAT (CAN),CRAB,CRAB,CRAB,CRAB,All crab
7185101215,CRAB SNOW WHOLE,LB,1,7185200000,CRAB SNOW WHOLE,CRAB,CRAB,CRAB,CRAB,All crab
7030201133,CRAB SOFT SHELL,LB,1,7030201133,CRAB SOFT SHELL,CRAB,CRAB,CRAB,CRAB,All crab
7030000000,CRAB SOFT SHELL,XX,NA,NA,NA,CRAB,CRAB,CRAB,CRAB,All crab
7030101133,CRAB SOFT SHELL,LB,1,7030201133,CRAB SOFT SHELL,CRAB,CRAB,CRAB,CRAB,All crab
7180202202,CRAB STONE COOKED CLAWS,LB,1,7180202202,CRAB STONE COOKED CLAWS,CRAB,CRAB,CRAB,CRAB,All crab
7180102202,CRAB STONE COOKED CLAWS,LB,1,7180202202,CRAB STONE COOKED CLAWS,CRAB,CRAB,CRAB,CRAB,All crab
7190600000,CRAB UNCL,XX,NA,NA,NA,CRAB,CRAB,CRAB,CRAB,All crab
7190000000,CRAB UNCL,XX,NA,NA,NA,CRAB,CRAB,CRAB,CRAB,All crab
7190300231,CRAB UNCL BISQUES,CS,NA,7190300231,CRAB SPECIALTIES (CAN),CRAB,CRAB,CRAB,CRAB,All crab
7190211101,CRAB UNCL BREADED CAKES/PATTY,LB,1,7190211101,CRAB UNCL BREADED CAKES & PATTIES,CRAB,CRAB,CRAB,CRAB,All crab
7190211051,CRAB UNCL BREADED STUFFED,LB,1,7190211051,CRAB UNCL BREADED STUFFED,CRAB,CRAB,CRAB,CRAB,All crab
7190201101,CRAB UNCL CAKES/PATTY,LB,1,7190202101,CRAB UNCL CAKES & PATTIES,CRAB,CRAB,CRAB,CRAB,All crab
7190202101,CRAB UNCL COOKED CAKES/PATTY,LB,1,7190202101,CRAB UNCL COOKED CAKES & PATTIES,CRAB,CRAB,CRAB,CRAB,All crab
7190202202,CRAB UNCL COOKED CLAWS,LB,1,7190202202,CRAB UNCL COOKED CLAWS,CRAB,CRAB,CRAB,CRAB,All crab
7190102200,CRAB UNCL COOKED MEAT,LB,1,7190202200,CRAB UNCL COOKED MEAT,CRAB,CRAB,CRAB,CRAB,All crab
7190300016,CRAB UNCL DEVILED,CS,NA,7190300231,CRAB SPECIALTIES (CAN),CRAB,CRAB,CRAB,CRAB,All crab
7190300017,CRAB UNCL DIPS AND SPREADS,CS,NA,7190300231,CRAB SPECIALTIES (CAN),CRAB,CRAB,CRAB,CRAB,All crab
7190300200,CRAB UNCL MEAT,CS,NA,7190300200,CRAB UNCL MEAT (CAN),CRAB,CRAB,CRAB,CRAB,All crab
7190201007,CRAB UNCL NUGGETS,LB,1,7190201007,CRAB NUGGETS,CRAB,CRAB,CRAB,CRAB,All crab
7190201051,CRAB UNCL STUFFED,LB,1,7190201051,CRAB UNCL STUFFED,CRAB,CRAB,CRAB,CRAB,All crab
840101223,CRAPPIE DRESSED,LB,1,840201223,CRAPPIE DRESSED,CRAPPIE,CRAPPIE,OTHR,OTHR,Freshwater species
7210600000,CRAWFISH,XX,NA,NA,NA,CRAWFISH,CRAWFISH,OSRM,SRMP,Crawfish/crayfish - other shrimp
7210000000,CRAWFISH,XX,NA,NA,NA,CRAWFISH,CRAWFISH,OSRM,SRMP,Crawfish/crayfish - other shrimp
7210202004,CRAWFISH BALLS,LB,1,7210202004,CRAWFISH BALLS,CRAWFISH,CRAWFISH,OSRM,SRMP,Crawfish/crayfish - other shrimp
7210300231,CRAWFISH BISQUES,CS,NA,7210300231,CRAWFISH BISQUES,CRAWFISH,CRAWFISH,OSRM,SRMP,Crawfish/crayfish - other shrimp
7210202231,CRAWFISH BISQUES,LB,1,7210202231,CRAWFISH BISQUES,CRAWFISH,CRAWFISH,OSRM,SRMP,Crawfish/crayfish - other shrimp
7210211101,CRAWFISH BREADED CAKES/PATTY,LB,1,7210211101,CRAWFISH BREADED CAKES & PATTIES,CRAWFISH,CRAWFISH,OSRM,SRMP,Crawfish/crayfish - other shrimp
7210212200,CRAWFISH BREADED COOKED MEAT,LB,1,7210212200,CRAWFISH BREADED MEAT,CRAWFISH,CRAWFISH,OSRM,SRMP,Crawfish/crayfish - other shrimp
7210211082,CRAWFISH BREADED MIXES,LB,1,7210211051,CRAWFISH BREADED STUFFED,CRAWFISH,CRAWFISH,OSRM,SRMP,Crawfish/crayfish - other shrimp
7210102500,CRAWFISH COOKED IN SAUCE,LB,1,7210202500,CRAWFISH COOKED IN SAUCE,CRAWFISH,CRAWFISH,OSRM,SRMP,Crawfish/crayfish - other shrimp
7210202500,CRAWFISH COOKED IN SAUCE,LB,1,7210202500,CRAWFISH COOKED IN SAUCE,CRAWFISH,CRAWFISH,OSRM,SRMP,Crawfish/crayfish - other shrimp
7210202200,CRAWFISH COOKED MEAT,LB,1,7210202200,CRAWFISH COOKED MEAT,CRAWFISH,CRAWFISH,OSRM,SRMP,Crawfish/crayfish - other shrimp
7210102200,CRAWFISH COOKED MEAT,LB,1,7210202200,CRAWFISH COOKED MEAT,CRAWFISH,CRAWFISH,OSRM,SRMP,Crawfish/crayfish - other shrimp
7210202053,CRAWFISH COOKED TAILS,LB,1,7210202053,CRAWFISH COOKED TAILS,CRAWFISH,CRAWFISH,OSRM,SRMP,Crawfish/crayfish - other shrimp
7210102215,CRAWFISH COOKED WHOLE,LB,1,7210202215,CRAWFISH COOKED WHOLE,CRAWFISH,CRAWFISH,OSRM,SRMP,Crawfish/crayfish - other shrimp
7210202215,CRAWFISH COOKED WHOLE,LB,1,7210202215,CRAWFISH COOKED WHOLE,CRAWFISH,CRAWFISH,OSRM,SRMP,Crawfish/crayfish - other shrimp
7210101090,CRAWFISH FOR BAIT,LB,1,7210201090,CRAWFISH BAIT,CRAWFISH,CRAWFISH,OSRM,SRMP,Crawfish/crayfish - other shrimp
7210201090,CRAWFISH FOR BAIT,LB,1,7210201090,CRAWFISH BAIT,CRAWFISH,CRAWFISH,OSRM,SRMP,Crawfish/crayfish - other shrimp
7210500650,CRAWFISH FOR SCIENTIFIC SPECIMENS,LB,1,7810500650,SCIENTIFIC SPECIMENS,CRAWFISH,CRAWFISH,OSRM,SRMP,Crawfish/crayfish - other shrimp
7210500301,CRAWFISH MEAL,TN,2000,9106500301,UNCL SHELLFISH MEAL,CRAWFISH,CRAWFISH,OSRM,SRMP,Crawfish/crayfish - other shrimp
7210202038,CRAWFISH PIES,LB,1,7210202038,CRAWFISH PIES,CRAWFISH,CRAWFISH,OSRM,SRMP,Crawfish/crayfish - other shrimp
7210201106,CRAWFISH SAUSAGE,LB,1,7210201106,CRAWFISH SAUSAGE,CRAWFISH,CRAWFISH,OSRM,SRMP,Crawfish/crayfish - other shrimp
7210201133,CRAWFISH SOFT SHELL,LB,1,7210201133,CRAWFISH SOFT SHELL,CRAWFISH,CRAWFISH,OSRM,SRMP,Crawfish/crayfish - other shrimp
7210101133,CRAWFISH SOFT SHELL,LB,1,7210201133,CRAWFISH SOFT SHELL,CRAWFISH,CRAWFISH,OSRM,SRMP,Crawfish/crayfish - other shrimp
7210201215,CRAWFISH WHOLE,LB,1,7210201215,CRAWFISH WHOLE,CRAWFISH,CRAWFISH,OSRM,SRMP,Crawfish/crayfish - other shrimp
870600000,CREVALLE,XX,NA,NA,NA,CREVALLE,CREVALLE,OTHR,OTHR,Atlantic jack species
870101160,CREVALLE JACK FILLET,LB,1,870201160,CREVALLE JACK FILLET,CREVALLE,CREVALLE,OTHR,OTHR,Atlantic jack species
925600000,CROAKER ATLANTIC,XX,NA,NA,NA,CROAKER,CROAKER,OCRK,OTHR,Other croaker
925211101,CROAKER ATLANTIC BREAD CAKES/PATTY,LB,1,925211101,CROAKER ATL BREADED CAKES & PATTIE,CROAKER,CROAKER,OCRK,OTHR,Other croaker
925101223,CROAKER ATLANTIC DRESSED,LB,1,925201223,CROAKER ATLANTIC DRESSED,CROAKER,CROAKER,OCRK,OTHR,Other croaker
925201160,CROAKER ATLANTIC FILLET,LB,1,925201160,CROAKER ATLANTIC FILLET,CROAKER,CROAKER,OCRK,OTHR,Other croaker
925101160,CROAKER ATLANTIC FILLET,LB,1,925201160,CROAKER ATLANTIC FILLET,CROAKER,CROAKER,OCRK,OTHR,Other croaker
925101222,CROAKER ATLANTIC WHOLE,LB,1,925201222,CROAKER ATLANTIC WHOLE,CROAKER,CROAKER,OCRK,OTHR,Other croaker
960101223,CUSK DRESSED,LB,1,960201223,CUSK DRESSED,CUSK,CUSK,OTHR,OTHR,Atlantic species
960201223,CUSK DRESSED,LB,1,960201223,CUSK DRESSED,CUSK,CUSK,OTHR,OTHR,Atlantic species
960101160,CUSK FILLET,LB,1,960201160,CUSK FILLET,CUSK,CUSK,OTHR,OTHR,Atlantic species
960201160,CUSK FILLET,LB,1,960201160,CUSK FILLET,CUSK,CUSK,OTHR,OTHR,Atlantic species
9560600000,CUSTOM SMOKERY,XX,NA,NA,NA,CUSTOM,CUSTOM,NA,NA,Custom processing - exclude
7870201200,CUTTLEFISH MEAT,LB,1,7870201200,CUTTLEFISH MEAT,CUTTLEFISH,CUTTLEFISH,OCTP,OTHR,Cuttlefish - similar to octopus
9562600000,DEPURATION PLANT,XX,NA,NA,NA,DEPURATION,DEPURATION,NA,NA,Facility type - exclude
9565600000,DID NOT OPERATE LAST YEAR,XX,NA,NA,NA,DID,DID,NA,NA,Unknown - exclude
9566600000,DID NOT REPORT LAST YEAR,XX,NA,NA,NA,DID,DID,NA,NA,Unknown - exclude
1050600000,DOLPHINFISH,XX,NA,NA,NA,DOLPHINFISH,DOLPHINFISH,DRDO,HMSP,Dorado/mahi-mahi
1050111101,DOLPHINFISH BREADED CAKES/PATTY,LB,1,1050211101,DOLPHINFISH BREADED CAKES & PATTIE,DOLPHINFISH,DOLPHINFISH,DRDO,HMSP,Dorado/mahi-mahi
1050101223,DOLPHINFISH DRESSED,LB,1,1050201223,DOLPHINFISH DRESSED,DOLPHINFISH,DOLPHINFISH,DRDO,HMSP,Dorado/mahi-mahi
1050201223,DOLPHINFISH DRESSED,LB,1,1050201223,DOLPHINFISH DRESSED,DOLPHINFISH,DOLPHINFISH,DRDO,HMSP,Dorado/mahi-mahi
1050440220,DOLPHINFISH DRIED,LB,1,1050440220,DOLPHINFISH DRIED,DOLPHINFISH,DOLPHINFISH,DRDO,HMSP,Dorado/mahi-mahi
1050201160,DOLPHINFISH FILLET,LB,1,1050201160,DOLPHINFISH FILLET,DOLPHINFISH,DOLPHINFISH,DRDO,HMSP,Dorado/mahi-mahi
1050101160,DOLPHINFISH FILLET,LB,1,1050201160,DOLPHINFISH FILLET,DOLPHINFISH,DOLPHINFISH,DRDO,HMSP,Dorado/mahi-mahi
1050430220,DOLPHINFISH SMOKED,LB,1,1050430220,DOLPHINFISH SMOKED,DOLPHINFISH,DOLPHINFISH,DRDO,HMSP,Dorado/mahi-mahi
1050101048,DOLPHINFISH STEAKS,LB,1,1050201048,DOLPHINFISH STEAKS,DOLPHINFISH,DOLPHINFISH,DRDO,HMSP,Dorado/mahi-mahi
1050201048,DOLPHINFISH STEAKS,LB,1,1050201048,DOLPHINFISH STEAKS,DOLPHINFISH,DOLPHINFISH,DRDO,HMSP,Dorado/mahi-mahi
1081101223,DRUM BLACK DRESSED,LB,1,1081201223,DRUM BLACK DRESSED,DRUM,DRUM,OTHR,OTHR,Not common Pacific species
1081201223,DRUM BLACK DRESSED,LB,1,1081201223,DRUM BLACK DRESSED,DRUM,DRUM,OTHR,OTHR,Not common Pacific species
1081201160,DRUM BLACK FILLET,LB,1,1081201160,DRUM BLACK FILLET,DRUM,DRUM,OTHR,OTHR,Not common Pacific species
1081101160,DRUM BLACK FILLET,LB,1,1081201160,DRUM BLACK FILLET,DRUM,DRUM,OTHR,OTHR,Not common Pacific species
1081101222,DRUM BLACK WHOLE,LB,1,1081201222,DRUM BLACK WHOLE,DRUM,DRUM,OTHR,OTHR,Not common Pacific species
1082600000,DRUM RED,XX,NA,NA,NA,DRUM,DRUM,OTHR,OTHR,Not common Pacific species
1082101223,DRUM RED DRESSED,LB,1,1082201223,DRUM RED DRESSED,DRUM,DRUM,OTHR,OTHR,Not common Pacific species
1082201160,DRUM RED FILLET,LB,1,1082201160,DRUM RED FILLET,DRUM,DRUM,OTHR,OTHR,Not common Pacific species
1082101160,DRUM RED FILLET,LB,1,1082201160,DRUM RED FILLET,DRUM,DRUM,OTHR,OTHR,Not common Pacific species
1082101222,DRUM RED WHOLE,LB,1,1082201222,DRUM RED WHOLE,DRUM,DRUM,OTHR,OTHR,Not common Pacific species
1141000000,EELS,XX,NA,NA,NA,EELS,EELS,EELS,OTHR,Unspecified eels
1141600000,EELS,XX,NA,NA,NA,EELS,EELS,EELS,OTHR,Unspecified eels
1141101223,EELS DRESSED & SKINNED,LB,1,1141201223,EELS DRESSED & SKINNED,EELS,EELS,EELS,OTHR,Unspecified eels
1141201160,EELS FILLET,LB,1,1141201160,EELS FILLET,EELS,EELS,EELS,OTHR,Unspecified eels
1141101090,EELS FOR BAIT,LB,1,1141201090,EELS BAIT,EELS,EELS,EELS,OTHR,Unspecified eels
1141201090,EELS FOR BAIT,LB,1,1141201090,EELS BAIT,EELS,EELS,EELS,OTHR,Unspecified eels
1141500650,EELS FOR SCIENTIFIC SPECIMENS,LB,1,7810500650,SCIENTIFIC SPECIMENS,EELS,EELS,EELS,OTHR,Unspecified eels
1141202500,EELS IN SAUCE,LB,1,1141202500,EELS IN SAUCE,EELS,EELS,EELS,OTHR,Unspecified eels
1141421090,EELS PICKLED FOR BAIT,LB,1,5260201090,UNCL BAIT,EELS,EELS,EELS,OTHR,Unspecified eels
1141430220,EELS SMOKED,LB,1,1141430220,EELS SMOKED,EELS,EELS,EELS,OTHR,Unspecified eels
1141101222,EELS WHOLE,LB,1,1141201222,EELS WHOLE,EELS,EELS,EELS,OTHR,Unspecified eels
1141201222,EELS WHOLE,LB,1,1141201222,EELS WHOLE,EELS,EELS,EELS,OTHR,Unspecified eels
2501101160,ESCOLAR FILLET,LB,1,2501201160,ESCOLAR FILLET,ESCOLAR,ESCOLAR,HMSP,HMSP,Escolar - often caught with HMS
9561600000,EXPORTER,XX,NA,NA,NA,EXPORTER,EXPORTER,NA,NA,Business type - exclude
9554600000,FISH WASTE PURCHASER,XX,NA,NA,NA,FISH,FISH,OTHR,OTHR,Unspecified fish
1205101223,FLOUNDERS AMERICAN PLAICE DRESSED,LB,1,1235201223,FLOUNDERS DRESSED,FLOUNDERS,FLOUNDERS,FLAT,GRND,All flatfish
1205201160,FLOUNDERS AMERICAN PLAICE FILLET,LB,1,1235201160,FLOUNDERS FILLET,FLOUNDERS,FLOUNDERS,FLAT,GRND,All flatfish
1205101160,FLOUNDERS AMERICAN PLAICE FILLET,LB,1,1235201160,FLOUNDERS FILLET,FLOUNDERS,FLOUNDERS,FLAT,GRND,All flatfish
1205101222,FLOUNDERS AMERICAN PLAICE WHOLE,LB,1,1235201222,FLOUNDERS WHOLE,FLOUNDERS,FLOUNDERS,FLAT,GRND,All flatfish
1250101223,FLOUNDERS ARROWTOOTH DRESSED,LB,1,1235201223,FLOUNDERS DRESSED,FLOUNDERS,FLOUNDERS,FLAT,GRND,All flatfish
1250201223,FLOUNDERS ARROWTOOTH DRESSED,LB,1,1235201223,FLOUNDERS DRESSED,FLOUNDERS,FLOUNDERS,FLAT,GRND,All flatfish
1250101160,FLOUNDERS ARROWTOOTH FILLET,LB,1,1235201160,FLOUNDERS FILLET,FLOUNDERS,FLOUNDERS,FLAT,GRND,All flatfish
1250201160,FLOUNDERS ARROWTOOTH FILLET,LB,1,1235201160,FLOUNDERS FILLET,FLOUNDERS,FLOUNDERS,FLAT,GRND,All flatfish
1250201021,FLOUNDERS ARROWTOOTH HEADS,LB,1,1235201021,FLOUNDERS HEADS,FLOUNDERS,FLOUNDERS,FLAT,GRND,All flatfish
1250201031,FLOUNDERS ARROWTOOTH SURIMI,LB,1,1235201031,FLOUNDERS SURIMI,FLOUNDERS,FLOUNDERS,FLAT,GRND,All flatfish
1250101222,FLOUNDERS ARROWTOOTH WHOLE,LB,1,1235201222,FLOUNDERS WHOLE,FLOUNDERS,FLOUNDERS,FLAT,GRND,All flatfish
1250201222,FLOUNDERS ARROWTOOTH WHOLE,LB,1,1235201222,FLOUNDERS WHOLE,FLOUNDERS,FLOUNDERS,FLAT,GRND,All flatfish
1265201161,FLOUNDERS DOVER SOLE BLOCKS,LB,1,1235201161,FLOUNDERS BLOCKS,FLOUNDERS,FLOUNDERS,FLAT,GRND,All flatfish
1265201223,FLOUNDERS DOVER SOLE DRESSED,LB,1,1235201223,FLOUNDERS DRESSED,FLOUNDERS,FLOUNDERS,FLAT,GRND,All flatfish
1265101223,FLOUNDERS DOVER SOLE DRESSED,LB,1,1235201223,FLOUNDERS DRESSED,FLOUNDERS,FLOUNDERS,FLAT,GRND,All flatfish
1265201160,FLOUNDERS DOVER SOLE FILLET,LB,1,1235201160,FLOUNDERS FILLET,FLOUNDERS,FLOUNDERS,FLAT,GRND,All flatfish
1265101160,FLOUNDERS DOVER SOLE FILLET,LB,1,1235201160,FLOUNDERS FILLET,FLOUNDERS,FLOUNDERS,FLAT,GRND,All flatfish
1265201222,FLOUNDERS DOVER SOLE WHOLE,LB,1,1235201222,FLOUNDERS WHOLE,FLOUNDERS,FLOUNDERS,FLAT,GRND,All flatfish
1265101222,FLOUNDERS DOVER SOLE WHOLE,LB,1,1235201222,FLOUNDERS WHOLE,FLOUNDERS,FLOUNDERS,FLAT,GRND,All flatfish
1270211160,FLOUNDERS ENGLISH SOLE BRD FILLET,LB,1,1235211160,FLOUNDERS BREADED FILLET,FLOUNDERS,FLOUNDERS,FLAT,GRND,All flatfish
1270101223,FLOUNDERS ENGLISH SOLE DRESSED,LB,1,1235201223,FLOUNDERS DRESSED,FLOUNDERS,FLOUNDERS,FLAT,GRND,All flatfish
1270201223,FLOUNDERS ENGLISH SOLE DRESSED,LB,1,1235201223,FLOUNDERS DRESSED,FLOUNDERS,FLOUNDERS,FLAT,GRND,All flatfish
1270201160,FLOUNDERS ENGLISH SOLE FILLET,LB,1,1235201160,FLOUNDERS FILLET,FLOUNDERS,FLOUNDERS,FLAT,GRND,All flatfish
1270101160,FLOUNDERS ENGLISH SOLE FILLET,LB,1,1235201160,FLOUNDERS FILLET,FLOUNDERS,FLOUNDERS,FLAT,GRND,All flatfish
1272101223,FLOUNDERS FLATHEAD SOLE DRESSED,LB,1,1235201223,FLOUNDERS DRESSED,FLOUNDERS,FLOUNDERS,FLAT,GRND,All flatfish
1272201223,FLOUNDERS FLATHEAD SOLE DRESSED,LB,1,1235201223,FLOUNDERS DRESSED,FLOUNDERS,FLOUNDERS,FLAT,GRND,All flatfish
1272101160,FLOUNDERS FLATHEAD SOLE FILLET,LB,1,1235201160,FLOUNDERS FILLET,FLOUNDERS,FLOUNDERS,FLAT,GRND,All flatfish
1272201160,FLOUNDERS FLATHEAD SOLE FILLET,LB,1,1235201160,FLOUNDERS FILLET,FLOUNDERS,FLOUNDERS,FLAT,GRND,All flatfish
1272201222,FLOUNDERS FLATHEAD SOLE WHOLE,LB,1,1235201222,FLOUNDERS WHOLE,FLOUNDERS,FLOUNDERS,FLAT,GRND,All flatfish
1220101160,FLOUNDERS LEMON SOLE FILLET,LB,1,1235201160,FLOUNDERS FILLET,FLOUNDERS,FLOUNDERS,FLAT,GRND,All flatfish
1220201160,FLOUNDERS LEMON SOLE FILLET,LB,1,1235201160,FLOUNDERS FILLET,FLOUNDERS,FLOUNDERS,FLAT,GRND,All flatfish
1295600000,FLOUNDERS PAC,XX,NA,NA,NA,FLOUNDERS,FLOUNDERS,FLAT,GRND,All flatfish
1295201161,FLOUNDERS PAC BLOCKS,LB,1,1235201161,FLOUNDERS BLOCKS,FLOUNDERS,FLOUNDERS,FLAT,GRND,All flatfish
1295500401,FLOUNDERS PAC BODY OIL,GL,7.75,1235500401,FLOUNDERS OIL,FLOUNDERS,FLOUNDERS,FLAT,GRND,All flatfish
1295201014,FLOUNDERS PAC BONES,LB,1,1235201014,FLOUNDERS BONES,FLOUNDERS,FLOUNDERS,FLAT,GRND,All flatfish
1295211051,FLOUNDERS PAC BREADED STUFFED,LB,1,1235211051,FLOUNDERS BREADED STUFFED,FLOUNDERS,FLOUNDERS,FLAT,GRND,All flatfish
1295201162,FLOUNDERS PAC CHEEKS,LB,1,1235201162,FLOUNDERS CHEEKS,FLOUNDERS,FLOUNDERS,FLAT,GRND,All flatfish
1295201223,FLOUNDERS PAC DRESSED,LB,1,1235201223,FLOUNDERS DRESSED,FLOUNDERS,FLOUNDERS,FLAT,GRND,All flatfish
1295101223,FLOUNDERS PAC DRESSED,LB,1,1235201223,FLOUNDERS DRESSED,FLOUNDERS,FLOUNDERS,FLAT,GRND,All flatfish
1295101160,FLOUNDERS PAC FILLET,LB,1,1235201160,FLOUNDERS FILLET,FLOUNDERS,FLOUNDERS,FLAT,GRND,All flatfish
1295201160,FLOUNDERS PAC FILLET,LB,1,1235201160,FLOUNDERS FILLET,FLOUNDERS,FLOUNDERS,FLAT,GRND,All flatfish
1295101090,FLOUNDERS PAC FOR BAIT,LB,1,1235201090,FLOUNDERS BAIT,FLOUNDERS,FLOUNDERS,FLAT,GRND,All flatfish
1295201090,FLOUNDERS PAC FOR BAIT,LB,1,1235201090,FLOUNDERS BAIT,FLOUNDERS,FLOUNDERS,FLAT,GRND,All flatfish
1295201021,FLOUNDERS PAC HEADS,LB,1,1235201021,FLOUNDERS HEADS,FLOUNDERS,FLOUNDERS,FLAT,GRND,All flatfish
1295500301,FLOUNDERS PAC MEAL,TN,2000,1235500301,FLOUNDERS MEAL,FLOUNDERS,FLOUNDERS,FLAT,GRND,All flatfish
1295201210,FLOUNDERS PAC MINCED,LB,1,1235201210,FLOUNDERS MINCED,FLOUNDERS,FLOUNDERS,FLAT,GRND,All flatfish
1295201018,FLOUNDERS PAC PECTORAL GIRDLES,LB,1,1235201018,FLOUNDERS PECTORAL GIRDLES,FLOUNDERS,FLOUNDERS,FLAT,GRND,All flatfish
1295201048,FLOUNDERS PAC STEAKS,LB,1,1235201048,FLOUNDERS STEAKS,FLOUNDERS,FLOUNDERS,FLAT,GRND,All flatfish
1295101048,FLOUNDERS PAC STEAKS,LB,1,1235201048,FLOUNDERS STEAKS,FLOUNDERS,FLOUNDERS,FLAT,GRND,All flatfish
1295201051,FLOUNDERS PAC STUFFED,LB,1,1235201051,FLOUNDERS STUFFED,FLOUNDERS,FLOUNDERS,FLAT,GRND,All flatfish
1295101051,FLOUNDERS PAC STUFFED,LB,1,1235201051,FLOUNDERS STUFFED,FLOUNDERS,FLOUNDERS,FLAT,GRND,All flatfish
1295201031,FLOUNDERS PAC SURIMI,LB,1,1235201031,FLOUNDERS SURIMI,FLOUNDERS,FLOUNDERS,FLAT,GRND,All flatfish
1295101222,FLOUNDERS PAC WHOLE,LB,1,1235201222,FLOUNDERS WHOLE,FLOUNDERS,FLOUNDERS,FLAT,GRND,All flatfish
1295201222,FLOUNDERS PAC WHOLE,LB,1,1235201222,FLOUNDERS WHOLE,FLOUNDERS,FLOUNDERS,FLAT,GRND,All flatfish
1275201223,FLOUNDERS PETRALE SOLE DRESSED,LB,1,1235201223,FLOUNDERS DRESSED,FLOUNDERS,FLOUNDERS,FLAT,GRND,All flatfish
1275101223,FLOUNDERS PETRALE SOLE DRESSED,LB,1,1235201223,FLOUNDERS DRESSED,FLOUNDERS,FLOUNDERS,FLAT,GRND,All flatfish
1275201160,FLOUNDERS PETRALE SOLE FILLET,LB,1,1235201160,FLOUNDERS FILLET,FLOUNDERS,FLOUNDERS,FLAT,GRND,All flatfish
1275101160,FLOUNDERS PETRALE SOLE FILLET,LB,1,1235201160,FLOUNDERS FILLET,FLOUNDERS,FLOUNDERS,FLAT,GRND,All flatfish
1280201223,FLOUNDERS REX SOLE DRESSED,LB,1,1235201223,FLOUNDERS DRESSED,FLOUNDERS,FLOUNDERS,FLAT,GRND,All flatfish
1280101223,FLOUNDERS REX SOLE DRESSED,LB,1,1235201223,FLOUNDERS DRESSED,FLOUNDERS,FLOUNDERS,FLAT,GRND,All flatfish
1280101160,FLOUNDERS REX SOLE FILLET,LB,1,1235201160,FLOUNDERS FILLET,FLOUNDERS,FLOUNDERS,FLAT,GRND,All flatfish
1280201160,FLOUNDERS REX SOLE FILLET,LB,1,1235201160,FLOUNDERS FILLET,FLOUNDERS,FLOUNDERS,FLAT,GRND,All flatfish
1282201223,FLOUNDERS ROCK SOLE DRESSED,LB,1,1235201223,FLOUNDERS DRESSED,FLOUNDERS,FLOUNDERS,FLAT,GRND,All flatfish
1282101223,FLOUNDERS ROCK SOLE DRESSED,LB,1,1235201223,FLOUNDERS DRESSED,FLOUNDERS,FLOUNDERS,FLAT,GRND,All flatfish
1282201160,FLOUNDERS ROCK SOLE FILLET,LB,1,1235201160,FLOUNDERS FILLET,FLOUNDERS,FLOUNDERS,FLAT,GRND,All flatfish
1282101160,FLOUNDERS ROCK SOLE FILLET,LB,1,1235201160,FLOUNDERS FILLET,FLOUNDERS,FLOUNDERS,FLAT,GRND,All flatfish
1282201040,FLOUNDERS ROCK SOLE ROE,LB,1,1235201040,FLOUNDERS ROE,FLOUNDERS,FLOUNDERS,FLAT,GRND,All flatfish
1282201048,FLOUNDERS ROCK SOLE STEAKS,LB,1,1235201048,FLOUNDERS STEAKS,FLOUNDERS,FLOUNDERS,FLAT,GRND,All flatfish
1282201222,FLOUNDERS ROCK SOLE WHOLE,LB,1,1235201222,FLOUNDERS WHOLE,FLOUNDERS,FLOUNDERS,FLAT,GRND,All flatfish
1282101222,FLOUNDERS ROCK SOLE WHOLE,LB,1,1235201222,FLOUNDERS WHOLE,FLOUNDERS,FLOUNDERS,FLAT,GRND,All flatfish
1285600000,FLOUNDERS SAND SOLE,XX,NA,NA,NA,FLOUNDERS,FLOUNDERS,FLAT,GRND,All flatfish
1285201223,FLOUNDERS SAND SOLE DRESSED,LB,1,1235201223,FLOUNDERS DRESSED,FLOUNDERS,FLOUNDERS,FLAT,GRND,All flatfish
1285101160,FLOUNDERS SAND SOLE FILLET,LB,1,1235201160,FLOUNDERS FILLET,FLOUNDERS,FLOUNDERS,FLAT,GRND,All flatfish
1285201160,FLOUNDERS SAND SOLE FILLET,LB,1,1235201160,FLOUNDERS FILLET,FLOUNDERS,FLOUNDERS,FLAT,GRND,All flatfish
1260101160,FLOUNDERS SANDDAB FILLET,LB,1,1235201160,FLOUNDERS FILLET,FLOUNDERS,FLOUNDERS,FLAT,GRND,All flatfish
1260201160,FLOUNDERS SANDDAB FILLET,LB,1,1235201160,FLOUNDERS FILLET,FLOUNDERS,FLOUNDERS,FLAT,GRND,All flatfish
1289201223,FLOUNDERS STARRY DRESSED,LB,1,1235201223,FLOUNDERS DRESSED,FLOUNDERS,FLOUNDERS,FLAT,GRND,All flatfish
1289101223,FLOUNDERS STARRY DRESSED,LB,1,1235201223,FLOUNDERS DRESSED,FLOUNDERS,FLOUNDERS,FLAT,GRND,All flatfish
1289201160,FLOUNDERS STARRY FILLET,LB,1,1235201160,FLOUNDERS FILLET,FLOUNDERS,FLOUNDERS,FLAT,GRND,All flatfish
1289101160,FLOUNDERS STARRY FILLET,LB,1,1235201160,FLOUNDERS FILLET,FLOUNDERS,FLOUNDERS,FLAT,GRND,All flatfish
1289201031,FLOUNDERS STARRY SURIMI,LB,1,1235201031,FLOUNDERS SURIMI,FLOUNDERS,FLOUNDERS,FLAT,GRND,All flatfish
1211600000,FLOUNDERS SUMMER,XX,NA,NA,NA,FLOUNDERS,FLOUNDERS,FLAT,GRND,All flatfish
1211201223,FLOUNDERS SUMMER DRESSED,LB,1,1235201223,FLOUNDERS DRESSED,FLOUNDERS,FLOUNDERS,FLAT,GRND,All flatfish
1211101223,FLOUNDERS SUMMER DRESSED,LB,1,1235201223,FLOUNDERS DRESSED,FLOUNDERS,FLOUNDERS,FLAT,GRND,All flatfish
1211101160,FLOUNDERS SUMMER FILLET,LB,1,1235201160,FLOUNDERS FILLET,FLOUNDERS,FLOUNDERS,FLAT,GRND,All flatfish
1211201160,FLOUNDERS SUMMER FILLET,LB,1,1235201160,FLOUNDERS FILLET,FLOUNDERS,FLOUNDERS,FLAT,GRND,All flatfish
1211101222,FLOUNDERS SUMMER WHOLE,LB,1,1235201222,FLOUNDERS WHOLE,FLOUNDERS,FLOUNDERS,FLAT,GRND,All flatfish
1235600000,FLOUNDERS UNCL,XX,NA,NA,NA,FLOUNDERS,FLOUNDERS,FLAT,GRND,All flatfish
1235213160,FLOUNDERS UNCL BATTER DIP FILLET,LB,1,1235213160,FLOUNDERS BATTER COATED FILLET,FLOUNDERS,FLOUNDERS,FLAT,GRND,All flatfish
1235201161,FLOUNDERS UNCL BLOCKS,LB,1,1235201161,FLOUNDERS BLOCKS,FLOUNDERS,FLOUNDERS,FLAT,GRND,All flatfish
1235212160,FLOUNDERS UNCL BREADED CKD FILLET,LB,1,1235211160,FLOUNDERS BREADED FILLET,FLOUNDERS,FLOUNDERS,FLAT,GRND,All flatfish
1235211160,FLOUNDERS UNCL BREADED FILLET,LB,1,1235211160,FLOUNDERS BREADED FILLET,FLOUNDERS,FLOUNDERS,FLAT,GRND,All flatfish
1235111160,FLOUNDERS UNCL BREADED FILLET,LB,1,1235211160,FLOUNDERS BREADED FILLET,FLOUNDERS,FLOUNDERS,FLAT,GRND,All flatfish
1235211103,FLOUNDERS UNCL BREADED FORM FILLET,LB,1,1235211103,FLOUNDERS BREADED FORM FILLET,FLOUNDERS,FLOUNDERS,FLAT,GRND,All flatfish
1235211500,FLOUNDERS UNCL BREADED IN SAUCE,LB,1,1235211500,FLOUNDERS BREADED IN SAUCE,FLOUNDERS,FLOUNDERS,FLAT,GRND,All flatfish
1235211048,FLOUNDERS UNCL BREADED STEAKS,LB,1,1235211048,FLOUNDERS BREADED STEAKS,FLOUNDERS,FLOUNDERS,FLAT,GRND,All flatfish
1235211051,FLOUNDERS UNCL BREADED STUFFED,LB,1,1235211051,FLOUNDERS BREADED STUFFED,FLOUNDERS,FLOUNDERS,FLAT,GRND,All flatfish
1235202160,FLOUNDERS UNCL COOKED FILLET,LB,1,1235201160,FLOUNDERS FILLET,FLOUNDERS,FLOUNDERS,FLAT,GRND,All flatfish
1235202500,FLOUNDERS UNCL COOKED IN SAUCE,LB,1,1235202500,FLOUNDERS COOKED IN SAUCE,FLOUNDERS,FLOUNDERS,FLAT,GRND,All flatfish
1235201223,FLOUNDERS UNCL DRESSED,LB,1,1235201223,FLOUNDERS DRESSED,FLOUNDERS,FLOUNDERS,FLAT,GRND,All flatfish
1235101223,FLOUNDERS UNCL DRESSED,LB,1,1235201223,FLOUNDERS DRESSED,FLOUNDERS,FLOUNDERS,FLAT,GRND,All flatfish
1235201160,FLOUNDERS UNCL FILLET,LB,1,1235201160,FLOUNDERS FILLET,FLOUNDERS,FLOUNDERS,FLAT,GRND,All flatfish
1235101160,FLOUNDERS UNCL FILLET,LB,1,1235201160,FLOUNDERS FILLET,FLOUNDERS,FLOUNDERS,FLAT,GRND,All flatfish
1235201500,FLOUNDERS UNCL IN SAUCE,LB,1,1235201500,FLOUNDERS IN SAUCE,FLOUNDERS,FLOUNDERS,FLAT,GRND,All flatfish
1235201051,FLOUNDERS UNCL STUFFED,LB,1,1235201051,FLOUNDERS STUFFED,FLOUNDERS,FLOUNDERS,FLAT,GRND,All flatfish
1235101222,FLOUNDERS UNCL WHOLE,LB,1,1235201222,FLOUNDERS WHOLE,FLOUNDERS,FLOUNDERS,FLAT,GRND,All flatfish
1235201222,FLOUNDERS UNCL WHOLE,LB,1,1235201222,FLOUNDERS WHOLE,FLOUNDERS,FLOUNDERS,FLAT,GRND,All flatfish
1199600000,FLOUNDERS WINTER,XX,NA,NA,NA,FLOUNDERS,FLOUNDERS,FLAT,GRND,All flatfish
1199101223,FLOUNDERS WINTER DRESSED,LB,1,1235201223,FLOUNDERS DRESSED,FLOUNDERS,FLOUNDERS,FLAT,GRND,All flatfish
1199101160,FLOUNDERS WINTER FILLET,LB,1,1235201160,FLOUNDERS FILLET,FLOUNDERS,FLOUNDERS,FLAT,GRND,All flatfish
1199201160,FLOUNDERS WINTER FILLET,LB,1,1235201160,FLOUNDERS FILLET,FLOUNDERS,FLOUNDERS,FLAT,GRND,All flatfish
1199101040,FLOUNDERS WINTER ROE,LB,1,1235201040,FLOUNDERS ROE,FLOUNDERS,FLOUNDERS,FLAT,GRND,All flatfish
1199101222,FLOUNDERS WINTER WHOLE,LB,1,1235201222,FLOUNDERS WHOLE,FLOUNDERS,FLOUNDERS,FLAT,GRND,All flatfish
1215201160,FLOUNDERS WITCH FILLET,LB,1,1235201160,FLOUNDERS FILLET,FLOUNDERS,FLOUNDERS,FLAT,GRND,All flatfish
1215101160,FLOUNDERS WITCH FILLET,LB,1,1235201160,FLOUNDERS FILLET,FLOUNDERS,FLOUNDERS,FLAT,GRND,All flatfish
1215101222,FLOUNDERS WITCH WHOLE,LB,1,1235201222,FLOUNDERS WHOLE,FLOUNDERS,FLOUNDERS,FLAT,GRND,All flatfish
1287101223,FLOUNDERS YELLOWFIN SOLE DRESSED,LB,1,1235201223,FLOUNDERS DRESSED,FLOUNDERS,FLOUNDERS,FLAT,GRND,All flatfish
1287201223,FLOUNDERS YELLOWFIN SOLE DRESSED,LB,1,1235201223,FLOUNDERS DRESSED,FLOUNDERS,FLOUNDERS,FLAT,GRND,All flatfish
1287101160,FLOUNDERS YELLOWFIN SOLE FILLET,LB,1,1235201160,FLOUNDERS FILLET,FLOUNDERS,FLOUNDERS,FLAT,GRND,All flatfish
1287201160,FLOUNDERS YELLOWFIN SOLE FILLET,LB,1,1235201160,FLOUNDERS FILLET,FLOUNDERS,FLOUNDERS,FLAT,GRND,All flatfish
1287201090,FLOUNDERS YELLOWFIN SOLE FOR BAIT,LB,1,1235201090,FLOUNDERS BAIT,FLOUNDERS,FLOUNDERS,FLAT,GRND,All flatfish
1287201048,FLOUNDERS YELLOWFIN SOLE STEAKS,LB,1,1235201048,FLOUNDERS STEAKS,FLOUNDERS,FLOUNDERS,FLAT,GRND,All flatfish
1287201031,FLOUNDERS YELLOWFIN SOLE SURIMI,LB,1,1235201031,FLOUNDERS SURIMI,FLOUNDERS,FLOUNDERS,FLAT,GRND,All flatfish
1287201222,FLOUNDERS YELLOWFIN SOLE WHOLE,LB,1,1235201222,FLOUNDERS WHOLE,FLOUNDERS,FLOUNDERS,FLAT,GRND,All flatfish
1230600000,FLOUNDERS YELLOWTAIL,XX,NA,NA,NA,FLOUNDERS,FLOUNDERS,FLAT,GRND,All flatfish
1230101160,FLOUNDERS YELLOWTAIL FILLET,LB,1,1235201160,FLOUNDERS FILLET,FLOUNDERS,FLOUNDERS,FLAT,GRND,All flatfish
1230201160,FLOUNDERS YELLOWTAIL FILLET,LB,1,1235201160,FLOUNDERS FILLET,FLOUNDERS,FLOUNDERS,FLAT,GRND,All flatfish
1230101040,FLOUNDERS YELLOWTAIL ROE,LB,1,1235201040,FLOUNDERS ROE,FLOUNDERS,FLOUNDERS,FLAT,GRND,All flatfish
1230101222,FLOUNDERS YELLOWTAIL WHOLE,LB,1,1235201222,FLOUNDERS WHOLE,FLOUNDERS,FLOUNDERS,FLAT,GRND,All flatfish
1310101223,FLYINGFISH DRESSED,LB,1,1310201223,FLYINGFISH DRESSED,FLYINGFISH,FLYINGFISH,OTHR,OTHR,Tropical species
1310201040,FLYINGFISH ROE,LB,1,1310201040,FLYINGFISH ROE,FLYINGFISH,FLYINGFISH,OTHR,OTHR,Tropical species
8140201033,FROG LEGS,LB,1,8140201033,FROG LEGS,FROG,FROG,OTHR,OTHR,Non-fish
8140111033,FROG LEGS BREADED,LB,1,8140211033,FROG LEGS BREADED,FROG,FROG,OTHR,OTHR,Non-fish
8140211033,FROG LEGS BREADED,LB,1,8140211033,FROG LEGS BREADED,FROG,FROG,OTHR,OTHR,Non-fish
8140500650,FROGS FOR SCIENTIFIC SPECIMENS,LB,1,7810500650,SCIENTIFIC SPECIMENS,FROGS,FROGS,OTHR,OTHR,Non-fish
8140600000,FROGS UNCL,XX,NA,NA,NA,FROGS,FROGS,OTHR,OTHR,Non-fish
9030500028,FUR SEALS HIDES,NO,0,9030500028,FUR SEALS HIDES,FUR,FUR,NA,NA,Non-fish product - exclude
1330600000,GARFISH,XX,NA,NA,NA,GARFISH,GARFISH,OTHR,OTHR,Not common commercial species
1330101223,GARFISH DRESSED,LB,1,1330201223,GARFISH DRESSED,GARFISH,GARFISH,OTHR,OTHR,Not common commercial species
1330201223,GARFISH DRESSED,LB,1,1330201223,GARFISH DRESSED,GARFISH,GARFISH,OTHR,OTHR,Not common commercial species
1330101160,GARFISH FILLET,LB,1,1330201160,GARFISH FILLET,GARFISH,GARFISH,OTHR,OTHR,Not common commercial species
1330201048,GARFISH STEAKS,LB,1,1330201048,GARFISH STEAKS,GARFISH,GARFISH,OTHR,OTHR,Not common commercial species
1330101222,GARFISH WHOLE,LB,1,1330201222,GARFISH WHOLE,GARFISH,GARFISH,OTHR,OTHR,Not common commercial species
1340201090,GIZZARD SHAD FOR BAIT,LB,1,3474201090,SHAD BAIT,GIZZARD,GIZZARD,OTHR,OTHR,Gizzard shad - freshwater
1380101160,GRENADIER FILLET,LB,1,1380201160,GRENADIER FILLET,GRENADIER,GRENADIER,GRDR,GRND,Grenadiers
1380201160,GRENADIER FILLET,LB,1,1380201160,GRENADIER FILLET,GRENADIER,GRENADIER,GRDR,GRND,Grenadiers
1400600000,GROUNDFISH,XX,NA,NA,NA,GROUNDFISH,GROUNDFISH,GRND,GRND,Unspecified groundfish
1400101223,GROUNDFISH DRESSED,LB,1,5260201223,UNCL FISH DRESSED,GROUNDFISH,GROUNDFISH,GRND,GRND,Unspecified groundfish
1400201160,GROUNDFISH FILLET,LB,1,5260201160,UNCL FISH FILLET,GROUNDFISH,GROUNDFISH,GRND,GRND,Unspecified groundfish
1400101160,GROUNDFISH FILLET,LB,1,5260201160,UNCL FISH FILLET,GROUNDFISH,GROUNDFISH,GRND,GRND,Unspecified groundfish
1400101222,GROUNDFISH WHOLE,LB,1,5260201222,UNCL FISH WHOLE,GROUNDFISH,GROUNDFISH,GRND,GRND,Unspecified groundfish
1410600000,GROUPERS,XX,NA,NA,NA,GROUPERS,GROUPERS,OTHR,OTHR,Primarily tropical/Gulf species
1410211160,GROUPERS BREADED FILLET,LB,1,1410211160,GROUPERS BREADED FILLET,GROUPERS,GROUPERS,OTHR,OTHR,Primarily tropical/Gulf species
1410101223,GROUPERS DRESSED,LB,1,1410201223,GROUPERS DRESSED,GROUPERS,GROUPERS,OTHR,OTHR,Primarily tropical/Gulf species
1410201223,GROUPERS DRESSED,LB,1,1410201223,GROUPERS DRESSED,GROUPERS,GROUPERS,OTHR,OTHR,Primarily tropical/Gulf species
1410201160,GROUPERS FILLET,LB,1,1410201160,GROUPERS FILLET,GROUPERS,GROUPERS,OTHR,OTHR,Primarily tropical/Gulf species
1410101160,GROUPERS FILLET,LB,1,1410201160,GROUPERS FILLET,GROUPERS,GROUPERS,OTHR,OTHR,Primarily tropical/Gulf species
1410101222,GROUPERS WHOLE,LB,1,1410201222,GROUPERS WHOLE,GROUPERS,GROUPERS,OTHR,OTHR,Primarily tropical/Gulf species
1440101160,GRUNTS FILLET,LB,1,1440201160,GRUNTS FILLET,GRUNTS,GRUNTS,OTHR,OTHR,Tropical/Gulf species
1440201160,GRUNTS FILLET,LB,1,1440201160,GRUNTS FILLET,GRUNTS,GRUNTS,OTHR,OTHR,Tropical/Gulf species
1480600000,HADDOCK,XX,NA,NA,NA,HADDOCK,HADDOCK,OTHR,OTHR,Atlantic species
1480213160,HADDOCK BATTER COATED FILLET,LB,1,1480213160,HADDOCK BATTER COATED FILLET,HADDOCK,HADDOCK,OTHR,OTHR,Atlantic species
1480201161,HADDOCK BLOCKS,LB,1,1480201161,HADDOCK BLOCKS,HADDOCK,HADDOCK,OTHR,OTHR,Atlantic species
1480212160,HADDOCK BREADED COOKED FILLET,LB,1,1480211160,HADDOCK BREADED FILLET,HADDOCK,HADDOCK,OTHR,OTHR,Atlantic species
1480112160,HADDOCK BREADED COOKED FILLET,LB,1,1480211160,HADDOCK BREADED FILLET,HADDOCK,HADDOCK,OTHR,OTHR,Atlantic species
1480212039,HADDOCK BREADED COOKED PORTIONS,LB,1,1480211039,HADDOCK BREADED PORTIONS,HADDOCK,HADDOCK,OTHR,OTHR,Atlantic species
1480212049,HADDOCK BREADED COOKED STICKS,LB,1,1480211049,HADDOCK BREADED STICKS,HADDOCK,HADDOCK,OTHR,OTHR,Atlantic species
1480211160,HADDOCK BREADED FILLET,LB,1,1480211160,HADDOCK BREADED FILLET,HADDOCK,HADDOCK,OTHR,OTHR,Atlantic species
1480111160,HADDOCK BREADED FILLET,LB,1,1480211160,HADDOCK BREADED FILLET,HADDOCK,HADDOCK,OTHR,OTHR,Atlantic species
1480211103,HADDOCK BREADED FORMED FILLET,LB,1,1480211103,HADDOCK BREADED FORMED FILLET,HADDOCK,HADDOCK,OTHR,OTHR,Atlantic species
1480211039,HADDOCK BREADED PORTIONS,LB,1,1480211039,HADDOCK BREADED PORTIONS,HADDOCK,HADDOCK,OTHR,OTHR,Atlantic species
1480211051,HADDOCK BREADED STUFFED,LB,1,1480211051,HADDOCK BREADED STUFFED,HADDOCK,HADDOCK,OTHR,OTHR,Atlantic species
1480202500,HADDOCK COOKED IN SAUCE,LB,1,1480202500,HADDOCK COOKED IN SAUCE,HADDOCK,HADDOCK,OTHR,OTHR,Atlantic species
1480202051,HADDOCK COOKED STUFFED,LB,1,1480202051,HADDOCK COOKED STUFFED,HADDOCK,HADDOCK,OTHR,OTHR,Atlantic species
1480101223,HADDOCK DRESSED,LB,1,1480201223,HADDOCK DRESSED,HADDOCK,HADDOCK,OTHR,OTHR,Atlantic species
1480201223,HADDOCK DRESSED,LB,1,1480201223,HADDOCK DRESSED,HADDOCK,HADDOCK,OTHR,OTHR,Atlantic species
1480101160,HADDOCK FILLET,LB,1,1480201160,HADDOCK FILLET,HADDOCK,HADDOCK,OTHR,OTHR,Atlantic species
1480201160,HADDOCK FILLET,LB,1,1480201160,HADDOCK FILLET,HADDOCK,HADDOCK,OTHR,OTHR,Atlantic species
1480300500,HADDOCK IN SAUCE,CS,NA,5260300500,OTHER FISH SPECIALTIES (CAN),HADDOCK,HADDOCK,OTHR,OTHR,Atlantic species
1480201500,HADDOCK IN SAUCE,LB,1,1480201500,HADDOCK IN SAUCE,HADDOCK,HADDOCK,OTHR,OTHR,Atlantic species
1480430220,HADDOCK SMOKED,LB,1,1480430220,HADDOCK SMOKED,HADDOCK,HADDOCK,OTHR,OTHR,Atlantic species
1542600000,HAKE PACIFIC,XX,NA,NA,NA,HAKE,HAKE,PWHT,GRND,Pacific whiting/hake
1542201161,HAKE PACIFIC BLOCKS,LB,1,1520201161,HAKE BLOCKS,HAKE,HAKE,PWHT,GRND,Pacific whiting/hake
1542500401,HAKE PACIFIC BODY OIL,GL,7.75,1520500401,HAKE OIL,HAKE,HAKE,PWHT,GRND,Pacific whiting/hake
1542201223,HAKE PACIFIC DRESSED,LB,1,1520201223,HAKE DRESSED,HAKE,HAKE,PWHT,GRND,Pacific whiting/hake
1542101223,HAKE PACIFIC DRESSED,LB,1,1520201223,HAKE DRESSED,HAKE,HAKE,PWHT,GRND,Pacific whiting/hake
1542201160,HAKE PACIFIC FILLET,LB,1,1520201160,HAKE FILLET,HAKE,HAKE,PWHT,GRND,Pacific whiting/hake
1542101160,HAKE PACIFIC FILLET,LB,1,1520201160,HAKE FILLET,HAKE,HAKE,PWHT,GRND,Pacific whiting/hake
1542201090,HAKE PACIFIC FOR BAIT,LB,1,1520201090,HAKE FOR BAIT,HAKE,HAKE,PWHT,GRND,Pacific whiting/hake
1542500301,HAKE PACIFIC MEAL,TN,2000,1520500301,HAKE MEAL,HAKE,HAKE,PWHT,GRND,Pacific whiting/hake
1542201210,HAKE PACIFIC MINCED,LB,1,1520201210,HAKE MINCED,HAKE,HAKE,PWHT,GRND,Pacific whiting/hake
1542201031,HAKE PACIFIC SURIMI,LB,1,1520201031,HAKE SURIMI,HAKE,HAKE,PWHT,GRND,Pacific whiting/hake
1542202042,HAKE PACIFIC SURIMI ANALOG,LB,1,1520202042,HAKE SURIMI ANALOG,HAKE,HAKE,PWHT,GRND,Pacific whiting/hake
1520600000,HAKE RED,XX,NA,NA,NA,HAKE,HAKE,PWHT,GRND,Pacific whiting/hake
1520101223,HAKE RED DRESSED,LB,1,1520201223,HAKE DRESSED,HAKE,HAKE,PWHT,GRND,Pacific whiting/hake
1520101160,HAKE RED FILLET,LB,1,1520201160,HAKE FILLET,HAKE,HAKE,PWHT,GRND,Pacific whiting/hake
1520430220,HAKE RED SMOKED,LB,1,1520430220,HAKE SMOKED,HAKE,HAKE,PWHT,GRND,Pacific whiting/hake
1520101222,HAKE RED WHOLE,LB,1,1520201222,HAKE WHOLE,HAKE,HAKE,PWHT,GRND,Pacific whiting/hake
5090600000,HAKE SILVER,XX,NA,NA,NA,HAKE,HAKE,PWHT,GRND,Pacific whiting/hake
5090213039,HAKE SILVER BATTER DIP PORTIONS,LB,1,5090213039,HAKE SILVER BATTER DIP PORTIONS,HAKE,HAKE,PWHT,GRND,Pacific whiting/hake
5090201161,HAKE SILVER BLOCKS,LB,1,1520201161,HAKE BLOCKS,HAKE,HAKE,PWHT,GRND,Pacific whiting/hake
5090212039,HAKE SILVER BREADED CKD PORTIONS,LB,1,5090211039,HAKE SILVER BREADED PORTIONS,HAKE,HAKE,PWHT,GRND,Pacific whiting/hake
5090212049,HAKE SILVER BREADED COOKED STICKS,LB,1,5090211049,HAKE SILVER BREADED STICKS,HAKE,HAKE,PWHT,GRND,Pacific whiting/hake
5090300110,HAKE SILVER CHOWDERS,CS,NA,5260300500,OTHER FISH SPECIALTIES (CAN),HAKE,HAKE,PWHT,GRND,Pacific whiting/hake
5090101223,HAKE SILVER DRESSED,LB,1,1520201223,HAKE DRESSED,HAKE,HAKE,PWHT,GRND,Pacific whiting/hake
5090201223,HAKE SILVER DRESSED,LB,1,1520201223,HAKE DRESSED,HAKE,HAKE,PWHT,GRND,Pacific whiting/hake
5090101160,HAKE SILVER FILLET,LB,1,1520201160,HAKE FILLET,HAKE,HAKE,PWHT,GRND,Pacific whiting/hake
5090201160,HAKE SILVER FILLET,LB,1,1520201160,HAKE FILLET,HAKE,HAKE,PWHT,GRND,Pacific whiting/hake
5090201225,HAKE SILVER HEADED & DRESSED,LB,1,1520201223,HAKE DRESSED,HAKE,HAKE,PWHT,GRND,Pacific whiting/hake
5090101225,HAKE SILVER HEADED & DRESSED,LB,1,1520201223,HAKE DRESSED,HAKE,HAKE,PWHT,GRND,Pacific whiting/hake
5090430220,HAKE SILVER SMOKED,LB,1,1520430220,HAKE SMOKED,HAKE,HAKE,PWHT,GRND,Pacific whiting/hake
5090101222,HAKE SILVER WHOLE,LB,1,1520201222,HAKE WHOLE,HAKE,HAKE,PWHT,GRND,Pacific whiting/hake
5090201222,HAKE SILVER WHOLE,LB,1,1520201222,HAKE WHOLE,HAKE,HAKE,PWHT,GRND,Pacific whiting/hake
1540101223,HAKE WHITE DRESSED,LB,1,1520201223,HAKE DRESSED,HAKE,HAKE,PWHT,GRND,Pacific whiting/hake
1540201223,HAKE WHITE DRESSED,LB,1,1520201223,HAKE DRESSED,HAKE,HAKE,PWHT,GRND,Pacific whiting/hake
1540201160,HAKE WHITE FILLET,LB,1,1520201160,HAKE FILLET,HAKE,HAKE,PWHT,GRND,Pacific whiting/hake
1540101160,HAKE WHITE FILLET,LB,1,1520201160,HAKE FILLET,HAKE,HAKE,PWHT,GRND,Pacific whiting/hake
1540420220,HAKE WHITE SALTED,LB,1,1520420220,HAKE SALTED,HAKE,HAKE,PWHT,GRND,Pacific whiting/hake
1540430220,HAKE WHITE SMOKED,LB,1,1520430220,HAKE SMOKED,HAKE,HAKE,PWHT,GRND,Pacific whiting/hake
1540201222,HAKE WHITE WHOLE,LB,1,1520201222,HAKE WHOLE,HAKE,HAKE,PWHT,GRND,Pacific whiting/hake
1540101222,HAKE WHITE WHOLE,LB,1,1520201222,HAKE WHOLE,HAKE,HAKE,PWHT,GRND,Pacific whiting/hake
1590300220,HALIBUT,CS,NA,5260300500,OTHER FISH SPECIALTIES (CAN),HALIBUT,HALIBUT,PHLB,OTHR,"Pacific halibut (note: managed by IPHC, not PFMC)"
1590600000,HALIBUT,XX,NA,NA,NA,HALIBUT,HALIBUT,PHLB,OTHR,"Pacific halibut (note: managed by IPHC, not PFMC)"
1590213160,HALIBUT BATTER COATED FILLET,LB,1,1590213160,HALIBUT BATTER COATED FILLET,HALIBUT,HALIBUT,PHLB,OTHR,"Pacific halibut (note: managed by IPHC, not PFMC)"
1590213039,HALIBUT BATTER COATED PORTIONS,LB,1,1590213039,HALIBUT BATTER COATED PORTIONS,HALIBUT,HALIBUT,PHLB,OTHR,"Pacific halibut (note: managed by IPHC, not PFMC)"
1590212039,HALIBUT BREADED COOKED PORTIONS,LB,1,1590211039,HALIBUT BREADED PORTIONS,HALIBUT,HALIBUT,PHLB,OTHR,"Pacific halibut (note: managed by IPHC, not PFMC)"
1590211160,HALIBUT BREADED FILLET,LB,1,1590211160,HALIBUT BREADED FILLET,HALIBUT,HALIBUT,PHLB,OTHR,"Pacific halibut (note: managed by IPHC, not PFMC)"
1590201162,HALIBUT CHEEKS,LB,1,1590201160,HALIBUT FILLET,HALIBUT,HALIBUT,PHLB,OTHR,"Pacific halibut (note: managed by IPHC, not PFMC)"
1590101162,HALIBUT CHEEKS,LB,1,1590201160,HALIBUT FILLET,HALIBUT,HALIBUT,PHLB,OTHR,"Pacific halibut (note: managed by IPHC, not PFMC)"
1590202500,HALIBUT COOKED IN SAUCE,LB,1,1590202500,HALIBUT COOKED IN SAUCE,HALIBUT,HALIBUT,PHLB,OTHR,"Pacific halibut (note: managed by IPHC, not PFMC)"
1590101223,HALIBUT DRESSED,LB,1,1590201223,HALIBUT DRESSED,HALIBUT,HALIBUT,PHLB,OTHR,"Pacific halibut (note: managed by IPHC, not PFMC)"
1590201223,HALIBUT DRESSED,LB,1,1590201223,HALIBUT DRESSED,HALIBUT,HALIBUT,PHLB,OTHR,"Pacific halibut (note: managed by IPHC, not PFMC)"
1590101160,HALIBUT FILLET,LB,1,1590201160,HALIBUT FILLET,HALIBUT,HALIBUT,PHLB,OTHR,"Pacific halibut (note: managed by IPHC, not PFMC)"
1590201160,HALIBUT FILLET,LB,1,1590201160,HALIBUT FILLET,HALIBUT,HALIBUT,PHLB,OTHR,"Pacific halibut (note: managed by IPHC, not PFMC)"
1590201163,HALIBUT FLETCHES,LB,1,1590201160,HALIBUT FILLET,HALIBUT,HALIBUT,PHLB,OTHR,"Pacific halibut (note: managed by IPHC, not PFMC)"
1590300613,HALIBUT FOR PET FOOD,CS,NA,5260300613,PET FOOD (CAN),HALIBUT,HALIBUT,PHLB,OTHR,"Pacific halibut (note: managed by IPHC, not PFMC)"
1590431220,HALIBUT KIPPERED,LB,1,1590430220,HALIBUT SMOKED OR KIPPERED,HALIBUT,HALIBUT,PHLB,OTHR,"Pacific halibut (note: managed by IPHC, not PFMC)"
1590500301,HALIBUT MEAL,TN,2000,5260500301,UNCL FISH MEAL,HALIBUT,HALIBUT,PHLB,OTHR,"Pacific halibut (note: managed by IPHC, not PFMC)"
1590201018,HALIBUT PECTORAL GIRDLES,LB,1,1590201018,HALIBUT PECTORAL GIRDLES,HALIBUT,HALIBUT,PHLB,OTHR,"Pacific halibut (note: managed by IPHC, not PFMC)"
1590101018,HALIBUT PECTORAL GIRDLES,LB,1,1590201018,HALIBUT PECTORAL GIRDLES,HALIBUT,HALIBUT,PHLB,OTHR,"Pacific halibut (note: managed by IPHC, not PFMC)"
1590201040,HALIBUT ROE,LB,1,1590201040,HALIBUT ROE,HALIBUT,HALIBUT,PHLB,OTHR,"Pacific halibut (note: managed by IPHC, not PFMC)"
1590101040,HALIBUT ROE,LB,1,1590201040,HALIBUT ROE,HALIBUT,HALIBUT,PHLB,OTHR,"Pacific halibut (note: managed by IPHC, not PFMC)"
1590420220,HALIBUT SALTED,LB,1,1590420220,HALIBUT SALTED,HALIBUT,HALIBUT,PHLB,OTHR,"Pacific halibut (note: managed by IPHC, not PFMC)"
1590430220,HALIBUT SMOKED,LB,1,1590430220,HALIBUT SMOKED OR KIPPERED,HALIBUT,HALIBUT,PHLB,OTHR,"Pacific halibut (note: managed by IPHC, not PFMC)"
1590330220,HALIBUT SMOKED,CS,NA,5260300500,OTHER FISH SPECIALTIES (CAN),HALIBUT,HALIBUT,PHLB,OTHR,"Pacific halibut (note: managed by IPHC, not PFMC)"
1590101048,HALIBUT STEAKS,LB,1,1590201048,HALIBUT STEAKS,HALIBUT,HALIBUT,PHLB,OTHR,"Pacific halibut (note: managed by IPHC, not PFMC)"
1590201048,HALIBUT STEAKS,LB,1,1590201048,HALIBUT STEAKS,HALIBUT,HALIBUT,PHLB,OTHR,"Pacific halibut (note: managed by IPHC, not PFMC)"
1590101051,HALIBUT STUFFED,LB,1,1590201051,HALIBUT STUFFED,HALIBUT,HALIBUT,PHLB,OTHR,"Pacific halibut (note: managed by IPHC, not PFMC)"
1590201051,HALIBUT STUFFED,LB,1,1590201051,HALIBUT STUFFED,HALIBUT,HALIBUT,PHLB,OTHR,"Pacific halibut (note: managed by IPHC, not PFMC)"
1590201222,HALIBUT WHOLE,LB,1,1590201222,HALIBUT WHOLE,HALIBUT,HALIBUT,PHLB,OTHR,"Pacific halibut (note: managed by IPHC, not PFMC)"
1590101222,HALIBUT WHOLE,LB,1,1590201222,HALIBUT WHOLE,HALIBUT,HALIBUT,PHLB,OTHR,"Pacific halibut (note: managed by IPHC, not PFMC)"
1681101223,HERRING LAKE DRESSED,LB,1,1681201223,HERRING LAKE DRESSED,HERRING,HERRING,PHRG,CPEL,Pacific herring
1681201160,HERRING LAKE FILLET,LB,1,1681201160,HERRING LAKE FILLET,HERRING,HERRING,PHRG,CPEL,Pacific herring
1681101160,HERRING LAKE FILLET,LB,1,1681201160,HERRING LAKE FILLET,HERRING,HERRING,PHRG,CPEL,Pacific herring
1681420220,HERRING LAKE SALTED,LB,1,1681420220,HERRING LAKE SALTED,HERRING,HERRING,PHRG,CPEL,Pacific herring
1681420040,HERRING LAKE SALTED ROE,LB,1,1681420040,HERRING LAKE SALTED ROE,HERRING,HERRING,PHRG,CPEL,Pacific herring
1681430220,HERRING LAKE SMOKED,LB,1,1681430220,HERRING LAKE SMOKED,HERRING,HERRING,PHRG,CPEL,Pacific herring
1685201220,HERRING SEA,LB,1,1685201220,HERRING SEA,HERRING,HERRING,PHRG,CPEL,Pacific herring
1685600000,HERRING SEA,XX,NA,NA,NA,HERRING,HERRING,PHRG,CPEL,Pacific herring
1685300220,HERRING SEA,CS,NA,1685300220,HERRING SEA (CAN),HERRING,HERRING,PHRG,CPEL,Pacific herring
1685500401,HERRING SEA BODY OIL,GL,7.75,1685500401,HERRING OIL,HERRING,HERRING,PHRG,CPEL,Pacific herring
1685300017,HERRING SEA DIPS AND SPREADS,CS,NA,5260300500,OTHER FISH SPECIALTIES (CAN),HERRING,HERRING,PHRG,CPEL,Pacific herring
1685201223,HERRING SEA DRESSED,LB,1,1685201223,HERRING SEA DRESSED,HERRING,HERRING,PHRG,CPEL,Pacific herring
1685201160,HERRING SEA FILLET,LB,1,1685201160,HERRING SEA FILLET,HERRING,HERRING,PHRG,CPEL,Pacific herring
1685101160,HERRING SEA FILLET,LB,1,1685201160,HERRING SEA FILLET,HERRING,HERRING,PHRG,CPEL,Pacific herring
1685201635,HERRING SEA FOR ANIMAL FEEDS,LB,1,5260500635,ANIMAL FEEDS,HERRING,HERRING,PHRG,CPEL,Pacific herring
1685101090,HERRING SEA FOR BAIT,LB,1,1685201090,HERRING SEA BAIT,HERRING,HERRING,PHRG,CPEL,Pacific herring
1685300090,HERRING SEA FOR BAIT,CS,NA,1685300090,HERRING SEA BAIT,HERRING,HERRING,PHRG,CPEL,Pacific herring
1685201090,HERRING SEA FOR BAIT,LB,1,1685201090,HERRING SEA BAIT,HERRING,HERRING,PHRG,CPEL,Pacific herring
1685331220,HERRING SEA KIPPERED,CS,NA,1685300220,HERRING SEA (CANNED),HERRING,HERRING,PHRG,CPEL,Pacific herring
1685431220,HERRING SEA KIPPERED,LB,1,1685430220,HERRING SEA SMOKED OR KIPPERED,HERRING,HERRING,PHRG,CPEL,Pacific herring
1685500301,HERRING SEA MEAL,TN,2000,1685500301,HERRING MEAL,HERRING,HERRING,PHRG,CPEL,Pacific herring
1685500062,HERRING SEA PEARL ESSENCE,LB,1,1685500062,HERRING SEA PEARL ESSENCE,HERRING,HERRING,PHRG,CPEL,Pacific herring
1685421220,HERRING SEA PICKLED,LB,1,1685420220,HERRING SEA SALTED OR PICKLED,HERRING,HERRING,PHRG,CPEL,Pacific herring
1685421090,HERRING SEA PICKLED FOR BAIT,LB,1,1685421090,HERRING SEA PICKLED BAIT,HERRING,HERRING,PHRG,CPEL,Pacific herring
1685201040,HERRING SEA ROE,LB,1,1685201040,HERRING SEA ROE,HERRING,HERRING,PHRG,CPEL,Pacific herring
1685300040,HERRING SEA ROE,CS,NA,5260300010,ROE AND CAVIAR (CAN),HERRING,HERRING,PHRG,CPEL,Pacific herring
1685101040,HERRING SEA ROE,LB,1,1685201040,HERRING SEA ROE,HERRING,HERRING,PHRG,CPEL,Pacific herring
1685101151,HERRING SEA ROE ON KELP,LB,1,1685201151,HERRING SEA ROE ON KELP,HERRING,HERRING,PHRG,CPEL,Pacific herring
1685201151,HERRING SEA ROE ON KELP,LB,1,1685201151,HERRING SEA ROE ON KELP,HERRING,HERRING,PHRG,CPEL,Pacific herring
1685420220,HERRING SEA SALTED,LB,1,1685420220,HERRING SEA SALTED OR PICKLED,HERRING,HERRING,PHRG,CPEL,Pacific herring
1685420090,HERRING SEA SALTED FOR BAIT,LB,1,1685420090,HERRING SEA SALTED BAIT,HERRING,HERRING,PHRG,CPEL,Pacific herring
1685420500,HERRING SEA SALTED IN SAUCE,LB,1,1685420220,HERRING SEA SALTED OR PICKLED,HERRING,HERRING,PHRG,CPEL,Pacific herring
1685420040,HERRING SEA SALTED ROE,LB,1,1685420040,HERRING SEA SALTED ROE,HERRING,HERRING,PHRG,CPEL,Pacific herring
1685420151,HERRING SEA SALTED ROE ON KELP,LB,1,1685420151,HERRING SEA SALTED ROE ON KELP,HERRING,HERRING,PHRG,CPEL,Pacific herring
1685430220,HERRING SEA SMOKED,LB,1,1685430220,HERRING SEA SMOKED OR KIPPERED,HERRING,HERRING,PHRG,CPEL,Pacific herring
1685101222,HERRING SEA WHOLE,LB,1,1685201222,HERRING SEA WHOLE,HERRING,HERRING,PHRG,CPEL,Pacific herring
1685201222,HERRING SEA WHOLE,LB,1,1685201222,HERRING SEA WHOLE,HERRING,HERRING,PHRG,CPEL,Pacific herring
1687500401,HERRING THREAD BODY OIL,GL,7.75,1685500401,HERRING OIL,HERRING,HERRING,PHRG,CPEL,Pacific herring
1687500635,HERRING THREAD FOR ANIMAL FEEDS,LB,1,5260500635,ANIMAL FEEDS,HERRING,HERRING,PHRG,CPEL,Pacific herring
1687201090,HERRING THREAD FOR BAIT,LB,1,1687201090,HERRING THREAD BAIT,HERRING,HERRING,PHRG,CPEL,Pacific herring
1687500301,HERRING THREAD MEAL,TN,2000,1685500301,HERRING MEAL,HERRING,HERRING,PHRG,CPEL,Pacific herring
1390213039,HOKI BATTER DIP PORTIONS,LB,1,1390213039,HOKI BATTER DIP PORTIONS,HOKI,HOKI,OTHR,OTHR,New Zealand species
1390201161,HOKI BLOCKS,LB,1,1390201161,HOKI BLOCKS,HOKI,HOKI,OTHR,OTHR,New Zealand species
1390212039,HOKI BREADED COOKED PORTIONS,LB,1,1390212039,HOKI BREADED COOKED PORTIONS,HOKI,HOKI,OTHR,OTHR,New Zealand species
1390202051,HOKI COOKED STUFFED,LB,1,1390202051,HOKI COOKED STUFFED,HOKI,HOKI,OTHR,OTHR,New Zealand species
1390201039,HOKI PORTIONS,LB,1,1390201039,HOKI PORTIONS,HOKI,HOKI,OTHR,OTHR,New Zealand species
7240101090,HORSESHOE CRAB FOR BAIT,LB,1,7240201090,HORSESHOE CRAB BAIT,HORSESHOE,HORSESHOE,OTHR,OTHR,Horseshoe crab - not true crab
9552600000,IMPORTER,XX,NA,NA,NA,IMPORTER,IMPORTER,NA,NA,Business type - exclude
8171500086,IRISH MOSS DRIED,LB,1,8171500086,IRISH MOSS DRIED,IRISH,IRISH,RSCL,OTHR,Irish lord (red irish lord) - other groundfish
8171500172,IRISH MOSS EXTRACTS,LB,1,8171500172,IRISH MOSS EXTRACTS,IRISH,IRISH,RSCL,OTHR,Irish lord (red irish lord) - other groundfish
1820300220,JACK MACKEREL,CS,NA,2150300220,MACKEREL (CAN),JACK,JACK,OTHR,OTHR,Various jack species
1820500401,JACK MACKEREL BODY OIL,GL,7.75,5260500401,UNCLASSIFIED BODY OIL,JACK,JACK,OTHR,OTHR,Various jack species
1820101223,JACK MACKEREL DRESSED,LB,1,2150201223,MACKEREL CHUB & JACK DRESSED,JACK,JACK,OTHR,OTHR,Various jack species
1820201223,JACK MACKEREL DRESSED,LB,1,2150201223,MACKEREL CHUB & JACK DRESSED,JACK,JACK,OTHR,OTHR,Various jack species
1820101160,JACK MACKEREL FILLET,LB,1,2150201160,MACKEREL CHUB & JACK FILLET,JACK,JACK,OTHR,OTHR,Various jack species
1820201090,JACK MACKEREL FOR BAIT,LB,1,2150201090,MACKEREL CHUB & JACK BAIT,JACK,JACK,OTHR,OTHR,Various jack species
1820300613,JACK MACKEREL FOR PET FOOD,CS,NA,5260300613,PET FOOD (CAN),JACK,JACK,OTHR,OTHR,Various jack species
1820500301,JACK MACKEREL MEAL,TN,2000,4656500301,TUNA & MACKEREL MEAL,JACK,JACK,OTHR,OTHR,Various jack species
1820421220,JACK MACKEREL PICKLED,LB,1,2150420220,MACKEREL SALT OR PICKLED,JACK,JACK,OTHR,OTHR,Various jack species
1820420220,JACK MACKEREL SALTED,LB,1,2150420220,MACKEREL SALT OR PICKLED,JACK,JACK,OTHR,OTHR,Various jack species
1820430220,JACK MACKEREL SMOKED,LB,1,2150430220,MACKEREL SMOKED,JACK,JACK,OTHR,OTHR,Various jack species
1820201222,JACK MACKEREL WHOLE,LB,1,2150201222,MACKEREL CHUB & JACK WHOLE,JACK,JACK,OTHR,OTHR,Various jack species
1820101222,JACK MACKEREL WHOLE,LB,1,2150201222,MACKEREL CHUB & JACK WHOLE,JACK,JACK,OTHR,OTHR,Various jack species
8145440215,JELLYFISH DRIED,LB,1,8145420215,JELLYFISH DRIED,JELLYFISH,JELLYFISH,UJEL,OTHR,Unspecified jellyfish
8172500086,KELP DRIED,LB,1,8172500086,KELP DRIED,KELP,KELP,OTHR,OTHR,Kelp - other
8172500170,KELP INDUSTRIAL PRODUCTS,LB,1,8172500170,KELP INDUSTRIAL PRODUCTS,KELP,KELP,OTHR,OTHR,Kelp - other
1970101223,KING WHITING DRESSED,LB,1,1970201223,KING WHITING DRESSED,KING,KING WHITING,OTHR,OTHR,"KING WHITING = Atlantic kingcroaker, not salmon; every KING-prefixed product is king whiting (audit 2026-10-01)"
1970101160,KING WHITING FILLET,LB,1,1970201160,KING WHITING FILLET,KING,KING WHITING,OTHR,OTHR,"KING WHITING = Atlantic kingcroaker, not salmon; every KING-prefixed product is king whiting (audit 2026-10-01)"
1970201160,KING WHITING FILLET,LB,1,1970201160,KING WHITING FILLET,KING,KING WHITING,OTHR,OTHR,"KING WHITING = Atlantic kingcroaker, not salmon; every KING-prefixed product is king whiting (audit 2026-10-01)"
1970430220,KING WHITING SMOKED,LB,1,1970430220,KING WHITING SMOKED,KING,KING WHITING,OTHR,OTHR,"KING WHITING = Atlantic kingcroaker, not salmon; every KING-prefixed product is king whiting (audit 2026-10-01)"
1970101048,KING WHITING STEAKS,LB,1,1970201048,KING WHITING STEAKS,KING,KING WHITING,OTHR,OTHR,"KING WHITING = Atlantic kingcroaker, not salmon; every KING-prefixed product is king whiting (audit 2026-10-01)"
1970201048,KING WHITING STEAKS,LB,1,1970201048,KING WHITING STEAKS,KING,KING WHITING,OTHR,OTHR,"KING WHITING = Atlantic kingcroaker, not salmon; every KING-prefixed product is king whiting (audit 2026-10-01)"
1970101222,KING WHITING WHOLE,LB,1,1970201222,KING WHITING WHOLE,KING,KING WHITING,OTHR,OTHR,"KING WHITING = Atlantic kingcroaker, not salmon; every KING-prefixed product is king whiting (audit 2026-10-01)"
1180201223,KINGCLIP DRESSED,LB,1,1180201223,KINGCLIP DRESSED,KINGCLIP,KINGCLIP,OTHR,OTHR,South African species
1180201160,KINGCLIP FILLET,LB,1,1180201160,KINGCLIP FILLET,KINGCLIP,KINGCLIP,OTHR,OTHR,South African species
2060101090,LAUNCE FOR BAIT,LB,1,2060201090,LAUNCE BAIT,LAUNCE,LAUNCE,OTHR,OTHR,Sand lance - baitfish
2090101223,LINGCOD DRESSED,LB,1,2090201223,LINGCOD DRESSED,LINGCOD,LINGCOD,LCOD,GRND,Lingcod
2090201223,LINGCOD DRESSED,LB,1,2090201223,LINGCOD DRESSED,LINGCOD,LINGCOD,LCOD,GRND,Lingcod
2090101160,LINGCOD FILLET,LB,1,2090201160,LINGCOD FILLET,LINGCOD,LINGCOD,LCOD,GRND,Lingcod
2090201160,LINGCOD FILLET,LB,1,2090201160,LINGCOD FILLET,LINGCOD,LINGCOD,LCOD,GRND,Lingcod
2090430220,LINGCOD SMOKED,LB,1,2090430220,LINGCOD SMOKED,LINGCOD,LINGCOD,LCOD,GRND,Lingcod
2090201222,LINGCOD WHOLE,LB,1,2090201222,LINGCOD WHOLE,LINGCOD,LINGCOD,LCOD,GRND,Lingcod
2090101222,LINGCOD WHOLE,LB,1,2090201222,LINGCOD WHOLE,LINGCOD,LINGCOD,LCOD,GRND,Lingcod
7270000000,LOBSTER AMERICAN,XX,NA,NA,NA,LOBSTER,LOBSTER,LOBS,OTHR,California spiny lobster
7270300231,LOBSTER AMERICAN BISQUES,CS,NA,7300300500,LOBSTER MEAT & SPECIALTIES (CAN),LOBSTER,LOBSTER,LOBS,OTHR,California spiny lobster
7270211200,LOBSTER AMERICAN BREADED MEAT,LB,1,7270211200,LOBSTER AMERICAN BREADED MEAT,LOBSTER,LOBSTER,LOBS,OTHR,California spiny lobster
7270201101,LOBSTER AMERICAN CAKE/PATTY,LB,1,7270201101,LOBSTER AMERICAN CAKE & PATTIES,LOBSTER,LOBSTER,LOBS,OTHR,California spiny lobster
7270300111,LOBSTER AMERICAN CHOWDER BASE,CS,NA,7300300500,LOBSTER MEAT & SPECIALTIES (CAN),LOBSTER,LOBSTER,LOBS,OTHR,California spiny lobster
7270202200,LOBSTER AMERICAN COOKED MEAT,LB,1,7270202200,LOBSTER AMERICAN COOKED MEAT,LOBSTER,LOBSTER,LOBS,OTHR,California spiny lobster
7270102200,LOBSTER AMERICAN COOKED MEAT,LB,1,7270202200,LOBSTER AMERICAN COOKED MEAT,LOBSTER,LOBSTER,LOBS,OTHR,California spiny lobster
7270202082,LOBSTER AMERICAN COOKED MIXES,LB,1,7270202082,LOBSTER AMERICAN COOKED MIXES,LOBSTER,LOBSTER,LOBS,OTHR,California spiny lobster
7270202215,LOBSTER AMERICAN COOKED WHOLE,LB,1,7270202215,LOBSTER AMERICAN COOKED WHOLE,LOBSTER,LOBSTER,LOBS,OTHR,California spiny lobster
7270102215,LOBSTER AMERICAN COOKED WHOLE,LB,1,7270202215,LOBSTER AMERICAN COOKED WHOLE,LOBSTER,LOBSTER,LOBS,OTHR,California spiny lobster
7270300016,LOBSTER AMERICAN DEVILED,CS,NA,7300300500,LOBSTER MEAT & SPECIALTIES (CAN),LOBSTER,LOBSTER,LOBS,OTHR,California spiny lobster
7270300017,LOBSTER AMERICAN DIPS AND SPREADS,CS,NA,7300300500,LOBSTER MEAT & SPECIALTIES (CAN),LOBSTER,LOBSTER,LOBS,OTHR,California spiny lobster
7270300500,LOBSTER AMERICAN IN SAUCE,CS,NA,7300300500,LOBSTER MEAT & SPECIALTIES (CAN),LOBSTER,LOBSTER,LOBS,OTHR,California spiny lobster
7270300200,LOBSTER AMERICAN MEAT,CS,NA,7300300500,LOBSTER MEAT & SPECIALTIES (CAN),LOBSTER,LOBSTER,LOBS,OTHR,California spiny lobster
7270201041,LOBSTER AMERICAN ROLLS,LB,1,7270201041,LOBSTER AMERICAN ROLLS,LOBSTER,LOBSTER,LOBS,OTHR,California spiny lobster
7270300074,LOBSTER AMERICAN SALAD MIXES,CS,NA,7300300500,LOBSTER MEAT & SPECIALTIES (CAN),LOBSTER,LOBSTER,LOBS,OTHR,California spiny lobster
7270201053,LOBSTER AMERICAN TAILS,LB,1,7270201053,LOBSTER AMERICAN TAILS,LOBSTER,LOBSTER,LOBS,OTHR,California spiny lobster
7280111200,LOBSTER SLIPPER BREADED MEAT,LB,1,7280211200,LOBSTER SLIPPER BREADED MEAT,LOBSTER,LOBSTER,LOBS,OTHR,California spiny lobster
7280211200,LOBSTER SLIPPER BREADED MEAT,LB,1,7280211200,LOBSTER SLIPPER BREADED MEAT,LOBSTER,LOBSTER,LOBS,OTHR,California spiny lobster
7280202200,LOBSTER SLIPPER COOKED MEAT,LB,1,7280202200,LOBSTER SLIPPER COOKED MEAT,LOBSTER,LOBSTER,LOBS,OTHR,California spiny lobster
7280201200,LOBSTER SLIPPER MEAT,LB,1,7280201200,LOBSTER SLIPPER MEAT,LOBSTER,LOBSTER,LOBS,OTHR,California spiny lobster
7300600000,LOBSTER SPINY,XX,NA,NA,NA,LOBSTER,LOBSTER,LOBS,OTHR,California spiny lobster
7300000000,LOBSTER SPINY,XX,NA,NA,NA,LOBSTER,LOBSTER,LOBS,OTHR,California spiny lobster
7300212051,LOBSTER SPINY BREADED CKD STUFFED,LB,1,7300212051,LOBSTER SPINY BREADED CKD STUFFED,LOBSTER,LOBSTER,LOBS,OTHR,California spiny lobster
7300212200,LOBSTER SPINY BREADED COOKED MEAT,LB,1,7300212200,LOBSTER SPINY BREADED COOKED MEAT,LOBSTER,LOBSTER,LOBS,OTHR,California spiny lobster
7300202120,LOBSTER SPINY COOKED DINNERS,LB,1,7300202120,LOBSTER SPINY COOKED DINNERS,LOBSTER,LOBSTER,LOBS,OTHR,California spiny lobster
7300202200,LOBSTER SPINY COOKED MEAT,LB,1,7300202200,LOBSTER SPINY COOKED MEAT,LOBSTER,LOBSTER,LOBS,OTHR,California spiny lobster
7300102200,LOBSTER SPINY COOKED MEAT,LB,1,7300202200,LOBSTER SPINY COOKED MEAT,LOBSTER,LOBSTER,LOBS,OTHR,California spiny lobster
7300102053,LOBSTER SPINY COOKED TAILS,LB,1,7300201053,LOBSTER SPINY TAILS,LOBSTER,LOBSTER,LOBS,OTHR,California spiny lobster
7300202053,LOBSTER SPINY COOKED TAILS,LB,1,7300201053,LOBSTER SPINY TAILS,LOBSTER,LOBSTER,LOBS,OTHR,California spiny lobster
7300102215,LOBSTER SPINY COOKED WHOLE,LB,1,7300202215,LOBSTER SPINY COOKED WHOLE,LOBSTER,LOBSTER,LOBS,OTHR,California spiny lobster
7300202215,LOBSTER SPINY COOKED WHOLE,LB,1,7300202215,LOBSTER SPINY COOKED WHOLE,LOBSTER,LOBSTER,LOBS,OTHR,California spiny lobster
7300300500,LOBSTER SPINY IN SAUCE,CS,NA,7300300500,LOBSTER MEAT & SPECIALTIES (CAN),LOBSTER,LOBSTER,LOBS,OTHR,California spiny lobster
7300101053,LOBSTER SPINY TAILS,LB,1,7300201053,LOBSTER SPINY TAILS,LOBSTER,LOBSTER,LOBS,OTHR,California spiny lobster
7300201053,LOBSTER SPINY TAILS,LB,1,7300201053,LOBSTER SPINY TAILS,LOBSTER,LOBSTER,LOBS,OTHR,California spiny lobster
7300201215,LOBSTER SPINY WHOLE,LB,1,7300201215,LOBSTER SPINY WHOLE,LOBSTER,LOBSTER,LOBS,OTHR,California spiny lobster
7300101215,LOBSTER SPINY WHOLE,LB,1,7300201215,LOBSTER SPINY WHOLE,LOBSTER,LOBSTER,LOBS,OTHR,California spiny lobster
2100300010,LUMPFISH CAVIAR,CS,NA,5260300010,ROE AND CAVIAR (CAN),LUMPFISH,LUMPFISH,OTHR,OTHR,Lumpfish - other
2120201635,MACKEREL ATLANIC FOR ANIMAL FEEDS,LB,1,5260500635,ANIMAL FEEDS,MACKEREL,MACKEREL,CMCK,CPEL,Chub mackerel (most common on West Coast)
2120300220,MACKEREL ATLANTIC,CS,NA,2150300220,MACKEREL (CAN),MACKEREL,MACKEREL,OTHR,OTHR,"Chub mackerel (most common on West Coast) [description-level override, audit 2026-10-01]"
2120600000,MACKEREL ATLANTIC,XX,NA,NA,NA,MACKEREL,MACKEREL,OTHR,OTHR,"Chub mackerel (most common on West Coast) [description-level override, audit 2026-10-01]"
2120101223,MACKEREL ATLANTIC DRESSED,LB,1,2120201223,MACKEREL ATLANTIC DRESSED,MACKEREL,MACKEREL,OTHR,OTHR,"Chub mackerel (most common on West Coast) [description-level override, audit 2026-10-01]"
2120201223,MACKEREL ATLANTIC DRESSED,LB,1,2120201223,MACKEREL ATLANTIC DRESSED,MACKEREL,MACKEREL,OTHR,OTHR,"Chub mackerel (most common on West Coast) [description-level override, audit 2026-10-01]"
2120101160,MACKEREL ATLANTIC FILLET,LB,1,2120201160,MACKEREL ATLANTIC FILLETS,MACKEREL,MACKEREL,OTHR,OTHR,"Chub mackerel (most common on West Coast) [description-level override, audit 2026-10-01]"
2120201090,MACKEREL ATLANTIC FOR BAIT,LB,1,2120201090,MACKEREL ATLANTIC BAIT,MACKEREL,MACKEREL,OTHR,OTHR,"Chub mackerel (most common on West Coast) [description-level override, audit 2026-10-01]"
2120420220,MACKEREL ATLANTIC SALTED,LB,1,2150420220,MACKEREL SALT OR PICKLED,MACKEREL,MACKEREL,OTHR,OTHR,"Chub mackerel (most common on West Coast) [description-level override, audit 2026-10-01]"
2120430220,MACKEREL ATLANTIC SMOKED,LB,1,2150430220,MACKEREL SMOKED,MACKEREL,MACKEREL,OTHR,OTHR,"Chub mackerel (most common on West Coast) [description-level override, audit 2026-10-01]"
2120330220,MACKEREL ATLANTIC SMOKED,CS,NA,2150300220,MACKEREL (CAN),MACKEREL,MACKEREL,OTHR,OTHR,"Chub mackerel (most common on West Coast) [description-level override, audit 2026-10-01]"
2120101048,MACKEREL ATLANTIC STEAKS,LB,1,2120201048,MACKEREL ATLANTIC STEAKS,MACKEREL,MACKEREL,OTHR,OTHR,"Chub mackerel (most common on West Coast) [description-level override, audit 2026-10-01]"
2120101222,MACKEREL ATLANTIC WHOLE,LB,1,2120201222,MACKEREL ATLANTIC WHOLE,MACKEREL,MACKEREL,OTHR,OTHR,"Chub mackerel (most common on West Coast) [description-level override, audit 2026-10-01]"
2120201222,MACKEREL ATLANTIC WHOLE,LB,1,2120201222,MACKEREL ATLANTIC WHOLE,MACKEREL,MACKEREL,OTHR,OTHR,"Chub mackerel (most common on West Coast) [description-level override, audit 2026-10-01]"
2150600000,MACKEREL CHUB,XX,NA,NA,NA,MACKEREL,MACKEREL,CMCK,CPEL,Chub mackerel (most common on West Coast)
2150300220,MACKEREL CHUB,CS,NA,2150300220,MACKEREL (CAN),MACKEREL,MACKEREL,CMCK,CPEL,Chub mackerel (most common on West Coast)
2150101223,MACKEREL CHUB DRESSED,LB,1,2150201223,MACKEREL CHUB & JACK DRESSED,MACKEREL,MACKEREL,CMCK,CPEL,Chub mackerel (most common on West Coast)
2150201223,MACKEREL CHUB DRESSED,LB,1,2150201223,MACKEREL CHUB & JACK DRESSED,MACKEREL,MACKEREL,CMCK,CPEL,Chub mackerel (most common on West Coast)
2150440220,MACKEREL CHUB DRIED,LB,1,2150440220,MACKEREL DRIED,MACKEREL,MACKEREL,CMCK,CPEL,Chub mackerel (most common on West Coast)
2150101160,MACKEREL CHUB FILLET,LB,1,2150201160,MACKEREL CHUB & JACK FILLET,MACKEREL,MACKEREL,CMCK,CPEL,Chub mackerel (most common on West Coast)
2150201090,MACKEREL CHUB FOR BAIT,LB,1,2150201090,MACKEREL CHUB & JACK BAIT,MACKEREL,MACKEREL,CMCK,CPEL,Chub mackerel (most common on West Coast)
2150431220,MACKEREL CHUB KIPPERED,LB,1,2150430220,MACKEREL SMOKED,MACKEREL,MACKEREL,CMCK,CPEL,Chub mackerel (most common on West Coast)
2150421090,MACKEREL CHUB PICKLED FOR BAIT,LB,1,2150201090,MACKEREL CHUB & JACK BAIT,MACKEREL,MACKEREL,CMCK,CPEL,Chub mackerel (most common on West Coast)
2150420220,MACKEREL CHUB SALTED,LB,1,2150420220,MACKEREL SALT OR PICKLED,MACKEREL,MACKEREL,CMCK,CPEL,Chub mackerel (most common on West Coast)
2150430220,MACKEREL CHUB SMOKED,LB,1,2150430220,MACKEREL SMOKED,MACKEREL,MACKEREL,CMCK,CPEL,Chub mackerel (most common on West Coast)
2150201222,MACKEREL CHUB WHOLE,LB,1,2150201222,MACKEREL CHUB & JACK WHOLE,MACKEREL,MACKEREL,CMCK,CPEL,Chub mackerel (most common on West Coast)
1940600000,MACKEREL KING,XX,NA,NA,NA,MACKEREL,MACKEREL,CMCK,CPEL,Chub mackerel (most common on West Coast)
1940101223,MACKEREL KING DRESSED,LB,1,1940201223,MACKEREL KING DRESSED,MACKEREL,MACKEREL,CMCK,CPEL,Chub mackerel (most common on West Coast)
1940201223,MACKEREL KING DRESSED,LB,1,1940201223,MACKEREL KING DRESSED,MACKEREL,MACKEREL,CMCK,CPEL,Chub mackerel (most common on West Coast)
1940101160,MACKEREL KING FILLET,LB,1,1940201160,MACKEREL KING FILLET,MACKEREL,MACKEREL,CMCK,CPEL,Chub mackerel (most common on West Coast)
1940201160,MACKEREL KING FILLET,LB,1,1940201160,MACKEREL KING FILLET,MACKEREL,MACKEREL,CMCK,CPEL,Chub mackerel (most common on West Coast)
1940430220,MACKEREL KING SMOKED,LB,1,2150430220,MACKEREL SMOKED,MACKEREL,MACKEREL,CMCK,CPEL,Chub mackerel (most common on West Coast)
1940201048,MACKEREL KING STEAKS,LB,1,1940201048,MACKEREL KING STEAKS,MACKEREL,MACKEREL,CMCK,CPEL,Chub mackerel (most common on West Coast)
1940101048,MACKEREL KING STEAKS,LB,1,1940201048,MACKEREL KING STEAKS,MACKEREL,MACKEREL,CMCK,CPEL,Chub mackerel (most common on West Coast)
1940101222,MACKEREL KING WHOLE,LB,1,1940201222,MACKEREL KING WHOLE,MACKEREL,MACKEREL,CMCK,CPEL,Chub mackerel (most common on West Coast)
3840600000,MACKEREL SPANISH,XX,NA,NA,NA,MACKEREL,MACKEREL,CMCK,CPEL,Chub mackerel (most common on West Coast)
3840201223,MACKEREL SPANISH DRESSED,LB,1,3840201223,MACKEREL SPANISH DRESSED,MACKEREL,MACKEREL,CMCK,CPEL,Chub mackerel (most common on West Coast)
3840101223,MACKEREL SPANISH DRESSED,LB,1,3840201223,MACKEREL SPANISH DRESSED,MACKEREL,MACKEREL,CMCK,CPEL,Chub mackerel (most common on West Coast)
3840201160,MACKEREL SPANISH FILLET,LB,1,3840201160,MACKEREL SPANISH FILLET,MACKEREL,MACKEREL,CMCK,CPEL,Chub mackerel (most common on West Coast)
3840101160,MACKEREL SPANISH FILLET,LB,1,3840201160,MACKEREL SPANISH FILLET,MACKEREL,MACKEREL,CMCK,CPEL,Chub mackerel (most common on West Coast)
3840101090,MACKEREL SPANISH FOR BAIT,LB,1,3840201090,MACKEREL SPANISH BAIT,MACKEREL,MACKEREL,CMCK,CPEL,Chub mackerel (most common on West Coast)
3840420220,MACKEREL SPANISH SALTED,LB,1,2150420220,MACKEREL SALT OR PICKLED,MACKEREL,MACKEREL,CMCK,CPEL,Chub mackerel (most common on West Coast)
3840430220,MACKEREL SPANISH SMOKED,LB,1,2150430220,MACKEREL SMOKED,MACKEREL,MACKEREL,CMCK,CPEL,Chub mackerel (most common on West Coast)
3840201222,MACKEREL SPANISH WHOLE,LB,1,3840201222,MACKEREL SPANISH WHOLE,MACKEREL,MACKEREL,CMCK,CPEL,Chub mackerel (most common on West Coast)
3840101222,MACKEREL SPANISH WHOLE,LB,1,3840201222,MACKEREL SPANISH WHOLE,MACKEREL,MACKEREL,CMCK,CPEL,Chub mackerel (most common on West Coast)
2180600000,MARLIN,XX,NA,NA,NA,MARLIN,MARLIN,MRLN,HMSP,Striped marlin
2180101223,MARLIN DRESSED,LB,1,2180201223,MARLIN DRESSED,MARLIN,MARLIN,MRLN,HMSP,Striped marlin
2180101160,MARLIN FILLET,LB,1,2180201160,MARLIN FILLET,MARLIN,MARLIN,MRLN,HMSP,Striped marlin
2180430220,MARLIN SMOKED,LB,1,2180430220,MARLIN SMOKED,MARLIN,MARLIN,MRLN,HMSP,Striped marlin
2180201048,MARLIN STEAKS,LB,1,2180201048,MARLIN STEAKS,MARLIN,MARLIN,MRLN,HMSP,Striped marlin
2180101048,MARLIN STEAKS,LB,1,2180201048,MARLIN STEAKS,MARLIN,MARLIN,MRLN,HMSP,Striped marlin
2210600000,MENHADEN,XX,NA,NA,NA,MENHADEN,MENHADEN,OTHR,OTHR,Atlantic species
2210500401,MENHADEN BODY OIL,GL,7.75,2210500401,MENHADEN OIL,MENHADEN,MENHADEN,OTHR,OTHR,Atlantic species
2210201635,MENHADEN FOR ANIMAL FEEDS,LB,1,5260500635,ANIMAL FEEDS,MENHADEN,MENHADEN,OTHR,OTHR,Atlantic species
2210101090,MENHADEN FOR BAIT,LB,1,2210201090,MENHADEN BAIT,MENHADEN,MENHADEN,OTHR,OTHR,Atlantic species
2210201090,MENHADEN FOR BAIT,LB,1,2210201090,MENHADEN BAIT,MENHADEN,MENHADEN,OTHR,OTHR,Atlantic species
2210500301,MENHADEN MEAL,TN,2000,2210500301,MENHADEN MEAL,MENHADEN,MENHADEN,OTHR,OTHR,Atlantic species
2210420090,MENHADEN SALTED FOR BAIT,LB,1,2210420090,MENHADEN SALTED BAIT,MENHADEN,MENHADEN,OTHR,OTHR,Atlantic species
2210500046,MENHADEN SOLUBLES,GL,10,5260500046,UNCL SOLUBLES,MENHADEN,MENHADEN,OTHR,OTHR,Atlantic species
2210201222,MENHADEN WHOLE,LB,1,2210201222,MENHADEN WHOLE,MENHADEN,MENHADEN,OTHR,OTHR,Atlantic species
2210101222,MENHADEN WHOLE,LB,1,2210201222,MENHADEN WHOLE,MENHADEN,MENHADEN,OTHR,OTHR,Atlantic species
2240201222,MILKFISH WHOLE,LB,1,2240201222,MILKFISH WHOLE,MILKFISH,MILKFISH,OTHR,OTHR,Tropical aquaculture species
2280430220,MOONEYE SMOKED,LB,1,2280430220,MOONEYE SMOKED,MOONEYE,MOONEYE,OTHR,OTHR,Freshwater species
2347600000,MULLET,XX,NA,NA,NA,MULLET,MULLET,OTHR,OTHR,Not primary Pacific commercial species
2347000000,MULLET,XX,NA,NA,NA,MULLET,MULLET,OTHR,OTHR,Not primary Pacific commercial species
2347101280,MULLET CHUNKS,LB,1,2347201280,MULLET CHUNKS,MULLET,MULLET,OTHR,OTHR,Not primary Pacific commercial species
2347201280,MULLET CHUNKS,LB,1,2347201280,MULLET CHUNKS,MULLET,MULLET,OTHR,OTHR,Not primary Pacific commercial species
2347101223,MULLET DRESSED,LB,1,2347201223,MULLET DRESSED,MULLET,MULLET,OTHR,OTHR,Not primary Pacific commercial species
2347201223,MULLET DRESSED,LB,1,2347201223,MULLET DRESSED,MULLET,MULLET,OTHR,OTHR,Not primary Pacific commercial species
2347201160,MULLET FILLET,LB,1,2347201160,MULLET FILLET,MULLET,MULLET,OTHR,OTHR,Not primary Pacific commercial species
2347101160,MULLET FILLET,LB,1,2347201160,MULLET FILLET,MULLET,MULLET,OTHR,OTHR,Not primary Pacific commercial species
2347201090,MULLET FOR BAIT,LB,1,2347201090,MULLET BAIT,MULLET,MULLET,OTHR,OTHR,Not primary Pacific commercial species
2347101090,MULLET FOR BAIT,LB,1,2347201090,MULLET BAIT,MULLET,MULLET,OTHR,OTHR,Not primary Pacific commercial species
2347201103,MULLET FORMED FILLET,LB,1,2347201103,MULLET FORMED FILLET,MULLET,MULLET,OTHR,OTHR,Not primary Pacific commercial species
2347201092,MULLET GIZZARDS,LB,1,2347201092,MULLET GIZZARDS,MULLET,MULLET,OTHR,OTHR,Not primary Pacific commercial species
2347101092,MULLET GIZZARDS,LB,1,2347201092,MULLET GIZZARDS,MULLET,MULLET,OTHR,OTHR,Not primary Pacific commercial species
2347101040,MULLET ROE,LB,1,2347201040,MULLET ROE,MULLET,MULLET,OTHR,OTHR,Not primary Pacific commercial species
2347201040,MULLET ROE,LB,1,2347201040,MULLET ROE,MULLET,MULLET,OTHR,OTHR,Not primary Pacific commercial species
2347420220,MULLET SALTED,LB,1,2347420220,MULLET SALTED,MULLET,MULLET,OTHR,OTHR,Not primary Pacific commercial species
2347420040,MULLET SALTED ROE,LB,1,2347420040,MULLET SALTED ROE,MULLET,MULLET,OTHR,OTHR,Not primary Pacific commercial species
2347430220,MULLET SMOKED,LB,1,2347430220,MULLET SMOKED,MULLET,MULLET,OTHR,OTHR,Not primary Pacific commercial species
2347201222,MULLET WHOLE,LB,1,2347201222,MULLET WHOLE,MULLET,MULLET,OTHR,OTHR,Not primary Pacific commercial species
2347101222,MULLET WHOLE,LB,1,2347201222,MULLET WHOLE,MULLET,MULLET,OTHR,OTHR,Not primary Pacific commercial species
7810500650,MUSSELS FOR SCIENTIFIC SPECIMENS,LB,1,7810500650,SCIENTIFIC SPECIMENS,MUSSELS,MUSSELS,BMSL,SHLL,Blue/bay mussel
7810600000,MUSSELS SEA,XX,NA,NA,NA,MUSSELS,MUSSELS,BMSL,SHLL,Blue/bay mussel
7810500261,MUSSELS SEA BUTTONS,GR,0,7810500261,MUSSELS SEA BUTTONS,MUSSELS,MUSSELS,BMSL,SHLL,Blue/bay mussel
7810202200,MUSSELS SEA COOKED MEAT,LB,1,7810202200,MUSSELS SEA COOKED MEAT,MUSSELS,MUSSELS,BMSL,SHLL,Blue/bay mussel
7810102200,MUSSELS SEA COOKED MEAT,LB,1,7810202200,MUSSELS SEA COOKED MEAT,MUSSELS,MUSSELS,BMSL,SHLL,Blue/bay mussel
7810102074,MUSSELS SEA COOKED SALAD MIXES,LB,1,7810202074,MUSSELS SALAD MIXES,MUSSELS,MUSSELS,BMSL,SHLL,Blue/bay mussel
7810202215,MUSSELS SEA COOKED WHOLE,LB,1,7810202215,MUSSELS SEA COOKED WHOLE,MUSSELS,MUSSELS,BMSL,SHLL,Blue/bay mussel
7810440215,MUSSELS SEA DRIED,LB,1,7810440215,MUSSELS DRIED,MUSSELS,MUSSELS,BMSL,SHLL,Blue/bay mussel
7810201090,MUSSELS SEA FOR BAIT,LB,1,7810201090,MUSSELS SEA BAIT,MUSSELS,MUSSELS,BMSL,SHLL,Blue/bay mussel
7810201500,MUSSELS SEA IN SAUCE,LB,1,7810201500,MUSSELS SEA IN SAUCE,MUSSELS,MUSSELS,BMSL,SHLL,Blue/bay mussel
7810101133,MUSSELS SEA IN SHELL,LB,1,7810201133,MUSSELS SEA IN SHELL,MUSSELS,MUSSELS,BMSL,SHLL,Blue/bay mussel
7810101134,MUSSELS SEA ON HALF SHELL,DZ,NA,7810201134,MUSSELS SEA ON HALF SHELL,MUSSELS,MUSSELS,BMSL,SHLL,Blue/bay mussel
7810201134,MUSSELS SEA ON HALF SHELL,DZ,NA,7810201134,MUSSELS SEA ON HALF SHELL,MUSSELS,MUSSELS,BMSL,SHLL,Blue/bay mussel
7810201204,MUSSELS SEA SHUCKED MEAT,GL,8.75,7810201204,MUSSELS SEA SHUCKED MEAT,MUSSELS,MUSSELS,BMSL,SHLL,Blue/bay mussel
7810101204,MUSSELS SEA SHUCKED MEAT,GL,8.75,7810201204,MUSSELS SEA SHUCKED MEAT,MUSSELS,MUSSELS,BMSL,SHLL,Blue/bay mussel
7810330215,MUSSELS SEA SMOKED,CS,NA,7810300215,MUSSELS (CAN),MUSSELS,MUSSELS,BMSL,SHLL,Blue/bay mussel
7810430215,MUSSELS SEA SMOKED WHOLE,LB,1,7810430215,MUSSELS SMOKED,MUSSELS,MUSSELS,BMSL,SHLL,Blue/bay mussel
7810300215,MUSSELS SEA WHOLE,CS,NA,7810300215,MUSSELS (CAN),MUSSELS,MUSSELS,BMSL,SHLL,Blue/bay mussel
7810201215,MUSSELS SEA WHOLE,LB,1,7810201215,MUSSELS SEA WHOLE,MUSSELS,MUSSELS,BMSL,SHLL,Blue/bay mussel
3900201160,NILE PERCH FILLET,LB,1,3900201160,NILE PERCH FILLET,NILE,NILE,OTHR,OTHR,Nile perch - African species
2400213160,OCEAN PERCH ATL BATTER DIP FILLET,LB,1,2400213160,OCEAN PERCH ATL BATTER DIP FILLET,OCEAN,OCEAN PERCH,POP,GRND,Ocean perch (Pacific ocean perch)
2400212039,OCEAN PERCH ATL BRD CKD PORTIONS,LB,1,2400211039,OCEAN PERCH ATL BREADED PORTIONS,OCEAN,OCEAN PERCH,POP,GRND,Ocean perch (Pacific ocean perch)
2400211103,OCEAN PERCH ATL BREAD FORM FILLET,LB,1,2400211103,OCEAN PERCH ATL BRD FORMED FILLET,OCEAN,OCEAN PERCH,POP,GRND,Ocean perch (Pacific ocean perch)
2400212160,OCEAN PERCH ATL BREADED CKD FILLET,LB,1,2400211160,OCEAN PERCH ATL BREADED FILLET,OCEAN,OCEAN PERCH,POP,GRND,Ocean perch (Pacific ocean perch)
2400112160,OCEAN PERCH ATL BREADED CKD FILLET,LB,1,2400211160,OCEAN PERCH ATL BREADED FILLET,OCEAN,OCEAN PERCH,POP,GRND,Ocean perch (Pacific ocean perch)
2400211160,OCEAN PERCH ATL BREADED FILLET,LB,1,2400211160,OCEAN PERCH ATL BREADED FILLET,OCEAN,OCEAN PERCH,POP,GRND,Ocean perch (Pacific ocean perch)
2400111160,OCEAN PERCH ATL BREADED FILLET,LB,1,2400211160,OCEAN PERCH ATL BREADED FILLET,OCEAN,OCEAN PERCH,POP,GRND,Ocean perch (Pacific ocean perch)
2400201161,OCEAN PERCH ATLANTIC BLOCKS,LB,1,2400201161,OCEAN PERCH ATLANTIC BLOCKS,OCEAN,OCEAN PERCH,POP,GRND,Ocean perch (Pacific ocean perch)
2400101223,OCEAN PERCH ATLANTIC DRESSED,LB,1,2400201223,OCEAN PERCH ATLANTIC DRESSED,OCEAN,OCEAN PERCH,POP,GRND,Ocean perch (Pacific ocean perch)
2400201223,OCEAN PERCH ATLANTIC DRESSED,LB,1,2400201223,OCEAN PERCH ATLANTIC DRESSED,OCEAN,OCEAN PERCH,POP,GRND,Ocean perch (Pacific ocean perch)
2400101160,OCEAN PERCH ATLANTIC FILLET,LB,1,2400201160,OCEAN PERCH ATLANTIC FILLET,OCEAN,OCEAN PERCH,POP,GRND,Ocean perch (Pacific ocean perch)
2400201160,OCEAN PERCH ATLANTIC FILLET,LB,1,2400201160,OCEAN PERCH ATLANTIC FILLET,OCEAN,OCEAN PERCH,POP,GRND,Ocean perch (Pacific ocean perch)
2400101222,OCEAN PERCH ATLANTIC WHOLE,LB,1,2400201222,OCEAN PERCH ATLANTIC WHOLE,OCEAN,OCEAN PERCH,POP,GRND,Ocean perch (Pacific ocean perch)
2410201018,OCEAN PERCH PAC PECTORAL GIRDLES,LB,1,2410201018,OCEAN PERCH PAC PECTORAL GIRDLES,OCEAN,OCEAN PERCH,POP,GRND,Ocean perch (Pacific ocean perch)
2410600000,OCEAN PERCH PACIFIC,XX,NA,NA,NA,OCEAN,OCEAN PERCH,POP,GRND,Ocean perch (Pacific ocean perch)
2410500401,OCEAN PERCH PACIFIC BODY OIL,GL,7.75,2410500401,OCEAN PERCH PACIFIC OIL,OCEAN,OCEAN PERCH,POP,GRND,Ocean perch (Pacific ocean perch)
2410211160,OCEAN PERCH PACIFIC BREADED FILLET,LB,1,2410211160,OCEAN PERCH PACIFIC BREADED FILLET,OCEAN,OCEAN PERCH,POP,GRND,Ocean perch (Pacific ocean perch)
2410201162,OCEAN PERCH PACIFIC CHEEKS,LB,1,2410201162,OCEAN PERCH PACIFIC CHEEKS,OCEAN,OCEAN PERCH,POP,GRND,Ocean perch (Pacific ocean perch)
2410201223,OCEAN PERCH PACIFIC DRESSED,LB,1,2410201223,OCEAN PERCH PACIFIC DRESSED,OCEAN,OCEAN PERCH,POP,GRND,Ocean perch (Pacific ocean perch)
2410101223,OCEAN PERCH PACIFIC DRESSED,LB,1,2410201223,OCEAN PERCH PACIFIC DRESSED,OCEAN,OCEAN PERCH,POP,GRND,Ocean perch (Pacific ocean perch)
2410101160,OCEAN PERCH PACIFIC FILLET,LB,1,2410201160,OCEAN PERCH PACIFIC FILLET,OCEAN,OCEAN PERCH,POP,GRND,Ocean perch (Pacific ocean perch)
2410201160,OCEAN PERCH PACIFIC FILLET,LB,1,2410201160,OCEAN PERCH PACIFIC FILLET,OCEAN,OCEAN PERCH,POP,GRND,Ocean perch (Pacific ocean perch)
2410201021,OCEAN PERCH PACIFIC HEADS,LB,1,2410201021,OCEAN PERCH PACIFIC HEADS,OCEAN,OCEAN PERCH,POP,GRND,Ocean perch (Pacific ocean perch)
2410500301,OCEAN PERCH PACIFIC MEAL,TN,2000,2410500301,OCEAN PERCH PACIFIC MEAL,OCEAN,OCEAN PERCH,POP,GRND,Ocean perch (Pacific ocean perch)
2410201031,OCEAN PERCH PACIFIC SURIMI,LB,1,2410201031,OCEAN PERCH PACIFIC SURIMI,OCEAN,OCEAN PERCH,POP,GRND,Ocean perch (Pacific ocean perch)
2410201222,OCEAN PERCH PACIFIC WHOLE,LB,1,2410201222,OCEAN PERCH PACIFIC WHOLE,OCEAN,OCEAN PERCH,POP,GRND,Ocean perch (Pacific ocean perch)
2410101222,OCEAN PERCH PACIFIC WHOLE,LB,1,2410201222,OCEAN PERCH PACIFIC WHOLE,OCEAN,OCEAN PERCH,POP,GRND,Ocean perch (Pacific ocean perch)
2500201160,OCEAN POUT FILLET,LB,1,2500201160,OCEAN POUT FILLET,OCEAN,OCEAN PERCH,POP,GRND,Ocean perch (Pacific ocean perch)
2500101160,OCEAN POUT FILLET,LB,1,2500201160,OCEAN POUT FILLET,OCEAN,OCEAN PERCH,POP,GRND,Ocean perch (Pacific ocean perch)
2500430220,OCEAN POUT SMOKED,LB,1,2500430220,OCEAN POUT SMOKED,OCEAN,OCEAN PERCH,POP,GRND,Ocean perch (Pacific ocean perch)
7860600000,OCTOPUS,XX,NA,NA,NA,OCTOPUS,OCTOPUS,OCTP,OTHR,Unspecified octopus
7860202033,OCTOPUS COOKED LEGS,LB,1,7860202033,OCTOPUS COOKED LEGS,OCTOPUS,OCTOPUS,OCTP,OTHR,Unspecified octopus
7860102215,OCTOPUS COOKED WHOLE,LB,1,7860202215,OCTOPUS COOKED,OCTOPUS,OCTOPUS,OCTP,OTHR,Unspecified octopus
7860201223,OCTOPUS DRESSED,LB,1,7860201223,OCTOPUS DRESSED,OCTOPUS,OCTOPUS,OCTP,OTHR,Unspecified octopus
7860101223,OCTOPUS DRESSED,LB,1,7860201223,OCTOPUS DRESSED,OCTOPUS,OCTOPUS,OCTP,OTHR,Unspecified octopus
7860201090,OCTOPUS FOR BAIT,LB,1,7860201090,OCTOPUS BAIT,OCTOPUS,OCTOPUS,OCTP,OTHR,Unspecified octopus
7860101090,OCTOPUS FOR BAIT,LB,1,7860201090,OCTOPUS BAIT,OCTOPUS,OCTOPUS,OCTP,OTHR,Unspecified octopus
7860101500,OCTOPUS IN SAUCE,LB,1,7860201500,OCTOPUS IN SAUCE,OCTOPUS,OCTOPUS,OCTP,OTHR,Unspecified octopus
7860430200,OCTOPUS SMOKED MEAT,LB,1,7860430200,OCTOPUS SMOKED MEAT,OCTOPUS,OCTOPUS,OCTP,OTHR,Unspecified octopus
7860101215,OCTOPUS WHOLE,LB,1,7860201215,OCTOPUS WHOLE,OCTOPUS,OCTOPUS,OCTP,OTHR,Unspecified octopus
7860201215,OCTOPUS WHOLE,LB,1,7860201215,OCTOPUS WHOLE,OCTOPUS,OCTOPUS,OCTP,OTHR,Unspecified octopus
2503101160,OPAH FILLET,LB,1,2503201160,OPAH FILLET,OPAH,OPAH,OPAH,OTHR,Opah/moonfish
3030201223,ORANGE ROUGHY DRESSED,LB,1,3030201223,ORANGE ROUGHY DRESSED,ORANGE,ORANGE ROUGHY,OTHR,OTHR,Orange roughy - deep sea
3030201160,ORANGE ROUGHY FILLET,LB,1,3030201160,ORANGE ROUGHY FILLET,ORANGE,ORANGE ROUGHY,OTHR,OTHR,Orange roughy - deep sea
9558600000,OYSTER GROWER,XX,NA,NA,NA,OYSTER,OYSTER,OYST,SHLL,All oysters
7890600000,OYSTERS EAST,XX,NA,NA,NA,OYSTERS,OYSTERS,OYST,SHLL,All oysters
7890212215,OYSTERS EAST BREADED COOKED WHOLE,LB,1,7890211215,OYSTERS BREADED WHOLE,OYSTERS,OYSTERS,OYST,SHLL,All oysters
7890211215,OYSTERS EAST BREADED WHOLE,LB,1,7890211215,OYSTERS BREADED WHOLE,OYSTERS,OYSTERS,OYST,SHLL,All oysters
7890111215,OYSTERS EAST BREADED WHOLE,LB,1,7890211215,OYSTERS BREADED WHOLE,OYSTERS,OYSTERS,OYST,SHLL,All oysters
7890202200,OYSTERS EAST COOKED MEAT,LB,1,7890202200,OYSTERS COOKED MEAT,OYSTERS,OYSTERS,OYST,SHLL,All oysters
7890202038,OYSTERS EAST COOKED PIES,LB,1,7890202038,OYSTERS COOKED PIES,OYSTERS,OYSTERS,OYST,SHLL,All oysters
7890202240,OYSTERS EAST COOKED STEWS,LB,1,7890202240,OYSTERS COOKED STEWS,OYSTERS,OYSTERS,OYST,SHLL,All oysters
7890500000,OYSTERS EAST FOR INDUSTRIAL,LB,1,7890500000,OYSTERS FOR INDUSTRIAL,OYSTERS,OYSTERS,OYST,SHLL,All oysters
7890101133,OYSTERS EAST IN SHELL,LB,0.12,7890201133,OYSTERS IN SHELL,OYSTERS,OYSTERS,OYST,SHLL,All oysters
7890201133,OYSTERS EAST IN SHELL,DZ,0.12,7890201133,OYSTERS IN SHELL,OYSTERS,OYSTERS,OYST,SHLL,All oysters
7890500191,OYSTERS EAST LIME,TN,2000,7890500000,OYSTERS FOR INDUSTRIAL,OYSTERS,OYSTERS,OYST,SHLL,All oysters
7890300200,OYSTERS EAST MEAT,CS,NA,7890300200,OYSTERS MEAT (CAN),OYSTERS,OYSTERS,OYST,SHLL,All oysters
7890201134,OYSTERS EAST ON HALF SHELL,DZ,0.306,7890201134,OYSTERS ON HALF SHELL,OYSTERS,OYSTERS,OYST,SHLL,All oysters
7890101134,OYSTERS EAST ON HALF SHELL,DZ,0.306,7890201134,OYSTERS ON HALF SHELL,OYSTERS,OYSTERS,OYST,SHLL,All oysters
7890500026,OYSTERS EAST SHELL GRIT,TN,2000,7890500000,OYSTERS FOR INDUSTRIAL,OYSTERS,OYSTERS,OYST,SHLL,All oysters
7890201204,OYSTERS EAST SHUCKED MEAT,GL,8.75,7890201204,OYSTERS SHUCKED MEAT,OYSTERS,OYSTERS,OYST,SHLL,All oysters
7890101204,OYSTERS EAST SHUCKED MEAT,GL,8.75,7890201204,OYSTERS SHUCKED MEAT,OYSTERS,OYSTERS,OYST,SHLL,All oysters
7890430215,OYSTERS EAST SMOKED WHOLE,LB,1,7890430215,OYSTERS SMOKED,OYSTERS,OYSTERS,OYST,SHLL,All oysters
7890300240,OYSTERS EAST STEWS,CS,NA,7890300240,OYSTERS SPECIALTIES (CAN),OYSTERS,OYSTERS,OYST,SHLL,All oysters
7921600000,OYSTERS EUROPEAN FLAT,XX,NA,NA,NA,OYSTERS,OYSTERS,OYST,SHLL,All oysters
7921101133,OYSTERS EUROPEAN FLAT IN SHELL,LB,1,7890201133,OYSTERS IN SHELL,OYSTERS,OYSTERS,OYST,SHLL,All oysters
7950101133,OYSTERS OLYMPIA IN SHELL,LB,1,7890201133,OYSTERS IN SHELL,OYSTERS,OYSTERS,OYST,SHLL,All oysters
7950101204,OYSTERS OLYMPIA SHUCKED MEAT,GL,8.75,7890201204,OYSTERS SHUCKED MEAT,OYSTERS,OYSTERS,OYST,SHLL,All oysters
7920600000,OYSTERS PACIFIC,XX,NA,NA,NA,OYSTERS,OYSTERS,OYST,SHLL,All oysters
7920212215,OYSTERS PACIFIC BREADED CKD WHOLE,LB,1,7890211215,OYSTERS BREADED WHOLE,OYSTERS,OYSTERS,OYST,SHLL,All oysters
7920111215,OYSTERS PACIFIC BREADED WHOLE,LB,1,7890211215,OYSTERS BREADED WHOLE,OYSTERS,OYSTERS,OYST,SHLL,All oysters
7920211215,OYSTERS PACIFIC BREADED WHOLE,LB,1,7890211215,OYSTERS BREADED WHOLE,OYSTERS,OYSTERS,OYST,SHLL,All oysters
7920300110,OYSTERS PACIFIC CHOWDERS,CS,NA,7890300240,OYSTERS SPECIALTIES (CAN),OYSTERS,OYSTERS,OYST,SHLL,All oysters
7920202240,OYSTERS PACIFIC COOKED STEWS,LB,1,7890202240,OYSTERS COOKED STEWS,OYSTERS,OYSTERS,OYST,SHLL,All oysters
7920102240,OYSTERS PACIFIC COOKED STEWS,LB,1,7890202240,OYSTERS COOKED STEWS,OYSTERS,OYSTERS,OYST,SHLL,All oysters
7920102215,OYSTERS PACIFIC COOKED WHOLE,LB,1,7890202215,OYSTERS COOKED WHOLE,OYSTERS,OYSTERS,OYST,SHLL,All oysters
7920101133,OYSTERS PACIFIC IN SHELL,LB,1,7890201133,OYSTERS IN SHELL,OYSTERS,OYSTERS,OYST,SHLL,All oysters
7920201133,OYSTERS PACIFIC IN SHELL,LB,1,7890201133,OYSTERS IN SHELL,OYSTERS,OYSTERS,OYST,SHLL,All oysters
7920500191,OYSTERS PACIFIC LIME,TN,2000,7890500000,OYSTERS FOR INDUSTRIAL,OYSTERS,OYSTERS,OYST,SHLL,All oysters
7920300200,OYSTERS PACIFIC MEAT,CS,NA,7890300200,OYSTERS MEAT (CAN),OYSTERS,OYSTERS,OYST,SHLL,All oysters
7920201134,OYSTERS PACIFIC ON HALF SHELL,DZ,0.56,7890201134,OYSTERS ON HALF SHELL,OYSTERS,OYSTERS,OYST,SHLL,All oysters
7920101134,OYSTERS PACIFIC ON HALF SHELL,DZ,0.56,7890201134,OYSTERS ON HALF SHELL,OYSTERS,OYSTERS,OYST,SHLL,All oysters
7920500026,OYSTERS PACIFIC SHELL GRIT,TN,2000,7890500000,OYSTERS FOR INDUSTRIAL,OYSTERS,OYSTERS,OYST,SHLL,All oysters
7920201204,OYSTERS PACIFIC SHUCKED MEAT,GL,8.75,7890201204,OYSTERS SHUCKED MEAT,OYSTERS,OYSTERS,OYST,SHLL,All oysters
7920101204,OYSTERS PACIFIC SHUCKED MEAT,GL,8.75,7890201204,OYSTERS SHUCKED MEAT,OYSTERS,OYSTERS,OYST,SHLL,All oysters
7920430215,OYSTERS PACIFIC SMOKED,LB,1,7890430215,OYSTERS SMOKED,OYSTERS,OYSTERS,OYST,SHLL,All oysters
7920330215,OYSTERS PACIFIC SMOKED WHOLE,CS,NA,7890300240,OYSTERS SPECIALTIES (CAN),OYSTERS,OYSTERS,OYST,SHLL,All oysters
7920300241,OYSTERS PACIFIC STEW BASE,CS,NA,7890300240,OYSTERS SPECIALTIES (CAN),OYSTERS,OYSTERS,OYST,SHLL,All oysters
7920201111,OYSTERS PACIFIC STEW BASE,LB,1,7890201111,OYSTERS STEW BASE,OYSTERS,OYSTERS,OYST,SHLL,All oysters
7920300240,OYSTERS PACIFIC STEWS,CS,NA,7890300240,OYSTERS SPECIALTIES (CAN),OYSTERS,OYSTERS,OYST,SHLL,All oysters
9556600000,PACKER-SHIPPER,XX,NA,NA,NA,PACKER-SHIPPER,PACKER-SHIPPER,NA,NA,Business type - exclude
2510101223,PADDLEFISH DRESSED,LB,1,2510201223,PADDLEFISH DRESSED,PADDLEFISH,PADDLEFISH,OTHR,OTHR,Freshwater species
2510101160,PADDLEFISH FILLET,LB,1,2510201160,PADDLEFISH FILLET,PADDLEFISH,PADDLEFISH,OTHR,OTHR,Freshwater species
2510420040,PADDLEFISH SALTED ROE,LB,1,5260420040,UNCL FISH SALTED ROE,PADDLEFISH,PADDLEFISH,OTHR,OTHR,Freshwater species
2510430220,PADDLEFISH SMOKED,LB,1,2510430220,PADDLEFISH SMOKED,PADDLEFISH,PADDLEFISH,OTHR,OTHR,Freshwater species
2530213039,PANGASIUS BATTER DIP PORTIONS,LB,1,2530213039,PANGASIUS BATTER DIP PORTIONS,PANGASIUS,PANGASIUS,OTHR,OTHR,Asian aquaculture species
2530101160,PANGASIUS FILLET,LB,1,2530101160,PANGASIUS FILLET,PANGASIUS,PANGASIUS,OTHR,OTHR,Asian aquaculture species
2530201160,PANGASIUS FILLET,LB,1,2530201160,PANGASIUS FILLET,PANGASIUS,PANGASIUS,OTHR,OTHR,Asian aquaculture species
3340101160,PATAGONIAN TOOTHFISH FILLET,LB,1,3340201160,PATAGONIAN TOOTHFISH FILLET,PATAGONIAN,PATAGONIAN TOOTHFISH,OTHR,OTHR,Patagonian toothfish - Southern Ocean
3340201160,PATAGONIAN TOOTHFISH FILLET,LB,1,3340201160,PATAGONIAN TOOTHFISH FILLET,PATAGONIAN,PATAGONIAN TOOTHFISH,OTHR,OTHR,Patagonian toothfish - Southern Ocean
7980000000,PERIWINKLES OR COCKLES,XX,NA,NA,NA,PERIWINKLES,PERIWINKLES,OMSK,OTHR,Other mollusks
7980600000,PERIWINKLES OR COCKLES,XX,NA,NA,NA,PERIWINKLES,PERIWINKLES,OMSK,OTHR,Other mollusks
2610600000,PIKE OR PICKEREL,XX,NA,NA,NA,PIKE,PIKE,OTHR,OTHR,Freshwater species
2610101223,PIKE OR PICKEREL DRESSED,LB,1,2610201223,PIKE OR PICKEREL DRESSED,PIKE,PIKE,OTHR,OTHR,Freshwater species
2610201223,PIKE OR PICKEREL DRESSED,LB,1,2610201223,PIKE OR PICKEREL DRESSED,PIKE,PIKE,OTHR,OTHR,Freshwater species
2610201160,PIKE OR PICKEREL FILLET,LB,1,2610201160,PIKE OR PICKEREL FILLET,PIKE,PIKE,OTHR,OTHR,Freshwater species
2610101160,PIKE OR PICKEREL FILLET,LB,1,2610201160,PIKE OR PICKEREL FILLET,PIKE,PIKE,OTHR,OTHR,Freshwater species
2690213039,POLLOCK ATL BATTER DIP PORTIONS,LB,1,2690213039,POLLOCK ATL BATTER DIP PORTIONS,POLLOCK,POLLOCK,PLCK,GRND,Walleye pollock
2690600000,POLLOCK ATLANTIC,XX,NA,NA,NA,POLLOCK,POLLOCK,PLCK,GRND,Walleye pollock
2690201161,POLLOCK ATLANTIC BLOCKS,LB,1,2690201161,POLLOCK ATLANTIC BLOCKS,POLLOCK,POLLOCK,PLCK,GRND,Walleye pollock
2690212039,POLLOCK ATLANTIC BRD CKD PORTIONS,LB,1,2690211039,POLLOCK ATLANTIC BREADED PORTIONS,POLLOCK,POLLOCK,PLCK,GRND,Walleye pollock
2690212049,POLLOCK ATLANTIC BREAD CKD STICKS,LB,1,2690211049,POLLOCK ATLANTIC BREADED STICKS,POLLOCK,POLLOCK,PLCK,GRND,Walleye pollock
2690211103,POLLOCK ATLANTIC BREAD FORM FILLET,LB,1,2690211103,POLLOCK ATLANTIC BRD FORMED FILLET,POLLOCK,POLLOCK,PLCK,GRND,Walleye pollock
2690211160,POLLOCK ATLANTIC BREADED FILLET,LB,1,2690211160,POLLOCK ATLANTIC BREADED FILLET,POLLOCK,POLLOCK,PLCK,GRND,Walleye pollock
2690201223,POLLOCK ATLANTIC DRESSED,LB,1,2690201223,POLLOCK ATLANTIC DRESSED,POLLOCK,POLLOCK,PLCK,GRND,Walleye pollock
2690101223,POLLOCK ATLANTIC DRESSED,LB,1,2690201223,POLLOCK ATLANTIC DRESSED,POLLOCK,POLLOCK,PLCK,GRND,Walleye pollock
2690440220,POLLOCK ATLANTIC DRIED,LB,1,2690440220,POLLOCK ATLANTIC DRIED,POLLOCK,POLLOCK,PLCK,GRND,Walleye pollock
2690101160,POLLOCK ATLANTIC FILLET,LB,1,2690201160,POLLOCK ATLANTIC FILLET,POLLOCK,POLLOCK,PLCK,GRND,Walleye pollock
2690201160,POLLOCK ATLANTIC FILLET,LB,1,2690201160,POLLOCK ATLANTIC FILLET,POLLOCK,POLLOCK,PLCK,GRND,Walleye pollock
2690101210,POLLOCK ATLANTIC MINCED,LB,1,2690201210,POLLOCK ATLANTIC MINCED,POLLOCK,POLLOCK,PLCK,GRND,Walleye pollock
2690420220,POLLOCK ATLANTIC SALTED,LB,1,2690420220,POLLOCK ATLANTIC SALTED,POLLOCK,POLLOCK,PLCK,GRND,Walleye pollock
2690430220,POLLOCK ATLANTIC SMOKED,LB,1,2690430220,POLLOCK ATLANTIC SMOKED,POLLOCK,POLLOCK,PLCK,GRND,Walleye pollock
2690201048,POLLOCK ATLANTIC STEAKS,LB,1,2690201048,POLLOCK ATLANTIC STEAKS,POLLOCK,POLLOCK,PLCK,GRND,Walleye pollock
2692600000,POLLOCK PAC,XX,NA,NA,NA,POLLOCK,POLLOCK,PLCK,GRND,Walleye pollock
2692213160,POLLOCK PAC BATTER DIP FILLET,LB,1,2692213160,POLLOCK PACIFIC BATTER DIP FILLET,POLLOCK,POLLOCK,PLCK,GRND,Walleye pollock
2692213039,POLLOCK PAC BATTER DIP PORTIONS,LB,1,2692213039,POLLOCK PAC BATTER DIP PORTIONS,POLLOCK,POLLOCK,PLCK,GRND,Walleye pollock
2692213049,POLLOCK PAC BATTER DIP STICKS,LB,1,2692213049,POLLOCK PAC BATTER DIP STICKS,POLLOCK,POLLOCK,PLCK,GRND,Walleye pollock
2692201161,POLLOCK PAC BLOCKS,LB,1,2692201161,POLLOCK PACIFIC BLOCKS,POLLOCK,POLLOCK,PLCK,GRND,Walleye pollock
2692500401,POLLOCK PAC BODY OIL,GL,7.75,2692500401,POLLOCK PACIFIC OIL,POLLOCK,POLLOCK,PLCK,GRND,Walleye pollock
2692201014,POLLOCK PAC BONES,LB,1,2692201014,POLLOCK PAC BONES,POLLOCK,POLLOCK,PLCK,GRND,Walleye pollock
2692212039,POLLOCK PAC BREADED CKD PORTIONS,LB,1,2692211039,POLLOCK PACIFIC BREADED PORTIONS,POLLOCK,POLLOCK,PLCK,GRND,Walleye pollock
2692212160,POLLOCK PAC BREADED COOKED FILLET,LB,1,2692211160,POLLOCK PACIFIC BREADED FILLET,POLLOCK,POLLOCK,PLCK,GRND,Walleye pollock
2692212049,POLLOCK PAC BREADED COOKED STICKS,LB,1,2692211049,POLLOCK PACIFIC BREADED STICKS,POLLOCK,POLLOCK,PLCK,GRND,Walleye pollock
2692211160,POLLOCK PAC BREADED FILLET,LB,1,2692211160,POLLOCK PACIFIC BREADED FILLET,POLLOCK,POLLOCK,PLCK,GRND,Walleye pollock
2692111160,POLLOCK PAC BREADED FILLET,LB,1,2692211160,POLLOCK PACIFIC BREADED FILLET,POLLOCK,POLLOCK,PLCK,GRND,Walleye pollock
2692211103,POLLOCK PAC BREADED FORM FILLET,LB,1,2692211103,POLLOCK PAC BREADED FORM FILLET,POLLOCK,POLLOCK,PLCK,GRND,Walleye pollock
2692211007,POLLOCK PAC BREADED NUGGETS,LB,1,2692211007,POLLOCK PACIFIC BREADED NUGGETS,POLLOCK,POLLOCK,PLCK,GRND,Walleye pollock
2692211039,POLLOCK PAC BREADED PORTIONS,LB,1,2692211039,POLLOCK PACIFIC BREADED PORTIONS,POLLOCK,POLLOCK,PLCK,GRND,Walleye pollock
2692211051,POLLOCK PAC BREADED STUFFED,LB,1,2692211051,POLLOCK PAC BREADED STUFFED,POLLOCK,POLLOCK,PLCK,GRND,Walleye pollock
2692211042,POLLOCK PAC BREADED SURIMI ANALOG,LB,1,2692211042,SURIMI ANALOG BREADED,POLLOCK,POLLOCK,PLCK,GRND,Walleye pollock
2692201223,POLLOCK PAC DRESSED,LB,1,2692201223,POLLOCK PACIFIC DRESSED,POLLOCK,POLLOCK,PLCK,GRND,Walleye pollock
2692101223,POLLOCK PAC DRESSED,LB,1,2692201223,POLLOCK PACIFIC DRESSED,POLLOCK,POLLOCK,PLCK,GRND,Walleye pollock
2692440220,POLLOCK PAC DRIED,LB,1,2692440220,POLLOCK PACIFIC DRIED,POLLOCK,POLLOCK,PLCK,GRND,Walleye pollock
2692201160,POLLOCK PAC FILLET,LB,1,2692201160,POLLOCK PACIFIC FILLET,POLLOCK,POLLOCK,PLCK,GRND,Walleye pollock
2692101160,POLLOCK PAC FILLET,LB,1,2692201160,POLLOCK PACIFIC FILLET,POLLOCK,POLLOCK,PLCK,GRND,Walleye pollock
2692101090,POLLOCK PAC FOR BAIT,LB,1,2692201090,POLLOCK PACIFIC BAIT,POLLOCK,POLLOCK,PLCK,GRND,Walleye pollock
2692201090,POLLOCK PAC FOR BAIT,LB,1,2692201090,POLLOCK PACIFIC BAIT,POLLOCK,POLLOCK,PLCK,GRND,Walleye pollock
2692201021,POLLOCK PAC HEADS,LB,1,2692201021,POLLOCK PACIFIC HEADS,POLLOCK,POLLOCK,PLCK,GRND,Walleye pollock
2692500301,POLLOCK PAC MEAL,TN,2000,2692500301,POLLOCK PACIFIC MEAL,POLLOCK,POLLOCK,PLCK,GRND,Walleye pollock
2692201155,POLLOCK PAC MILT,LB,1,2692201155,POLLOCK PACIFIC MILT,POLLOCK,POLLOCK,PLCK,GRND,Walleye pollock
2692201210,POLLOCK PAC MINCED,LB,1,2692201210,POLLOCK PACIFIC MINCED,POLLOCK,POLLOCK,PLCK,GRND,Walleye pollock
2692101039,POLLOCK PAC PORTIONS,LB,1,2692201039,POLLOCK PACIFIC PORTIONS,POLLOCK,POLLOCK,PLCK,GRND,Walleye pollock
2692201039,POLLOCK PAC PORTIONS,LB,1,2692201039,POLLOCK PACIFIC PORTIONS,POLLOCK,POLLOCK,PLCK,GRND,Walleye pollock
2692101040,POLLOCK PAC ROE,LB,1,2692201040,POLLOCK PACIFIC ROE,POLLOCK,POLLOCK,PLCK,GRND,Walleye pollock
2692201040,POLLOCK PAC ROE,LB,1,2692201040,POLLOCK PACIFIC ROE,POLLOCK,POLLOCK,PLCK,GRND,Walleye pollock
2692420220,POLLOCK PAC SALTED,LB,1,2692420220,POLLOCK PACIFIC SALTED,POLLOCK,POLLOCK,PLCK,GRND,Walleye pollock
2692420040,POLLOCK PAC SALTED ROE,LB,1,2692420040,POLLOCK PACIFIC SALTED ROE,POLLOCK,POLLOCK,PLCK,GRND,Walleye pollock
2692201048,POLLOCK PAC STEAKS,LB,1,2692201048,POLLOCK PACIFIC STEAKS,POLLOCK,POLLOCK,PLCK,GRND,Walleye pollock
2692201031,POLLOCK PAC SURIMI,LB,1,2692201031,POLLOCK PACIFIC SURIMI,POLLOCK,POLLOCK,PLCK,GRND,Walleye pollock
2692300042,POLLOCK PAC SURIMI ANALOG,CS,NA,5260300500,OTHER FISH SPECIALTIES (CAN),POLLOCK,POLLOCK,PLCK,GRND,Walleye pollock
2692102042,POLLOCK PAC SURIMI ANALOG,LB,1,2692202042,SURIMI ANALOG,POLLOCK,POLLOCK,PLCK,GRND,Walleye pollock
2692202042,POLLOCK PAC SURIMI ANALOG,LB,1,2692202042,SURIMI ANALOG,POLLOCK,POLLOCK,PLCK,GRND,Walleye pollock
2692201222,POLLOCK PAC WHOLE,LB,1,2692201222,POLLCOK PACIFIC WHOLE,POLLOCK,POLLOCK,PLCK,GRND,Walleye pollock
2692101222,POLLOCK PAC WHOLE,LB,1,2692201222,POLLOCK PACIFIC WHOLE,POLLOCK,POLLOCK,PLCK,GRND,Walleye pollock
2710101160,POMFRET FILLET,LB,1,2710201160,POMFRET FILLET,POMFRET,POMFRET,POMF,OTHR,Pacific pomfret
2720600000,POMPANO,XX,NA,NA,NA,POMPANO,POMPANO,OTHR,OTHR,Atlantic/Gulf species
2720101223,POMPANO DRESSED,LB,1,2720201223,POMPANO DRESSED,POMPANO,POMPANO,OTHR,OTHR,Atlantic/Gulf species
2720101160,POMPANO FILLET,LB,1,2720201160,POMPANO FILLET,POMPANO,POMPANO,OTHR,OTHR,Atlantic/Gulf species
2720201160,POMPANO FILLET,LB,1,2720201160,POMPANO FILLET,POMPANO,POMPANO,OTHR,OTHR,Atlantic/Gulf species
2720101222,POMPANO WHOLE,LB,1,2720201222,POMPANO WHOLE,POMPANO,POMPANO,OTHR,OTHR,Atlantic/Gulf species
2900101223,ROCK BASS FRESHWATER DRESSED,LB,1,2900201223,ROCK BASS FRESHWATER DRESSED,ROCK,ROCK BASS,ORCK,GRND,Rock fish (other rockfish)
2900101160,ROCK BASS FRESHWATER FILLET,LB,1,2900201160,ROCK BASS FRESHWATER FILLET,ROCK,ROCK BASS,ORCK,GRND,Rock fish (other rockfish)
2960600000,ROCKFISHES,XX,NA,NA,NA,ROCKFISHES,ROCKFISHES,ROCK,GRND,All rockfish
2960201005,ROCKFISHES BELLIES,LB,1,2960201005,ROCKFISHES BELLIES,ROCKFISHES,ROCKFISHES,ROCK,GRND,All rockfish
2960211051,ROCKFISHES BREADED STUFFED,LB,1,2960211051,ROCKFISHES BREADED STUFFED,ROCKFISHES,ROCKFISHES,ROCK,GRND,All rockfish
2960201162,ROCKFISHES CHEEKS,LB,1,2960201162,ROCKFISHES CHEEKS,ROCKFISHES,ROCKFISHES,ROCK,GRND,All rockfish
2960101223,ROCKFISHES DRESSED,LB,1,2960201223,ROCKFISHES DRESSED,ROCKFISHES,ROCKFISHES,ROCK,GRND,All rockfish
2960201223,ROCKFISHES DRESSED,LB,1,2960201223,ROCKFISHES DRESSED,ROCKFISHES,ROCKFISHES,ROCK,GRND,All rockfish
2960101160,ROCKFISHES FILLET,LB,1,2960201160,ROCKFISHES FILLET,ROCKFISHES,ROCKFISHES,ROCK,GRND,All rockfish
2960201160,ROCKFISHES FILLET,LB,1,2960201160,ROCKFISHES FILLET,ROCKFISHES,ROCKFISHES,ROCK,GRND,All rockfish
2960201090,ROCKFISHES FOR BAIT,LB,1,2960201090,ROCKFISHES BAIT,ROCKFISHES,ROCKFISHES,ROCK,GRND,All rockfish
2960201021,ROCKFISHES HEADS,LB,1,2960201021,ROCKFISHES HEADS,ROCKFISHES,ROCKFISHES,ROCK,GRND,All rockfish
2960500301,ROCKFISHES MEAL,TN,2000,2960500301,ROCKFISHES MEAL,ROCKFISHES,ROCKFISHES,ROCK,GRND,All rockfish
2960201018,ROCKFISHES PECTORAL GIRDLES,LB,1,2960201018,ROCKFISHES PECTORAL GIRDLES,ROCKFISHES,ROCKFISHES,ROCK,GRND,All rockfish
2960430220,ROCKFISHES SMOKED,LB,1,2960430220,ROCKFISHES SMOKED,ROCKFISHES,ROCKFISHES,ROCK,GRND,All rockfish
2960201031,ROCKFISHES SURIMI,LB,1,2960201031,ROCKFISHES SURIMI,ROCKFISHES,ROCKFISHES,ROCK,GRND,All rockfish
2960201222,ROCKFISHES WHOLE,LB,1,2960201222,ROCKFISHES WHOLE,ROCKFISHES,ROCKFISHES,ROCK,GRND,All rockfish
2960101222,ROCKFISHES WHOLE,LB,1,2960201222,ROCKFISHES WHOLE,ROCKFISHES,ROCKFISHES,ROCK,GRND,All rockfish
3020600000,SABLEFISH,XX,NA,NA,NA,SABLEFISH,SABLEFISH,SABL,GRND,Sablefish/black cod
3020201161,SABLEFISH BLOCKS,LB,1,3020201161,SABLEFISH BLOCKS,SABLEFISH,SABLEFISH,SABL,GRND,Sablefish/black cod
3020201162,SABLEFISH CHEEKS,LB,1,3020201162,SABLEFISH CHEEKS,SABLEFISH,SABLEFISH,SABL,GRND,Sablefish/black cod
3020101223,SABLEFISH DRESSED,LB,1,3020201223,SABLEFISH DRESSED,SABLEFISH,SABLEFISH,SABL,GRND,Sablefish/black cod
3020201223,SABLEFISH DRESSED,LB,1,3020201223,SABLEFISH DRESSED,SABLEFISH,SABLEFISH,SABL,GRND,Sablefish/black cod
3020440220,SABLEFISH DRIED,LB,1,3020440220,SABLEFISH DRIED,SABLEFISH,SABLEFISH,SABL,GRND,Sablefish/black cod
3020201160,SABLEFISH FILLET,LB,1,3020201160,SABLEFISH FILLET,SABLEFISH,SABLEFISH,SABL,GRND,Sablefish/black cod
3020101160,SABLEFISH FILLET,LB,1,3020201160,SABLEFISH FILLET,SABLEFISH,SABLEFISH,SABL,GRND,Sablefish/black cod
3020201090,SABLEFISH FOR BAIT,LB,1,3020201090,SABLEFISH BAIT,SABLEFISH,SABLEFISH,SABL,GRND,Sablefish/black cod
3020201021,SABLEFISH HEADS,LB,1,3020201021,SABLEFISH HEADS,SABLEFISH,SABLEFISH,SABL,GRND,Sablefish/black cod
3020102500,SABLEFISH IN SAUCE,LB,1,3020202500,SABLEFISH IN SAUCE,SABLEFISH,SABLEFISH,SABL,GRND,Sablefish/black cod
3020431220,SABLEFISH KIPPERED,LB,1,3020430220,SABLEFISH SMOKED,SABLEFISH,SABLEFISH,SABL,GRND,Sablefish/black cod
3020201018,SABLEFISH PECTORAL GIRDLES,LB,1,3020201018,SABLEFISH PECTORAL GIRDLES,SABLEFISH,SABLEFISH,SABL,GRND,Sablefish/black cod
3020421220,SABLEFISH PICKLED,LB,1,3020420220,SABLEFISH SALTED OR PICKLED,SABLEFISH,SABLEFISH,SABL,GRND,Sablefish/black cod
3020201040,SABLEFISH ROE,LB,1,3020201040,SABLEFISH ROE,SABLEFISH,SABLEFISH,SABL,GRND,Sablefish/black cod
3020420220,SABLEFISH SALTED,LB,1,3020420220,SABLEFISH SALTED OR PICKLED,SABLEFISH,SABLEFISH,SABL,GRND,Sablefish/black cod
3020420500,SABLEFISH SALTED IN SAUCE,LB,1,3020420500,SABLEFISH SALTED IN SAUCE,SABLEFISH,SABLEFISH,SABL,GRND,Sablefish/black cod
3020430220,SABLEFISH SMOKED,LB,1,3020430220,SABLEFISH SMOKED,SABLEFISH,SABLEFISH,SABL,GRND,Sablefish/black cod
3020101048,SABLEFISH STEAKS,LB,1,3020201048,SABLEFISH STEAKS,SABLEFISH,SABLEFISH,SABL,GRND,Sablefish/black cod
3020201048,SABLEFISH STEAKS,LB,1,3020201048,SABLEFISH STEAKS,SABLEFISH,SABLEFISH,SABL,GRND,Sablefish/black cod
3020201019,SABLEFISH STOMACHS,LB,1,3020201019,SABLEFISH STOMACHS,SABLEFISH,SABLEFISH,SABL,GRND,Sablefish/black cod
3020101222,SABLEFISH WHOLE,LB,1,3020201222,SABLEFISH WHOLE,SABLEFISH,SABLEFISH,SABL,GRND,Sablefish/black cod
3020201222,SABLEFISH WHOLE,LB,1,3020201222,SABLEFISH WHOLE,SABLEFISH,SABLEFISH,SABL,GRND,Sablefish/black cod
3050000000,SALMON ATLANTIC,XX,NA,NA,NA,SALMON,SALMON,SAMN,SAMN,All salmon - maps to SAMN FMP
3050300220,SALMON ATLANTIC,CS,NA,3050300220,SALMON ATLANTIC (CAN),SALMON,SALMON,SAMN,SAMN,All salmon - maps to SAMN FMP
3050101223,SALMON ATLANTIC DRESSED,LB,1,3085201223,SALMON DRESSED,SALMON,SALMON,SAMN,SAMN,All salmon - maps to SAMN FMP
3050201160,SALMON ATLANTIC FILLET,LB,1,3085201160,SALMON FILLET,SALMON,SALMON,SAMN,SAMN,All salmon - maps to SAMN FMP
3050101160,SALMON ATLANTIC FILLET,LB,1,3085201160,SALMON FILLET,SALMON,SALMON,SAMN,SAMN,All salmon - maps to SAMN FMP
3050422220,SALMON ATLANTIC MILD CURED,LB,1,3085420220,SALMON SALTED OR KIPPERED,SALMON,SALMON,SAMN,SAMN,All salmon - maps to SAMN FMP
3050420220,SALMON ATLANTIC SALTED,LB,1,3085420220,SALMON SALTED OR KIPPERED,SALMON,SALMON,SAMN,SAMN,All salmon - maps to SAMN FMP
3050430220,SALMON ATLANTIC SMOKED,LB,1,3085430220,SALMON SMOKED OR KIPPERED,SALMON,SALMON,SAMN,SAMN,All salmon - maps to SAMN FMP
3050101048,SALMON ATLANTIC STEAKS,LB,1,3085201048,SALMON STEAKS,SALMON,SALMON,SAMN,SAMN,All salmon - maps to SAMN FMP
3080600000,SALMON CHINOOK,XX,NA,NA,NA,SALMON,SALMON,SAMN,SAMN,All salmon - maps to SAMN FMP
3080300220,SALMON CHINOOK,CS,NA,3080300220,SALMON CHINOOK (CAN),SALMON,SALMON,SAMN,SAMN,All salmon - maps to SAMN FMP
3080201223,SALMON CHINOOK DRESSED,LB,1,3085201223,SALMON DRESSED,SALMON,SALMON,SAMN,SAMN,All salmon - maps to SAMN FMP
3080101223,SALMON CHINOOK DRESSED,LB,1,3085201223,SALMON DRESSED,SALMON,SALMON,SAMN,SAMN,All salmon - maps to SAMN FMP
3080101090,SALMON CHINOOK EGGS FOR BAIT,LB,1,3085201090,SALMON BAIT,SALMON,SALMON,SAMN,SAMN,All salmon - maps to SAMN FMP
3080101160,SALMON CHINOOK FILLET,LB,1,3085201160,SALMON FILLET,SALMON,SALMON,SAMN,SAMN,All salmon - maps to SAMN FMP
3080201160,SALMON CHINOOK FILLET,LB,1,3085201160,SALMON FILLET,SALMON,SALMON,SAMN,SAMN,All salmon - maps to SAMN FMP
3080101219,SALMON CHINOOK HEAD ON,LB,1,3085201223,SALMON DRESSED,SALMON,SALMON,SAMN,SAMN,All salmon - maps to SAMN FMP
3080201219,SALMON CHINOOK HEAD ON,LB,1,3085201223,SALMON DRESSED,SALMON,SALMON,SAMN,SAMN,All salmon - maps to SAMN FMP
3080300500,SALMON CHINOOK IN SAUCE,CS,NA,3085330220,SALMON SPECIALTIES (CAN),SALMON,SALMON,SAMN,SAMN,All salmon - maps to SAMN FMP
3080431220,SALMON CHINOOK KIPPERED,LB,1,3085430220,SALMON SMOKED OR KIPPERED,SALMON,SALMON,SAMN,SAMN,All salmon - maps to SAMN FMP
3080422220,SALMON CHINOOK MILD CURED,LB,1,3085420220,SALMON SALTED OR PICKLED,SALMON,SALMON,SAMN,SAMN,All salmon - maps to SAMN FMP
3080421220,SALMON CHINOOK PICKLED,LB,1,3085420220,SALMON SALTED OR PICKLED,SALMON,SALMON,SAMN,SAMN,All salmon - maps to SAMN FMP
3080201040,SALMON CHINOOK ROE,LB,1,3085201040,SALMON ROE,SALMON,SALMON,SAMN,SAMN,All salmon - maps to SAMN FMP
3080101040,SALMON CHINOOK ROE,LB,1,3085201040,SALMON ROE,SALMON,SALMON,SAMN,SAMN,All salmon - maps to SAMN FMP
3080420220,SALMON CHINOOK SALTED,LB,1,3085420220,SALMON SALTED OR PICKLED,SALMON,SALMON,SAMN,SAMN,All salmon - maps to SAMN FMP
3080420040,SALMON CHINOOK SALTED ROE,LB,1,3085420040,SALMON SALTED ROE,SALMON,SALMON,SAMN,SAMN,All salmon - maps to SAMN FMP
3080430220,SALMON CHINOOK SMOKED,LB,1,3085430220,SALMON SMOKED OR KIPPERED,SALMON,SALMON,SAMN,SAMN,All salmon - maps to SAMN FMP
3080330220,SALMON CHINOOK SMOKED,CS,NA,3085330220,SALMON SPECIALTIES (CAN),SALMON,SALMON,SAMN,SAMN,All salmon - maps to SAMN FMP
3080201048,SALMON CHINOOK STEAKS,LB,1,3085201048,SALMON STEAKS,SALMON,SALMON,SAMN,SAMN,All salmon - maps to SAMN FMP
3080101048,SALMON CHINOOK STEAKS,LB,1,3085201048,SALMON STEAKS,SALMON,SALMON,SAMN,SAMN,All salmon - maps to SAMN FMP
3080201222,SALMON CHINOOK WHOLE,LB,1,3085201222,SALMON WHOLE,SALMON,SALMON,SAMN,SAMN,All salmon - maps to SAMN FMP
3080101222,SALMON CHINOOK WHOLE,LB,1,3085201222,SALMON WHOLE,SALMON,SALMON,SAMN,SAMN,All salmon - maps to SAMN FMP
3081600000,SALMON CHUM,XX,NA,NA,NA,SALMON,SALMON,SAMN,SAMN,All salmon - maps to SAMN FMP
3081300220,SALMON CHUM,CS,NA,3081300220,SALMON CHUM (CAN),SALMON,SALMON,SAMN,SAMN,All salmon - maps to SAMN FMP
3081212007,SALMON CHUM BREADED COOKED NUGGETS,LB,1,3085211007,SALMON BREADED NUGGETS,SALMON,SALMON,SAMN,SAMN,All salmon - maps to SAMN FMP
3081102160,SALMON CHUM COOKED FILLET,LB,1,3085202039,SALMON COOKED PORTIONS,SALMON,SALMON,SAMN,SAMN,All salmon - maps to SAMN FMP
3081202039,SALMON CHUM COOKED PORTIONS,LB,1,3085202039,SALMON COOKED PORTIONS,SALMON,SALMON,SAMN,SAMN,All salmon - maps to SAMN FMP
3081101223,SALMON CHUM DRESSED,LB,1,3085201223,SALMON DRESSED,SALMON,SALMON,SAMN,SAMN,All salmon - maps to SAMN FMP
3081201223,SALMON CHUM DRESSED,LB,1,3085201223,SALMON DRESSED,SALMON,SALMON,SAMN,SAMN,All salmon - maps to SAMN FMP
3081201091,SALMON CHUM EGGS FOR BAIT,LB,1,3085201091,SALMON EGGS FOR BAIT,SALMON,SALMON,SAMN,SAMN,All salmon - maps to SAMN FMP
3081101160,SALMON CHUM FILLET,LB,1,3085201160,SALMON FILLET,SALMON,SALMON,SAMN,SAMN,All salmon - maps to SAMN FMP
3081201160,SALMON CHUM FILLET,LB,1,3085201160,SALMON FILLET,SALMON,SALMON,SAMN,SAMN,All salmon - maps to SAMN FMP
3081201167,SALMON CHUM FORMED RINGS,LB,1,3085201167,SALMON RINGS,SALMON,SALMON,SAMN,SAMN,All salmon - maps to SAMN FMP
3081101219,SALMON CHUM HEAD ON,LB,1,3085201223,SALMON DRESSED,SALMON,SALMON,SAMN,SAMN,All salmon - maps to SAMN FMP
3081201155,SALMON CHUM MILT,LB,1,3085201155,SALMON MILT,SALMON,SALMON,SAMN,SAMN,All salmon - maps to SAMN FMP
3081201039,SALMON CHUM PORTIONS,LB,1,3085201039,SALMON PORTIONS,SALMON,SALMON,SAMN,SAMN,All salmon - maps to SAMN FMP
3081201040,SALMON CHUM ROE,LB,1,3085201040,SALMON ROE,SALMON,SALMON,SAMN,SAMN,All salmon - maps to SAMN FMP
3081101040,SALMON CHUM ROE,LB,1,3085201040,SALMON ROE,SALMON,SALMON,SAMN,SAMN,All salmon - maps to SAMN FMP
3081420220,SALMON CHUM SALTED,LB,1,3085420220,SALMON SALTED OR PICKLED,SALMON,SALMON,SAMN,SAMN,All salmon - maps to SAMN FMP
3081420040,SALMON CHUM SALTED ROE,LB,1,3085420040,SALMON SALTED ROE,SALMON,SALMON,SAMN,SAMN,All salmon - maps to SAMN FMP
3081430220,SALMON CHUM SMOKED,LB,1,3085430220,SALMON SMOKED OR KIPPERED,SALMON,SALMON,SAMN,SAMN,All salmon - maps to SAMN FMP
3081330220,SALMON CHUM SMOKED,CS,NA,3085330220,SALMON SPECIALTIES (CAN),SALMON,SALMON,SAMN,SAMN,All salmon - maps to SAMN FMP
3081330230,SALMON CHUM SMOKED CHILI,CS,NA,3085330220,SALMON SPECIALTIES (CAN),SALMON,SALMON,SAMN,SAMN,All salmon - maps to SAMN FMP
3081201048,SALMON CHUM STEAKS,LB,1,3085201048,SALMON STEAKS,SALMON,SALMON,SAMN,SAMN,All salmon - maps to SAMN FMP
3081101048,SALMON CHUM STEAKS,LB,1,3085201048,SALMON STEAKS,SALMON,SALMON,SAMN,SAMN,All salmon - maps to SAMN FMP
3081101222,SALMON CHUM WHOLE,LB,1,3085201222,SALMON WHOLE,SALMON,SALMON,SAMN,SAMN,All salmon - maps to SAMN FMP
3081201222,SALMON CHUM WHOLE,LB,1,3085201222,SALMON WHOLE,SALMON,SALMON,SAMN,SAMN,All salmon - maps to SAMN FMP
3084600000,SALMON COHO,XX,NA,NA,NA,SALMON,SALMON,SAMN,SAMN,All salmon - maps to SAMN FMP
3084300220,SALMON COHO,CS,NA,3084300220,SALMON COHO (CAN),SALMON,SALMON,SAMN,SAMN,All salmon - maps to SAMN FMP
3084102160,SALMON COHO COOKED FILLET,LB,1,3085202039,SALMON COOKED PORTIONS,SALMON,SALMON,SAMN,SAMN,All salmon - maps to SAMN FMP
3084201223,SALMON COHO DRESSED,LB,1,3085201223,SALMON DRESSED,SALMON,SALMON,SAMN,SAMN,All salmon - maps to SAMN FMP
3084101223,SALMON COHO DRESSED,LB,1,3085201223,SALMON DRESSED,SALMON,SALMON,SAMN,SAMN,All salmon - maps to SAMN FMP
3084101090,SALMON COHO EGGS FOR BAIT,LB,1,3085201090,SALMON BAIT,SALMON,SALMON,SAMN,SAMN,All salmon - maps to SAMN FMP
3084201160,SALMON COHO FILLET,LB,1,3085201160,SALMON FILLET,SALMON,SALMON,SAMN,SAMN,All salmon - maps to SAMN FMP
3084101160,SALMON COHO FILLET,LB,1,3085201160,SALMON FILLET,SALMON,SALMON,SAMN,SAMN,All salmon - maps to SAMN FMP
3084201219,SALMON COHO HEAD ON,LB,1,3085201223,SALMON DRESSED,SALMON,SALMON,SAMN,SAMN,All salmon - maps to SAMN FMP
3084101219,SALMON COHO HEAD ON,LB,1,3085201223,SALMON DRESSED,SALMON,SALMON,SAMN,SAMN,All salmon - maps to SAMN FMP
3084201228,SALMON COHO RAISED DRESSED,LB,1,3085201223,SALMON DRESSED,SALMON,SALMON,SAMN,SAMN,All salmon - maps to SAMN FMP
3084101228,SALMON COHO RAISED DRESSED,LB,1,3085201223,SALMON DRESSED,SALMON,SALMON,SAMN,SAMN,All salmon - maps to SAMN FMP
3084201040,SALMON COHO ROE,LB,1,3085201040,SALMON ROE,SALMON,SALMON,SAMN,SAMN,All salmon - maps to SAMN FMP
3084101040,SALMON COHO ROE,LB,1,3085201040,SALMON ROE,SALMON,SALMON,SAMN,SAMN,All salmon - maps to SAMN FMP
3084420220,SALMON COHO SALTED,LB,1,3085420220,SALMON SALTED OR PICKLED,SALMON,SALMON,SAMN,SAMN,All salmon - maps to SAMN FMP
3084420040,SALMON COHO SALTED ROE,LB,1,3085420040,SALMON SALTED ROE,SALMON,SALMON,SAMN,SAMN,All salmon - maps to SAMN FMP
3084330220,SALMON COHO SMOKED,CS,NA,3085330220,SALMON SPECIALTIES (CAN),SALMON,SALMON,SAMN,SAMN,All salmon - maps to SAMN FMP
3084430220,SALMON COHO SMOKED,LB,1,3085430220,SALMON SMOKED OR KIPPERED,SALMON,SALMON,SAMN,SAMN,All salmon - maps to SAMN FMP
3084330500,SALMON COHO SMOKED IN SAUCE,CS,NA,3085330220,SALMON SPECIALTIES (CAN),SALMON,SALMON,SAMN,SAMN,All salmon - maps to SAMN FMP
3084201048,SALMON COHO STEAKS,LB,1,3085201048,SALMON STEAKS,SALMON,SALMON,SAMN,SAMN,All salmon - maps to SAMN FMP
3084101048,SALMON COHO STEAKS,LB,1,3085201048,SALMON STEAKS,SALMON,SALMON,SAMN,SAMN,All salmon - maps to SAMN FMP
3084101222,SALMON COHO WHOLE,LB,1,3085201222,SALMON WHOLE,SALMON,SALMON,SAMN,SAMN,All salmon - maps to SAMN FMP
3084201222,SALMON COHO WHOLE,LB,1,3085201222,SALMON WHOLE,SALMON,SALMON,SAMN,SAMN,All salmon - maps to SAMN FMP
3085101513,SALMON LOMI,LB,1,3085201513,SALMON LOMI,SALMON,SALMON,SAMN,SAMN,All salmon - maps to SAMN FMP
3082600000,SALMON PINK,XX,NA,NA,NA,SALMON,SALMON,SAMN,SAMN,All salmon - maps to SAMN FMP
3082300220,SALMON PINK,CS,NA,3082300220,SALMON PINK (CAN),SALMON,SALMON,SAMN,SAMN,All salmon - maps to SAMN FMP
3082201161,SALMON PINK BLOCKS,LB,1,3085201161,SALMON BLOCKS,SALMON,SALMON,SAMN,SAMN,All salmon - maps to SAMN FMP
3082212039,SALMON PINK BREADED CKD PORTION,LB,1,3085211039,SALMON BREADED PORTIONS,SALMON,SALMON,SAMN,SAMN,All salmon - maps to SAMN FMP
3082212007,SALMON PINK BREADED COOKED NUGGETS,LB,1,3085211007,SALMON BREADED NUGGETS,SALMON,SALMON,SAMN,SAMN,All salmon - maps to SAMN FMP
3082102160,SALMON PINK COOKED FILLET,LB,1,3085202039,SALMON COOKED PORTIONS,SALMON,SALMON,SAMN,SAMN,All salmon - maps to SAMN FMP
3082102039,SALMON PINK COOKED PORTIONS,LB,1,3085201039,SALMON PORTIONS,SALMON,SALMON,SAMN,SAMN,All salmon - maps to SAMN FMP
3082201223,SALMON PINK DRESSED,LB,1,3085201223,SALMON DRESSED,SALMON,SALMON,SAMN,SAMN,All salmon - maps to SAMN FMP
3082101223,SALMON PINK DRESSED,LB,1,3085201223,SALMON DRESSED,SALMON,SALMON,SAMN,SAMN,All salmon - maps to SAMN FMP
3082201160,SALMON PINK FILLET,LB,1,3085201160,SALMON FILLET,SALMON,SALMON,SAMN,SAMN,All salmon - maps to SAMN FMP
3082101160,SALMON PINK FILLET,LB,1,3085201160,SALMON FILLET,SALMON,SALMON,SAMN,SAMN,All salmon - maps to SAMN FMP
3082201090,SALMON PINK FOR BAIT,LB,1,3085201090,SALMON BAIT,SALMON,SALMON,SAMN,SAMN,All salmon - maps to SAMN FMP
3082101219,SALMON PINK HEADS ON,LB,1,3085201223,SALMON DRESSED,SALMON,SALMON,SAMN,SAMN,All salmon - maps to SAMN FMP
3082201039,SALMON PINK PORTIONS,LB,1,3085201039,SALMON PORTIONS,SALMON,SALMON,SAMN,SAMN,All salmon - maps to SAMN FMP
3082101040,SALMON PINK ROE,LB,1,3085201040,SALMON ROE,SALMON,SALMON,SAMN,SAMN,All salmon - maps to SAMN FMP
3082201040,SALMON PINK ROE,LB,1,3085201040,SALMON ROE,SALMON,SALMON,SAMN,SAMN,All salmon - maps to SAMN FMP
3082420040,SALMON PINK SALTED ROE,LB,1,3085420040,SALMON SALTED ROE,SALMON,SALMON,SAMN,SAMN,All salmon - maps to SAMN FMP
3082430220,SALMON PINK SMOKED,LB,1,3085430220,SALMON SMOKED OR KIPPERED,SALMON,SALMON,SAMN,SAMN,All salmon - maps to SAMN FMP
3082330220,SALMON PINK SMOKED,CS,NA,3085330220,SALMON SPECIALTIES (CAN),SALMON,SALMON,SAMN,SAMN,All salmon - maps to SAMN FMP
3082201048,SALMON PINK STEAKS,LB,1,3085201048,SALMON STEAKS,SALMON,SALMON,SAMN,SAMN,All salmon - maps to SAMN FMP
3082101222,SALMON PINK WHOLE,LB,1,3085201222,SALMON WHOLE,SALMON,SALMON,SAMN,SAMN,All salmon - maps to SAMN FMP
3082201222,SALMON PINK WHOLE,LB,1,3085201222,SALMON WHOLE,SALMON,SALMON,SAMN,SAMN,All salmon - maps to SAMN FMP
3085101228,SALMON RAISED DRESSED,LB,1,3085201223,SALMON DRESSED,SALMON,SALMON,SAMN,SAMN,All salmon - maps to SAMN FMP
3085201228,SALMON RAISED DRESSED,LB,1,3085201223,SALMON DRESSED,SALMON,SALMON,SAMN,SAMN,All salmon - maps to SAMN FMP
3085201229,SALMON RAISED DRESSED & BONED,LB,1,3085201223,SALMON DRESSED,SALMON,SALMON,SAMN,SAMN,All salmon - maps to SAMN FMP
3085101229,SALMON RAISED DRESSED & BONED,LB,1,3085201223,SALMON DRESSED,SALMON,SALMON,SAMN,SAMN,All salmon - maps to SAMN FMP
3085201210,SALMON RAISED MINCED,LB,1,3085201210,SALMON MINCED,SALMON,SALMON,SAMN,SAMN,All salmon - maps to SAMN FMP
3083600000,SALMON SOCKEYE,XX,NA,NA,NA,SALMON,SALMON,SAMN,SAMN,All salmon - maps to SAMN FMP
3083300220,SALMON SOCKEYE,CS,NA,3083300220,SALMON SOCKEYE (CAN),SALMON,SALMON,SAMN,SAMN,All salmon - maps to SAMN FMP
3083102160,SALMON SOCKEYE COOKED FILLET,LB,1,3085202039,SALMON COOKED PORTIONS,SALMON,SALMON,SAMN,SAMN,All salmon - maps to SAMN FMP
3083102039,SALMON SOCKEYE COOKED PORTIONS,LB,1,3085201039,SALMON PORTIONS,SALMON,SALMON,SAMN,SAMN,All salmon - maps to SAMN FMP
3083101223,SALMON SOCKEYE DRESSED,LB,1,3085201223,SALMON DRESSED,SALMON,SALMON,SAMN,SAMN,All salmon - maps to SAMN FMP
3083201223,SALMON SOCKEYE DRESSED,LB,1,3085201223,SALMON DRESSED,SALMON,SALMON,SAMN,SAMN,All salmon - maps to SAMN FMP
3083101160,SALMON SOCKEYE FILLET,LB,1,3085201160,SALMON FILLET,SALMON,SALMON,SAMN,SAMN,All salmon - maps to SAMN FMP
3083201160,SALMON SOCKEYE FILLET,LB,1,3085201160,SALMON FILLET,SALMON,SALMON,SAMN,SAMN,All salmon - maps to SAMN FMP
3083201219,SALMON SOCKEYE HEAD ON,LB,1,3085201223,SALMON DRESSED,SALMON,SALMON,SAMN,SAMN,All salmon - maps to SAMN FMP
3083101219,SALMON SOCKEYE HEAD ON,LB,1,3085201223,SALMON DRESSED,SALMON,SALMON,SAMN,SAMN,All salmon - maps to SAMN FMP
3083111039,SALMON SOCKEYE PORTIONS,LB,1,3085211039,SALMON BREADED PORTIONS,SALMON,SALMON,SAMN,SAMN,All salmon - maps to SAMN FMP
3083201040,SALMON SOCKEYE ROE,LB,1,3085201040,SALMON ROE,SALMON,SALMON,SAMN,SAMN,All salmon - maps to SAMN FMP
3083101040,SALMON SOCKEYE ROE,LB,1,3085201040,SALMON ROE,SALMON,SALMON,SAMN,SAMN,All salmon - maps to SAMN FMP
3083420220,SALMON SOCKEYE SALTED,LB,1,3085420220,SALMON SALTED OR PICKLED,SALMON,SALMON,SAMN,SAMN,All salmon - maps to SAMN FMP
3083420040,SALMON SOCKEYE SALTED ROE,LB,1,3085420040,SALMON SALTED ROE,SALMON,SALMON,SAMN,SAMN,All salmon - maps to SAMN FMP
3083430220,SALMON SOCKEYE SMOKED,LB,1,3085430220,SALMON SMOKED OR KIPPERED,SALMON,SALMON,SAMN,SAMN,All salmon - maps to SAMN FMP
3083330220,SALMON SOCKEYE SMOKED,CS,NA,3085330220,SALMON SPECIALTIES (CAN),SALMON,SALMON,SAMN,SAMN,All salmon - maps to SAMN FMP
3083101048,SALMON SOCKEYE STEAKS,LB,1,3085201048,SALMON STEAKS,SALMON,SALMON,SAMN,SAMN,All salmon - maps to SAMN FMP
3083201048,SALMON SOCKEYE STEAKS,LB,1,3085201048,SALMON STEAKS,SALMON,SALMON,SAMN,SAMN,All salmon - maps to SAMN FMP
3083101222,SALMON SOCKEYE WHOLE,LB,1,3085201222,SALMON WHOLE,SALMON,SALMON,SAMN,SAMN,All salmon - maps to SAMN FMP
3083201222,SALMON SOCKEYE WHOLE,LB,1,3085201222,SALMON WHOLE,SALMON,SALMON,SAMN,SAMN,All salmon - maps to SAMN FMP
3085300220,SALMON UNCL,CS,NA,3085300220,SALMON UNCL (CAN),SALMON,SALMON,SAMN,SAMN,All salmon - maps to SAMN FMP
3085600000,SALMON UNCL,XX,NA,NA,NA,SALMON,SALMON,SAMN,SAMN,All salmon - maps to SAMN FMP
3085213160,SALMON UNCL BATTER COATED FILLET,LB,1,3085213160,SALMON BATTER COATED FILLET,SALMON,SALMON,SAMN,SAMN,All salmon - maps to SAMN FMP
3085300231,SALMON UNCL BISQUES,CS,NA,3085330220,SALMON SPECIALTIES (CAN),SALMON,SALMON,SAMN,SAMN,All salmon - maps to SAMN FMP
3085201161,SALMON UNCL BLOCKS,LB,1,3085201161,SALMON BLOCKS,SALMON,SALMON,SAMN,SAMN,All salmon - maps to SAMN FMP
3085500401,SALMON UNCL BODY OIL,GL,7.75,5260500401,UNCLASSIFIED BODY OIL,SALMON,SALMON,SAMN,SAMN,All salmon - maps to SAMN FMP
3085211101,SALMON UNCL BREADED CAKES/PATTY,LB,1,3085211101,SALMON BREADED CAKES & PATTIES,SALMON,SALMON,SAMN,SAMN,All salmon - maps to SAMN FMP
3085212160,SALMON UNCL BREADED COOKED FILLET,LB,1,3085211160,SALMON BREADED FILLETS,SALMON,SALMON,SAMN,SAMN,All salmon - maps to SAMN FMP
3085212007,SALMON UNCL BREADED COOKED NUGGETS,LB,1,3085211007,SALMON BREADED NUGGETS,SALMON,SALMON,SAMN,SAMN,All salmon - maps to SAMN FMP
3085211035,SALMON UNCL BREADED LOAVES,LB,1,3085211035,SALMON BREADED LOAVES,SALMON,SALMON,SAMN,SAMN,All salmon - maps to SAMN FMP
3085211007,SALMON UNCL BREADED NUGGETS,LB,1,3085211007,SALMON BREADED NUGGETS,SALMON,SALMON,SAMN,SAMN,All salmon - maps to SAMN FMP
3085211051,SALMON UNCL BREADED STUFFED,LB,1,3085211051,SALMON BREADED STUFFED,SALMON,SALMON,SAMN,SAMN,All salmon - maps to SAMN FMP
3085201101,SALMON UNCL CAKE & PATTIES,LB,1,3085201101,SALMON CAKES & PATTIES,SALMON,SALMON,SAMN,SAMN,All salmon - maps to SAMN FMP
3085420010,SALMON UNCL CAVIAR,LB,1,3085420010,SALMON UNCL CAVIAR,SALMON,SALMON,SAMN,SAMN,All salmon - maps to SAMN FMP
3085300010,SALMON UNCL CAVIAR,CS,NA,5260300010,ROE AND CAVIAR (CAN),SALMON,SALMON,SAMN,SAMN,All salmon - maps to SAMN FMP
3085300110,SALMON UNCL CHOWDERS,CS,NA,3085330220,SALMON SPECIALTIES (CAN),SALMON,SALMON,SAMN,SAMN,All salmon - maps to SAMN FMP
3085202500,SALMON UNCL COOKED IN SAUCE,LB,1,3085202500,SALMON IN SAUCE,SALMON,SALMON,SAMN,SAMN,All salmon - maps to SAMN FMP
3085101017,SALMON UNCL DIPS AND SPREADS,LB,1,3085201017,SALMON DIPS AND SPREADS,SALMON,SALMON,SAMN,SAMN,All salmon - maps to SAMN FMP
3085101223,SALMON UNCL DRESSED,LB,1,3085201223,SALMON DRESSED,SALMON,SALMON,SAMN,SAMN,All salmon - maps to SAMN FMP
3085201223,SALMON UNCL DRESSED,LB,1,3085201223,SALMON DRESSED,SALMON,SALMON,SAMN,SAMN,All salmon - maps to SAMN FMP
3085440220,SALMON UNCL DRIED,LB,1,3085440220,SALMON DRIED,SALMON,SALMON,SAMN,SAMN,All salmon - maps to SAMN FMP
3085000091,SALMON UNCL EGGS,XX,NA,NA,NA,SALMON,SALMON,SAMN,SAMN,All salmon - maps to SAMN FMP
3085201091,SALMON UNCL EGGS FOR BAIT,LB,1,3085201091,SALMON EGGS FOR BAIT,SALMON,SALMON,SAMN,SAMN,All salmon - maps to SAMN FMP
3085101091,SALMON UNCL EGGS FOR BAIT,LB,1,3085201091,SALMON EGGS FOR BAIT,SALMON,SALMON,SAMN,SAMN,All salmon - maps to SAMN FMP
3085300091,SALMON UNCL EGGS FOR BAIT,CS,NA,3085300091,SALMON EGGS FOR BAIT (CAN),SALMON,SALMON,SAMN,SAMN,All salmon - maps to SAMN FMP
3085101160,SALMON UNCL FILLET,LB,1,3085201160,SALMON FILLET,SALMON,SALMON,SAMN,SAMN,All salmon - maps to SAMN FMP
3085201160,SALMON UNCL FILLET,LB,1,3085201160,SALMON FILLET,SALMON,SALMON,SAMN,SAMN,All salmon - maps to SAMN FMP
3085500635,SALMON UNCL FOR ANIMAL FEEDS,LB,1,5260500635,ANIMAL FEEDS,SALMON,SALMON,SAMN,SAMN,All salmon - maps to SAMN FMP
3085201090,SALMON UNCL FOR BAIT,LB,1,3085201090,SALMON BAIT,SALMON,SALMON,SAMN,SAMN,All salmon - maps to SAMN FMP
3085300613,SALMON UNCL FOR PET FOOD,CS,NA,5260300613,PET FOOD (CAN),SALMON,SALMON,SAMN,SAMN,All salmon - maps to SAMN FMP
3085201219,SALMON UNCL HEAD ON,LB,1,3085201223,SALMON DRESSED,SALMON,SALMON,SAMN,SAMN,All salmon - maps to SAMN FMP
3085101219,SALMON UNCL HEAD ON,LB,1,3085201223,SALMON DRESSED,SALMON,SALMON,SAMN,SAMN,All salmon - maps to SAMN FMP
3085300500,SALMON UNCL IN SAUCE,CS,NA,3085330220,SALMON SPECIALTIES (CAN),SALMON,SALMON,SAMN,SAMN,All salmon - maps to SAMN FMP
3085101500,SALMON UNCL IN SAUCE,LB,1,3085201500,SALMON IN SAUCE,SALMON,SALMON,SAMN,SAMN,All salmon - maps to SAMN FMP
3085431220,SALMON UNCL KIPPERED,LB,1,3085430220,SALMON SMOKED OR KIPPERED,SALMON,SALMON,SAMN,SAMN,All salmon - maps to SAMN FMP
3085500301,SALMON UNCL MEAL,TN,2000,5260500301,UNCL FISH MEAL,SALMON,SALMON,SAMN,SAMN,All salmon - maps to SAMN FMP
3085422220,SALMON UNCL MILD CURED,LB,1,3085420220,SALMON SALTED OR PICKLED,SALMON,SALMON,SAMN,SAMN,All salmon - maps to SAMN FMP
3085300061,SALMON UNCL PASTES,CS,NA,3085330220,SALMON SPECIALTIES (CAN),SALMON,SALMON,SAMN,SAMN,All salmon - maps to SAMN FMP
3085421220,SALMON UNCL PICKLED,LB,1,3085420220,SALMON SALTED OR PICKLED,SALMON,SALMON,SAMN,SAMN,All salmon - maps to SAMN FMP
3085201039,SALMON UNCL PORTIONS,LB,1,3085201039,SALMON PORTIONS,SALMON,SALMON,SAMN,SAMN,All salmon - maps to SAMN FMP
3085101040,SALMON UNCL ROE,LB,1,3085201040,SALMON ROE,SALMON,SALMON,SAMN,SAMN,All salmon - maps to SAMN FMP
3085201040,SALMON UNCL ROE,LB,1,3085201040,SALMON ROE,SALMON,SALMON,SAMN,SAMN,All salmon - maps to SAMN FMP
3085420220,SALMON UNCL SALTED,LB,1,3085420220,SALMON SALTED OR PICKLED,SALMON,SALMON,SAMN,SAMN,All salmon - maps to SAMN FMP
3085420005,SALMON UNCL SALTED BELLIES,LB,1,3085420220,SALMON SALTED OR PICKLED,SALMON,SALMON,SAMN,SAMN,All salmon - maps to SAMN FMP
3085420091,SALMON UNCL SALTED EGGS FOR BAIT,LB,1,3085420091,SALMON SALTED EGGS FOR BAIT,SALMON,SALMON,SAMN,SAMN,All salmon - maps to SAMN FMP
3085420090,SALMON UNCL SALTED FOR BAIT,LB,1,3085420090,SALMON SALTED BAIT,SALMON,SALMON,SAMN,SAMN,All salmon - maps to SAMN FMP
3085420040,SALMON UNCL SALTED ROE,LB,1,3085420040,SALMON SALTED ROE,SALMON,SALMON,SAMN,SAMN,All salmon - maps to SAMN FMP
3085201106,SALMON UNCL SAUSAGE,LB,1,3085201106,SALMON SAUSAGE,SALMON,SALMON,SAMN,SAMN,All salmon - maps to SAMN FMP
3085430220,SALMON UNCL SMOKED,LB,1,3085430220,SALMON SMOKED OR KIPPERED,SALMON,SALMON,SAMN,SAMN,All salmon - maps to SAMN FMP
3085330220,SALMON UNCL SMOKED,CS,NA,3085330220,SALMON SPECIALTIES (CAN),SALMON,SALMON,SAMN,SAMN,All salmon - maps to SAMN FMP
3085330101,SALMON UNCL SMOKED CAKES,CS,NA,3085330220,SALMON SPECIALTIES (CAN),SALMON,SALMON,SAMN,SAMN,All salmon - maps to SAMN FMP
3085330061,SALMON UNCL SMOKED PASTES,CS,NA,3085330220,SALMON SPECIALTIES (CAN),SALMON,SALMON,SAMN,SAMN,All salmon - maps to SAMN FMP
3085201048,SALMON UNCL STEAKS,LB,1,3085201048,SALMON STEAKS,SALMON,SALMON,SAMN,SAMN,All salmon - maps to SAMN FMP
3085101048,SALMON UNCL STEAKS,LB,1,3085201048,SALMON STEAKS,SALMON,SALMON,SAMN,SAMN,All salmon - maps to SAMN FMP
3085201051,SALMON UNCL STUFFED,LB,1,3085201051,SALMON STUFFED,SALMON,SALMON,SAMN,SAMN,All salmon - maps to SAMN FMP
3085101051,SALMON UNCL STUFFED,LB,1,3085201051,SALMON STUFFED,SALMON,SALMON,SAMN,SAMN,All salmon - maps to SAMN FMP
3085201031,SALMON UNCL SURIMI,LB,1,3085201031,SALMON SURIMI,SALMON,SALMON,SAMN,SAMN,All salmon - maps to SAMN FMP
3085201222,SALMON UNCL WHOLE,LB,1,3085201222,SALMON WHOLE,SALMON,SALMON,SAMN,SAMN,All salmon - maps to SAMN FMP
3085101222,SALMON UNCL WHOLE,LB,1,3085201222,SALMON WHOLE,SALMON,SALMON,SAMN,SAMN,All salmon - maps to SAMN FMP
3110600000,SAND PERCH,XX,NA,NA,NA,SAND,SAND PERCH,PDAB,GRND,Sand dab (Pacific sanddab)
3110101223,SAND PERCH DRESSED,LB,1,3110201223,SAND PERCH DRESSED,SAND,SAND PERCH,PDAB,GRND,Sand dab (Pacific sanddab)
8250101090,SANDWORMS FOR BAIT,XX,NA,NA,NA,SANDWORMS,SANDWORMS,OTHR,OTHR,Bait - not fish
1685300502,SARDINE IN CHILI SAUCE,CS,NA,1685300410,SARDINE (CANNED),SARDINE,SARDINE,PSDN,CPEL,Pacific sardine
1685300511,SARDINE IN HOT SAUCE,CS,NA,1685300410,SARDINE (CANNED),SARDINE,SARDINE,PSDN,CPEL,Pacific sardine
1685300512,SARDINE IN JALAPENO PEPPERS,CS,NA,1685300410,SARDINE (CANNED),SARDINE,SARDINE,PSDN,CPEL,Pacific sardine
1685300507,SARDINE IN MUSTARD SAUCE,CS,NA,1685300410,SARDINE (CANNED),SARDINE,SARDINE,PSDN,CPEL,Pacific sardine
1685300413,SARDINE IN OLIVE OIL,CS,NA,1685300410,SARDINE (CANNED),SARDINE,SARDINE,PSDN,CPEL,Pacific sardine
1685300414,SARDINE IN PEANUT OIL,CS,NA,1685300410,SARDINE (CANNED),SARDINE,SARDINE,PSDN,CPEL,Pacific sardine
1685300415,SARDINE IN SOYBEAN OIL,CS,NA,1685300410,SARDINE (CANNED),SARDINE,SARDINE,PSDN,CPEL,Pacific sardine
1685300509,SARDINE IN TOMATO SAUCE,CS,NA,1685300410,SARDINE (CANNED),SARDINE,SARDINE,PSDN,CPEL,Pacific sardine
1685300410,SARDINE IN WATER,CS,NA,1685300410,SARDINE (CANNED),SARDINE,SARDINE,PSDN,CPEL,Pacific sardine
3140101223,SARDINE PACIFIC DRESSED,LB,1,3140101223,SARDINE PACIFIC DRESSED,SARDINE,SARDINE,PSDN,CPEL,Pacific sardine
3140201223,SARDINE PACIFIC DRESSED,LB,1,3140201223,SARDINE PACIFIC DRESSED,SARDINE,SARDINE,PSDN,CPEL,Pacific sardine
3140201090,SARDINE PACIFIC FOR BAIT,LB,1,3140201090,SARDINE PACIFIC BAIT,SARDINE,SARDINE,PSDN,CPEL,Pacific sardine
3140300417,SARDINE PACIFIC IN CANNOLA OIL,CS,NA,5260300500,OTHER FISH SPECIALTIES (CAN),SARDINE,SARDINE,PSDN,CPEL,Pacific sardine
3140300502,SARDINE PACIFIC IN CHILI SAUCE,CS,NA,5260300500,OTHER FISH SPECIALTIES (CAN),SARDINE,SARDINE,PSDN,CPEL,Pacific sardine
3140300413,SARDINE PACIFIC IN OLIVE OIL,CS,NA,5260300500,OTHER FISH SPECIALTIES (CAN),SARDINE,SARDINE,PSDN,CPEL,Pacific sardine
3140300414,SARDINE PACIFIC IN PEANUT OIL,CS,NA,5260300500,OTHER FISH SPECIALTIES (CAN),SARDINE,SARDINE,PSDN,CPEL,Pacific sardine
3140300415,SARDINE PACIFIC IN SOYBEAN OIL,CS,NA,5260300500,OTHER FISH SPECIALTIES (CAN),SARDINE,SARDINE,PSDN,CPEL,Pacific sardine
3140300416,SARDINE PACIFIC IN SUNFLOWER OIL,CS,NA,5260300500,OTHER FISH SPECIALTIES (CAN),SARDINE,SARDINE,PSDN,CPEL,Pacific sardine
3140300509,SARDINE PACIFIC IN TOMATO SAUCE,CS,NA,5260300500,OTHER FISH SPECIALTIES (CAN),SARDINE,SARDINE,PSDN,CPEL,Pacific sardine
3140300410,SARDINE PACIFIC IN WATER,CS,NA,5260300500,OTHER FISH SPECIALTIES (CAN),SARDINE,SARDINE,PSDN,CPEL,Pacific sardine
3140421090,SARDINE PACIFIC PICKLED FOR BAIT,LB,1,3140421090,SARDINE PACIFIC PICKLED BAIT,SARDINE,SARDINE,PSDN,CPEL,Pacific sardine
3140420220,SARDINE PACIFIC SALTED,LB,1,3140420220,SARDINE PACIFIC SALTED,SARDINE,SARDINE,PSDN,CPEL,Pacific sardine
3140201222,SARDINE PACIFIC WHOLE,LB,1,3140201222,SARDINE PACIFIC WHOLE,SARDINE,SARDINE,PSDN,CPEL,Pacific sardine
3870600000,SARDINE SPANISH,XX,NA,NA,NA,SARDINE,SARDINE,PSDN,CPEL,Pacific sardine
3870101223,SARDINE SPANISH DRESSED,LB,1,3870201223,SARDINE SPANISH DRESSED,SARDINE,SARDINE,PSDN,CPEL,Pacific sardine
3870101090,SARDINE SPANISH FOR BAIT,LB,1,3870201090,SARDINE SPANISH BAIT,SARDINE,SARDINE,PSDN,CPEL,Pacific sardine
3870201090,SARDINE SPANISH FOR BAIT,LB,1,3870201090,SARDINE SPANISH BAIT,SARDINE,SARDINE,PSDN,CPEL,Pacific sardine
3870101222,SARDINE SPANISH WHOLE,LB,1,3870201222,SARDINE SPANISH WHOLE,SARDINE,SARDINE,PSDN,CPEL,Pacific sardine
3870201222,SARDINE SPANISH WHOLE,LB,1,3870201222,SARDINE SPANISH WHOLE,SARDINE,SARDINE,PSDN,CPEL,Pacific sardine
3170211160,SAUGER BREADED FILLET,LB,1,3170211160,SAUGER BREADED FILLET,SAUGER,SAUGER,OTHR,OTHR,Freshwater species
3170101223,SAUGER DRESSED,LB,1,3170201223,SAUGER DRESSED,SAUGER,SAUGER,OTHR,OTHR,Freshwater species
3170101160,SAUGER FILLET,LB,1,3170201160,SAUGER FILLET,SAUGER,SAUGER,OTHR,OTHR,Freshwater species
3170201160,SAUGER FILLET,LB,1,3170201160,SAUGER FILLET,SAUGER,SAUGER,OTHR,OTHR,Freshwater species
750201223,SCADS DRESSED,LB,1,750201223,SCADS DRESSED,SCADS,SCADS,JMCK,CPEL,Jack mackerel/scads - coastal pelagic
750101223,SCADS DRESSED,LB,1,750201223,SCADS DRESSED,SCADS,SCADS,JMCK,CPEL,Jack mackerel/scads - coastal pelagic
750101222,SCADS WHOLE,LB,1,750201222,SCADS WHOLE,SCADS,SCADS,JMCK,CPEL,Jack mackerel/scads - coastal pelagic
8001600000,SCALLOPS BAY,XX,NA,NA,NA,SCALLOPS,SCALLOPS,SCAL,SHLL,All scallops
8001212215,SCALLOPS BAY BREADED COOKED WHOLE,LB,1,8001211215,SCALLOPS BAY BREADED WHOLE,SCALLOPS,SCALLOPS,SCAL,SHLL,All scallops
8001211215,SCALLOPS BAY BREADED WHOLE,LB,1,8001211215,SCALLOPS BAY BREADED WHOLE,SCALLOPS,SCALLOPS,SCAL,SHLL,All scallops
8001111215,SCALLOPS BAY BREADED WHOLE,LB,1,8001211215,SCALLOPS BAY BREADED WHOLE,SCALLOPS,SCALLOPS,SCAL,SHLL,All scallops
8001101133,SCALLOPS BAY IN SHELL,LB,1,8001201133,SCALLOPS BAY IN SHELL,SCALLOPS,SCALLOPS,SCAL,SHLL,All scallops
8001204215,SCALLOPS BAY IQF,LB,1,8001201204,SCALLOPS BAY SHUCKED MEAT,SCALLOPS,SCALLOPS,SCAL,SHLL,All scallops
8001101204,SCALLOPS BAY SHUCKED MEAT,GL,8.75,8001201204,SCALLOPS BAY SHUCKED MEAT,SCALLOPS,SCALLOPS,SCAL,SHLL,All scallops
8001201204,SCALLOPS BAY SHUCKED MEAT,GL,8.75,8001201204,SCALLOPS BAY SHUCKED MEAT,SCALLOPS,SCALLOPS,SCAL,SHLL,All scallops
8001430215,SCALLOPS BAY SMOKED WHOLE,LB,1,8009430215,SCALLOPS SMOKED,SCALLOPS,SCALLOPS,SCAL,SHLL,All scallops
8005211215,SCALLOPS CALICO BREADED WHOLE,LB,1,8005211215,SCALLOPS CALICO BREADED WHOLE,SCALLOPS,SCALLOPS,SCAL,SHLL,All scallops
8005101133,SCALLOPS CALICO IN SHELL,LB,1,8005201133,SCALLOPS CALICO IN SHELL,SCALLOPS,SCALLOPS,SCAL,SHLL,All scallops
8005201204,SCALLOPS CALICO SHUCKED MEAT,GL,8.75,8005201204,SCALLOPS CALICO SHUCKED MEAT,SCALLOPS,SCALLOPS,SCAL,SHLL,All scallops
8005101204,SCALLOPS CALICO SHUCKED MEAT,GL,8.75,8005201204,SCALLOPS CALICO SHUCKED MEAT,SCALLOPS,SCALLOPS,SCAL,SHLL,All scallops
8009600000,SCALLOPS SEA,XX,NA,NA,NA,SCALLOPS,SCALLOPS,SCAL,SHLL,All scallops
8009213215,SCALLOPS SEA BATTER DIP WHOLE,LB,1,8009211215,SCALLOPS SEA BREADED WHOLE,SCALLOPS,SCALLOPS,SCAL,SHLL,All scallops
8009211101,SCALLOPS SEA BREADED CAKES/PATTY,LB,1,8009211101,SCALLOPS SEA BRD CAKES & PATTIES,SCALLOPS,SCALLOPS,SCAL,SHLL,All scallops
8009212120,SCALLOPS SEA BREADED COOKED DINNER,LB,1,8009212120,SCALLOPS SEA BREADED COOK DINNERS,SCALLOPS,SCALLOPS,SCAL,SHLL,All scallops
8009212215,SCALLOPS SEA BREADED COOKED WHOLE,LB,1,8009212215,SCALLOPS SEA BREADED COOKED WHOLE,SCALLOPS,SCALLOPS,SCAL,SHLL,All scallops
8009211097,SCALLOPS SEA BREADED IMITATION,LB,1,8009211097,SCALLOPS SEA BREADED IMITATION,SCALLOPS,SCALLOPS,SCAL,SHLL,All scallops
8009211007,SCALLOPS SEA BREADED NUGGETS,LB,1,8009211007,SCALLOPS SEA BREADED NUGGETS,SCALLOPS,SCALLOPS,SCAL,SHLL,All scallops
8009211030,SCALLOPS SEA BREADED PUFFS,LB,1,8009211030,SCALLOPS SEA BREADED PUFFS,SCALLOPS,SCALLOPS,SCAL,SHLL,All scallops
8009111215,SCALLOPS SEA BREADED WHOLE,LB,1,8009211215,SCALLOPS SEA BREADED WHOLE,SCALLOPS,SCALLOPS,SCAL,SHLL,All scallops
8009211215,SCALLOPS SEA BREADED WHOLE,LB,1,8009211215,SCALLOPS SEA BREADED WHOLE,SCALLOPS,SCALLOPS,SCAL,SHLL,All scallops
8009201097,SCALLOPS SEA IMITATION,LB,1,8009201097,SCALLOPS SEA IMITATION,SCALLOPS,SCALLOPS,SCAL,SHLL,All scallops
8009300500,SCALLOPS SEA IN SAUCE,CS,NA,8009300500,SCALLOPS SEA IN SAUCE,SCALLOPS,SCALLOPS,SCAL,SHLL,All scallops
8009201500,SCALLOPS SEA IN SAUCE,LB,1,8009201500,SCALLOPS SEA IN SAUCE,SCALLOPS,SCALLOPS,SCAL,SHLL,All scallops
8009101133,SCALLOPS SEA IN SHELL,LB,1,8009201133,SCALLOPS SEA IN SHELL,SCALLOPS,SCALLOPS,SCAL,SHLL,All scallops
8009204215,SCALLOPS SEA IQF,LB,1,8009201204,SCALLOPS SEA SHUCKED MEAT,SCALLOPS,SCALLOPS,SCAL,SHLL,All scallops
8009201204,SCALLOPS SEA SHUCKED MEAT,LB,1,8009201204,SCALLOPS SEA SHUCKED MEAT,SCALLOPS,SCALLOPS,SCAL,SHLL,All scallops
8009101204,SCALLOPS SEA SHUCKED MEAT,LB,1,8009201204,SCALLOPS SEA SHUCKED MEAT,SCALLOPS,SCALLOPS,SCAL,SHLL,All scallops
8009330215,SCALLOPS SEA SMOKED,CS,1,8009330215,SCALLOPS SMOKED (CAN),SCALLOPS,SCALLOPS,SCAL,SHLL,All scallops
8009430215,SCALLOPS SEA SMOKED,LB,1,8009430215,SCALLOPS SMOKED,SCALLOPS,SCALLOPS,SCAL,SHLL,All scallops
8009201051,SCALLOPS SEA STUFFED,LB,1,8009201051,SCALLOPS SEA STUFFED,SCALLOPS,SCALLOPS,SCAL,SHLL,All scallops
3260101223,SCULPINS DRESSED,LB,1,3260201223,SCULPINS DRESSED,SCULPINS,SCULPINS,SCLP,OTHR,Sculpins
3295600000,SCUP OR PORGY,XX,NA,NA,NA,SCUP,SCUP,OTHR,OTHR,Atlantic species
3295101223,SCUP OR PORGY DRESSED,LB,1,3295201223,SCUP OR PORGY DRESSED,SCUP,SCUP,OTHR,OTHR,Atlantic species
3295201223,SCUP OR PORGY DRESSED,LB,1,3295201223,SCUP OR PORGY DRESSED,SCUP,SCUP,OTHR,OTHR,Atlantic species
3295101160,SCUP OR PORGY FILLET,LB,1,3295201160,SCUP OR PORGY FILLET,SCUP,SCUP,OTHR,OTHR,Atlantic species
3295201160,SCUP OR PORGY FILLET,LB,1,3295201160,SCUP OR PORGY FILLET,SCUP,SCUP,OTHR,OTHR,Atlantic species
3295101222,SCUP OR PORGY WHOLE,LB,1,3295201222,SCUP OR PORGY WHOLE,SCUP,SCUP,OTHR,OTHR,Atlantic species
3360600000,SEA BASS BLACK,XX,NA,NA,NA,SEA,SEA BASS,OTHR,OTHR,"Sea-prefixed species (sea bass, sea trout, etc.)"
3360201223,SEA BASS BLACK DRESSED,LB,1,3360201223,SEA BASS DRESSED,SEA,SEA BASS,OTHR,OTHR,"Sea-prefixed species (sea bass, sea trout, etc.)"
3360101223,SEA BASS BLACK DRESSED,LB,1,3360201223,SEA BASS DRESSED,SEA,SEA BASS,OTHR,OTHR,"Sea-prefixed species (sea bass, sea trout, etc.)"
3360201160,SEA BASS BLACK FILLET,LB,1,3360201160,SEA BASS FILLET,SEA,SEA BASS,OTHR,OTHR,"Sea-prefixed species (sea bass, sea trout, etc.)"
3360101160,SEA BASS BLACK FILLET,LB,1,3360201160,SEA BASS FILLET,SEA,SEA BASS,OTHR,OTHR,"Sea-prefixed species (sea bass, sea trout, etc.)"
3360430220,SEA BASS BLACK SMOKED,LB,1,3360430220,SEA BASS SMOKED,SEA,SEA BASS,OTHR,OTHR,"Sea-prefixed species (sea bass, sea trout, etc.)"
3360201048,SEA BASS BLACK STEAKS,LB,1,3360201048,SEA BASS STEAKS,SEA,SEA BASS,OTHR,OTHR,"Sea-prefixed species (sea bass, sea trout, etc.)"
3370101160,SEA BASS WHITE FILLET,LB,1,3360201160,SEA BASS FILLET,SEA,SEA BASS,OTHR,OTHR,"Sea-prefixed species (sea bass, sea trout, etc.)"
3370201160,SEA BASS WHITE FILLET,LB,1,3360201160,SEA BASS FILLET,SEA,SEA BASS,OTHR,OTHR,"Sea-prefixed species (sea bass, sea trout, etc.)"
3370431220,SEA BASS WHITE KIPPERED,LB,1,5260430220,UNCL FISH SMOKED,SEA,SEA BASS,OTHR,OTHR,"Sea-prefixed species (sea bass, sea trout, etc.)"
3380101223,SEA CATFISH DRESSED,LB,1,3380201223,SEA CATFISH DRESSED,SEA,SEA CATFISH,OTHR,OTHR,"Sea-prefixed species (sea bass, sea trout, etc.)"
3380101160,SEA CATFISH FILLET,LB,1,3380201160,SEA CATFISH FILLET,SEA,SEA CATFISH,OTHR,OTHR,"Sea-prefixed species (sea bass, sea trout, etc.)"
3380201160,SEA CATFISH FILLET,LB,1,3380201160,SEA CATFISH FILLET,SEA,SEA CATFISH,OTHR,OTHR,"Sea-prefixed species (sea bass, sea trout, etc.)"
3380101222,SEA CATFISH WHOLE,LB,1,3380201222,SEA CATFISH WHOLE,SEA,SEA CATFISH,OTHR,OTHR,"Sea-prefixed species (sea bass, sea trout, etc.)"
8085600000,SEA CUCUMBER,XX,NA,NA,NA,SEA,SEA CUCUMBER,CSCU,OTHR,"Sea-prefixed species (sea bass, sea trout, etc.) [description-level override, audit 2026-10-01]"
8085101223,SEA CUCUMBER DRESSED,LB,1,8085201223,SEA CUCUMBER DRESSED,SEA,SEA CUCUMBER,CSCU,OTHR,"Sea-prefixed species (sea bass, sea trout, etc.) [description-level override, audit 2026-10-01]"
8085440215,SEA CUCUMBER DRIED,LB,1,8085440215,SEA CUCUMBER DRIED,SEA,SEA CUCUMBER,CSCU,OTHR,"Sea-prefixed species (sea bass, sea trout, etc.) [description-level override, audit 2026-10-01]"
8085440028,SEA CUCUMBER DRIED SKIN,LB,1,8085440215,SEA CUCUMBER DRIED,SEA,SEA CUCUMBER,CSCU,OTHR,"Sea-prefixed species (sea bass, sea trout, etc.) [description-level override, audit 2026-10-01]"
8085201200,SEA CUCUMBER MEAT,LB,1,8085201200,SEA CUCUMBER MEAT,SEA,SEA CUCUMBER,CSCU,OTHR,"Sea-prefixed species (sea bass, sea trout, etc.) [description-level override, audit 2026-10-01]"
8085420215,SEA CUCUMBER SALTED,LB,1,8085420215,SEA CUCUMBER SALTED,SEA,SEA CUCUMBER,CSCU,OTHR,"Sea-prefixed species (sea bass, sea trout, etc.) [description-level override, audit 2026-10-01]"
8085420028,SEA CUCUMBER SALTED SKIN,LB,1,8085420215,SEA CUCUMBER SALTED,SEA,SEA CUCUMBER,CSCU,OTHR,"Sea-prefixed species (sea bass, sea trout, etc.) [description-level override, audit 2026-10-01]"
8050600000,SEA URCHINS,XX,NA,NA,NA,SEA,SEA URCHINS,RURC,OTHR,"Sea-prefixed species (sea bass, sea trout, etc.) [description-level override, audit 2026-10-01]"
8050201040,SEA URCHINS ROE,LB,1,8050201040,SEA URCHINS ROE,SEA,SEA URCHINS,RURC,OTHR,"Sea-prefixed species (sea bass, sea trout, etc.) [description-level override, audit 2026-10-01]"
8050101040,SEA URCHINS ROE,LB,1,8050201040,SEA URCHINS ROE,SEA,SEA URCHINS,RURC,OTHR,"Sea-prefixed species (sea bass, sea trout, etc.) [description-level override, audit 2026-10-01]"
8050101215,SEA URCHINS WHOLE,LB,1,8050201215,SEA URCHINS WHOLE,SEA,SEA URCHINS,RURC,OTHR,"Sea-prefixed species (sea bass, sea trout, etc.) [description-level override, audit 2026-10-01]"
3455101223,SEATROUT SAND DRESSED,LB,1,3447201223,SEATROUT DRESSED,SEATROUT,SEATROUT,OTHR,OTHR,Atlantic/Gulf species
3455201160,SEATROUT SAND FILLET,LB,1,3447201160,SEATROUT FILLET,SEATROUT,SEATROUT,OTHR,OTHR,Atlantic/Gulf species
3455101222,SEATROUT SAND WHOLE,LB,1,3447201222,SEATROUT WHOLE,SEATROUT,SEATROUT,OTHR,OTHR,Atlantic/Gulf species
3447600000,SEATROUT SPOTTED,XX,NA,NA,NA,SEATROUT,SEATROUT,OTHR,OTHR,Atlantic/Gulf species
3447201223,SEATROUT SPOTTED DRESSED,LB,1,3447201223,SEATROUT DRESSED,SEATROUT,SEATROUT,OTHR,OTHR,Atlantic/Gulf species
3447101223,SEATROUT SPOTTED DRESSED,LB,1,3447201223,SEATROUT DRESSED,SEATROUT,SEATROUT,OTHR,OTHR,Atlantic/Gulf species
3447201160,SEATROUT SPOTTED FILLET,LB,1,3447201160,SEATROUT FILLET,SEATROUT,SEATROUT,OTHR,OTHR,Atlantic/Gulf species
3447101160,SEATROUT SPOTTED FILLET,LB,1,3447201160,SEATROUT FILLET,SEATROUT,SEATROUT,OTHR,OTHR,Atlantic/Gulf species
3447430220,SEATROUT SPOTTED SMOKED,LB,1,3447430220,SEATROUT SMOKED,SEATROUT,SEATROUT,OTHR,OTHR,Atlantic/Gulf species
3447101222,SEATROUT SPOTTED WHOLE,LB,1,3447201222,SEATROUT WHOLE,SEATROUT,SEATROUT,OTHR,OTHR,Atlantic/Gulf species
3446600000,SEATROUT WEAKFISH,XX,NA,NA,NA,SEATROUT,SEATROUT,OTHR,OTHR,Atlantic/Gulf species
3446101223,SEATROUT WEAKFISH DRESSED,LB,1,3447201223,SEATROUT DRESSED,SEATROUT,SEATROUT,OTHR,OTHR,Atlantic/Gulf species
3446201160,SEATROUT WEAKFISH FILLET,LB,1,3447201160,SEATROUT FILLET,SEATROUT,SEATROUT,OTHR,OTHR,Atlantic/Gulf species
3446101160,SEATROUT WEAKFISH FILLET,LB,1,3447201160,SEATROUT FILLET,SEATROUT,SEATROUT,OTHR,OTHR,Atlantic/Gulf species
3446430220,SEATROUT WEAKFISH SMOKED,LB,1,3447430220,SEATROUT SMOKED,SEATROUT,SEATROUT,OTHR,OTHR,Atlantic/Gulf species
3446101222,SEATROUT WEAKFISH WHOLE,LB,1,3447201222,SEATROUT WHOLE,SEATROUT,SEATROUT,OTHR,OTHR,Atlantic/Gulf species
8178440220,SEAWEED DRIED EDIBLE,LB,1,8178440220,SEAWEEDS DRIED,SEAWEED,SEAWEED,OTHR,OTHR,Seaweed - other
8178101220,SEAWEED EDIBLE,LB,1,8178201220,SEAWEED EDIBLE,SEAWEED,SEAWEED,OTHR,OTHR,Seaweed - other
8178500170,SEAWEED INDUSTRIAL PRODUCTS,LB,1,8178500000,SEAWEED INDUSTRIAL PRODUCTS,SEAWEED,SEAWEED,OTHR,OTHR,Seaweed - other
3474600000,SHAD,XX,NA,NA,NA,SHAD,SHAD,SHAD,OTHR,Unspecified shad
3474000000,SHAD,XX,NA,NA,NA,SHAD,SHAD,SHAD,OTHR,Unspecified shad
3474101223,SHAD DRESSED,LB,1,3474201223,SHAD DRESSED,SHAD,SHAD,SHAD,OTHR,Unspecified shad
3474201160,SHAD FILLET,LB,1,3474201160,SHAD FILLET,SHAD,SHAD,SHAD,OTHR,Unspecified shad
3474101160,SHAD FILLET,LB,1,3474201160,SHAD FILLET,SHAD,SHAD,SHAD,OTHR,Unspecified shad
3474500635,SHAD FOR ANIMAL FEEDS,LB,1,5260500635,ANIMAL FEEDS,SHAD,SHAD,SHAD,OTHR,Unspecified shad
3474101090,SHAD FOR BAIT,LB,1,3474201090,SHAD BAIT,SHAD,SHAD,SHAD,OTHR,Unspecified shad
3474201090,SHAD FOR BAIT,LB,1,3474201090,SHAD BAIT,SHAD,SHAD,SHAD,OTHR,Unspecified shad
3474300500,SHAD IN SAUCE,CS,NA,5260300500,OTHER FISH SPECIALTIES (CAN),SHAD,SHAD,SHAD,OTHR,Unspecified shad
3474421090,SHAD PICKLED FOR BAIT,LB,1,3474421090,SHAD PICKLED BAIT,SHAD,SHAD,SHAD,OTHR,Unspecified shad
3474300040,SHAD ROE,CS,NA,5260300010,ROE AND CAVIAR (CAN),SHAD,SHAD,SHAD,OTHR,Unspecified shad
3474101040,SHAD ROE,LB,1,3474201040,SHAD ROE,SHAD,SHAD,SHAD,OTHR,Unspecified shad
3474330220,SHAD SMOKED,CS,NA,5260300500,OTHER FISH SPECIALTIES (CAN),SHAD,SHAD,SHAD,OTHR,Unspecified shad
3474430220,SHAD SMOKED,LB,1,3474430220,SHAD SMOKED,SHAD,SHAD,SHAD,OTHR,Unspecified shad
3474101222,SHAD WHOLE,LB,1,3474201222,SHAD WHOLE,SHAD,SHAD,SHAD,OTHR,Unspecified shad
3508600000,SHARK,XX,NA,NA,NA,SHARK,SHARK,SHRK,HMSP,All sharks (HMS managed)
3508201003,SHARK BACKS,LB,1,3508201003,SHARK BACKS,SHARK,SHARK,SHRK,HMSP,All sharks (HMS managed)
3508101003,SHARK BACKS,LB,1,3508201003,SHARK BACKS,SHARK,SHARK,SHRK,HMSP,All sharks (HMS managed)
3508201005,SHARK BELLIES,LB,1,3508201005,SHARK BELLIES,SHARK,SHARK,SHRK,HMSP,All sharks (HMS managed)
3508101005,SHARK BELLIES,LB,1,3508201005,SHARK BELLIES,SHARK,SHARK,SHRK,HMSP,All sharks (HMS managed)
3503201003,SHARK DOGFISH BACKS,LB,1,3508201003,SHARK BACKS,SHARK,SHARK,DSRK,GRND,"All sharks (HMS managed) [description-level override, audit 2026-10-01]"
3503101223,SHARK DOGFISH DRESSED,LB,1,3508201223,SHARK DRESSED,SHARK,SHARK,DSRK,GRND,"All sharks (HMS managed) [description-level override, audit 2026-10-01]"
3503201223,SHARK DOGFISH DRESSED,LB,1,3508201223,SHARK DRESSED,SHARK,SHARK,DSRK,GRND,"All sharks (HMS managed) [description-level override, audit 2026-10-01]"
3508101223,SHARK DRESSED,LB,1,3508201223,SHARK DRESSED,SHARK,SHARK,SHRK,HMSP,All sharks (HMS managed)
3508201223,SHARK DRESSED,LB,1,3508201223,SHARK DRESSED,SHARK,SHARK,SHRK,HMSP,All sharks (HMS managed)
3508101160,SHARK FILLET,LB,1,3508201160,SHARK FILLET,SHARK,SHARK,SHRK,HMSP,All sharks (HMS managed)
3508201160,SHARK FILLET,LB,1,3508201160,SHARK FILLET,SHARK,SHARK,SHRK,HMSP,All sharks (HMS managed)
3508201020,SHARK FINS,LB,1,3508201020,SHARK FINS,SHARK,SHARK,SHRK,HMSP,All sharks (HMS managed)
3508440020,SHARK FINS DRIED,LB,1,3508440020,SHARK FINS DRIED,SHARK,SHARK,SHRK,HMSP,All sharks (HMS managed)
3508500635,SHARK FOR ANIMAL FEEDS,LB,1,5260500635,ANIMAL FEEDS,SHARK,SHARK,SHRK,HMSP,All sharks (HMS managed)
3508101090,SHARK FOR BAIT,LB,1,3508201090,SHARK BAIT,SHARK,SHARK,SHRK,HMSP,All sharks (HMS managed)
3508201090,SHARK FOR BAIT,LB,1,3508201090,SHARK BAIT,SHARK,SHARK,SHRK,HMSP,All sharks (HMS managed)
3508500650,SHARK FOR SCIENTIFIC SPECIMENS,LB,1,7810500650,SCIENTIFIC SPECIMENS,SHARK,SHARK,SHRK,HMSP,All sharks (HMS managed)
3508500028,SHARK HIDES,NO,0,3508500028,SHARK HIDES,SHARK,SHARK,SHRK,HMSP,All sharks (HMS managed)
3508500034,SHARK JAWS,LB,1,3508500034,SHARK JAWS,SHARK,SHARK,SHRK,HMSP,All sharks (HMS managed)
3508500402,SHARK LIVER OIL,GL,7.75,5260500402,UNCLASSIFIED LIVER OIL,SHARK,SHARK,SHRK,HMSP,All sharks (HMS managed)
3508500301,SHARK MEAL,TN,2000,5260500301,UNCL FISH MEAL,SHARK,SHARK,SHRK,HMSP,All sharks (HMS managed)
3508430220,SHARK SMOKED,LB,1,3508430220,SHARK SMOKED,SHARK,SHARK,SHRK,HMSP,All sharks (HMS managed)
3508201048,SHARK STEAKS,LB,1,3508201048,SHARK STEAKS,SHARK,SHARK,SHRK,HMSP,All sharks (HMS managed)
3508101048,SHARK STEAKS,LB,1,3508201048,SHARK STEAKS,SHARK,SHARK,SHRK,HMSP,All sharks (HMS managed)
3508101222,SHARK WHOLE,LB,1,3508201222,SHARK WHOLE,SHARK,SHARK,SHRK,HMSP,All sharks (HMS managed)
3570101223,SHEEPHEAD SALTWATER DRESSED,LB,1,3570201223,SHEEPHEAD SALTWATER DRESSED,SHEEPHEAD,SHEEPHEAD,SHPD,OTHR,California sheephead
3570201160,SHEEPHEAD SALTWATER FILLET,LB,1,3570201160,SHEEPHEAD SALTWATER FILLET,SHEEPHEAD,SHEEPHEAD,SHPD,OTHR,California sheephead
3570101160,SHEEPHEAD SALTWATER FILLET,LB,1,3570201160,SHEEPHEAD SALTWATER FILLET,SHEEPHEAD,SHEEPHEAD,SHPD,OTHR,California sheephead
3570101222,SHEEPHEAD SALTWATER WHOLE,LB,1,3570201222,SHEEPHEAD SALTWATER WHOLE,SHEEPHEAD,SHEEPHEAD,SHPD,OTHR,California sheephead
3530600000,SHEEPSHEAD FRESHWATER,XX,NA,NA,NA,SHEEPSHEAD,SHEEPSHEAD,SHPD,OTHR,California sheephead
3530000000,SHEEPSHEAD FRESHWATER,XX,NA,NA,NA,SHEEPSHEAD,SHEEPSHEAD,SHPD,OTHR,California sheephead
3530500635,SHEEPSHEAD FRESHWATER ANIMAL FEEDS,LB,1,5260500635,ANIMAL FEEDS,SHEEPSHEAD,SHEEPSHEAD,SHPD,OTHR,California sheephead
3530101223,SHEEPSHEAD FRESHWATER DRESSED,LB,1,3530201223,SHEEPSHEAD FRESHWATER DRESSED,SHEEPSHEAD,SHEEPSHEAD,SHPD,OTHR,California sheephead
3530201160,SHEEPSHEAD FRESHWATER FILLET,LB,1,3530201160,SHEEPSHEAD FRESHWATER FILLET,SHEEPSHEAD,SHEEPSHEAD,SHPD,OTHR,California sheephead
3530101160,SHEEPSHEAD FRESHWATER FILLET,LB,1,3530201160,SHEEPSHEAD FRESHWATER FILLET,SHEEPSHEAD,SHEEPSHEAD,SHPD,OTHR,California sheephead
7381600000,SHRIMP,XX,NA,NA,NA,SHRIMP,SHRIMP,SRMP,SRMP,All shrimp
7381300200,SHRIMP,CS,NA,7381300200,SHRIMP (CAN),SHRIMP,SHRIMP,SRMP,SRMP,All shrimp
7381000000,SHRIMP,XX,NA,NA,NA,SHRIMP,SHRIMP,SRMP,SRMP,All shrimp
7381213200,SHRIMP BATTER DIP MEAT,LB,1,7381211200,SHRIMP BREADED MEAT,SHRIMP,SHRIMP,SRMP,SRMP,All shrimp
7381300231,SHRIMP BISQUES,CS,NA,7381321200,SHRIMP SPECIALTIES (CAN),SHRIMP,SHRIMP,SRMP,SRMP,All shrimp
7381111101,SHRIMP BREADED CAKES/PATTY,LB,1,7381211101,SHRIMP BREADED CAKES & PATTIES,SHRIMP,SHRIMP,SRMP,SRMP,All shrimp
7381211101,SHRIMP BREADED CAKES/PATTY,LB,1,7381211101,SHRIMP BREADED CAKES & PATTIES,SHRIMP,SHRIMP,SRMP,SRMP,All shrimp
7381212101,SHRIMP BREADED COOKED CAKES/PATTY,LB,1,7381211101,SHRIMP BREADED CAKES & PATTIES,SHRIMP,SHRIMP,SRMP,SRMP,All shrimp
7381212069,SHRIMP BREADED COOKED CRISPS,LB,1,7381211101,SHRIMP BREADED CAKES & PATTIES,SHRIMP,SHRIMP,SRMP,SRMP,All shrimp
7381212120,SHRIMP BREADED COOKED DINNERS,LB,1,7381211120,SHRIMP BREADED DINNERS,SHRIMP,SHRIMP,SRMP,SRMP,All shrimp
7381212041,SHRIMP BREADED COOKED EGG ROLLS,LB,1,7381211051,SHRIMP BREADED STUFFED,SHRIMP,SHRIMP,SRMP,SRMP,All shrimp
7381212200,SHRIMP BREADED COOKED MEAT,LB,1,7381211200,SHRIMP BREADED MEAT,SHRIMP,SHRIMP,SRMP,SRMP,All shrimp
7381212007,SHRIMP BREADED COOKED NUGGETS,LB,1,7381211007,SHRIMP BREADED NUGGETS,SHRIMP,SHRIMP,SRMP,SRMP,All shrimp
7381212051,SHRIMP BREADED COOKED STUFFED,LB,1,7381211051,SHRIMP BREADED STUFFED,SHRIMP,SHRIMP,SRMP,SRMP,All shrimp
7381211120,SHRIMP BREADED DINNERS,LB,1,7381211120,SHRIMP BREADED DINNERS,SHRIMP,SHRIMP,SRMP,SRMP,All shrimp
7381211097,SHRIMP BREADED IMITATION,LB,1,7381211097,SHRIMP BREADED IMITATION,SHRIMP,SHRIMP,SRMP,SRMP,All shrimp
7381111200,SHRIMP BREADED MEAT,LB,1,7381211200,SHRIMP BREADED MEAT,SHRIMP,SHRIMP,SRMP,SRMP,All shrimp
7381211200,SHRIMP BREADED MEAT,LB,1,7381211200,SHRIMP BREADED MEAT,SHRIMP,SHRIMP,SRMP,SRMP,All shrimp
7381211082,SHRIMP BREADED MIXES,LB,1,7381211051,SHRIMP BREADED STUFFED,SHRIMP,SHRIMP,SRMP,SRMP,All shrimp
7381211007,SHRIMP BREADED NUGGETS,LB,1,7381211007,SHRIMP BREADED NUGGETS,SHRIMP,SHRIMP,SRMP,SRMP,All shrimp
7381211030,SHRIMP BREADED PUFFS,LB,1,7381211007,SHRIMP BREADED NUGGETS,SHRIMP,SHRIMP,SRMP,SRMP,All shrimp
7381111051,SHRIMP BREADED STUFFED,LB,1,7381211051,SHRIMP BREADED STUFFED,SHRIMP,SHRIMP,SRMP,SRMP,All shrimp
7381211051,SHRIMP BREADED STUFFED,LB,1,7381211051,SHRIMP BREADED STUFFED,SHRIMP,SHRIMP,SRMP,SRMP,All shrimp
7381202666,SHRIMP COOKED ALASKA PRODUCT,LB,1,7381262200,SHRIMP PEELED COOKED MEAT,SHRIMP,SHRIMP,SRMP,SRMP,All shrimp
7381102666,SHRIMP COOKED ALASKA PRODUCT,LB,1,7381262200,SHRIMP PEELED COOKED MEAT,SHRIMP,SHRIMP,SRMP,SRMP,All shrimp
7381102011,SHRIMP COOKED COCKTAILS,LB,1,7381202500,SHRIMP COOKED IN SAUCE,SHRIMP,SHRIMP,SRMP,SRMP,All shrimp
7381202013,SHRIMP COOKED CREOLES,LB,1,7381202013,SHRIMP COOKED CREOLES,SHRIMP,SHRIMP,SRMP,SRMP,All shrimp
7381102013,SHRIMP COOKED CREOLES,LB,1,7381202013,SHRIMP COOKED CREOLES,SHRIMP,SHRIMP,SRMP,SRMP,All shrimp
7381202041,SHRIMP COOKED EGG ROLLS,LB,1,7381211051,SHRIMP BREADED STUFFED,SHRIMP,SHRIMP,SRMP,SRMP,All shrimp
7381202130,SHRIMP COOKED HEADLESS,LB,1,7381201130,SHRIMP HEADLESS,SHRIMP,SHRIMP,SRMP,SRMP,All shrimp
7381202500,SHRIMP COOKED IN SAUCE,LB,1,7381202500,SHRIMP COOKED IN SAUCE,SHRIMP,SHRIMP,SRMP,SRMP,All shrimp
7381102200,SHRIMP COOKED MEAT,LB,1,7381202200,SHRIMP COOKED MEAT,SHRIMP,SHRIMP,SRMP,SRMP,All shrimp
7381102215,SHRIMP COOKED WHOLE,LB,1,7381202215,SHRIMP COOKED WHOLE,SHRIMP,SHRIMP,SRMP,SRMP,All shrimp
7381202215,SHRIMP COOKED WHOLE,LB,1,7381202215,SHRIMP COOKED WHOLE,SHRIMP,SHRIMP,SRMP,SRMP,All shrimp
7381300017,SHRIMP DIPS AND SPREADS,CS,NA,7381321200,SHRIMP SPECIALTIES (CAN),SHRIMP,SHRIMP,SRMP,SRMP,All shrimp
7381101017,SHRIMP DIPS AND SPREADS,LB,1,7381201017,SHRIMP DIPS AND SPREADS,SHRIMP,SHRIMP,SRMP,SRMP,All shrimp
7381440215,SHRIMP DRIED,LB,1,7381440215,SHRIMP DRIED,SHRIMP,SHRIMP,SRMP,SRMP,All shrimp
7381440023,SHRIMP FLAKES,LB,1,7381440215,SHRIMP DRIED,SHRIMP,SHRIMP,SRMP,SRMP,All shrimp
7381201090,SHRIMP FOR BAIT,LB,1,7381201090,SHRIMP BAIT,SHRIMP,SHRIMP,SRMP,SRMP,All shrimp
7381101090,SHRIMP FOR BAIT,LB,1,7381201090,SHRIMP BAIT,SHRIMP,SHRIMP,SRMP,SRMP,All shrimp
7305201130,SHRIMP FRESHWATER PRAWN HEADLESS,LB,1,7305201130,SHRIMP FRESHWATER PRAWN HEADLESS,SHRIMP,SHRIMP,SRMP,SRMP,All shrimp
7305201215,SHRIMP FRESHWATER PRAWN WHOLE,LB,1,7305201215,SHRIMP FRESHWATER PRAWN WHOLE,SHRIMP,SHRIMP,SRMP,SRMP,All shrimp
7381201130,SHRIMP HEADLESS,LB,1,7381201130,SHRIMP HEADLESS,SHRIMP,SHRIMP,SRMP,SRMP,All shrimp
7381101130,SHRIMP HEADLESS,LB,1,7381201130,SHRIMP HEADLESS,SHRIMP,SHRIMP,SRMP,SRMP,All shrimp
7381300500,SHRIMP IN SAUCE,CS,NA,7381321200,SHRIMP SPECIALTIES (CAN),SHRIMP,SHRIMP,SRMP,SRMP,All shrimp
7381201500,SHRIMP IN SAUCE,LB,1,7381201500,SHRIMP IN SAUCE,SHRIMP,SHRIMP,SRMP,SRMP,All shrimp
7381204200,SHRIMP MARINATED MEAT,LB,1,7381201500,SHRIMP IN SAUCE,SHRIMP,SHRIMP,SRMP,SRMP,All shrimp
7381500301,SHRIMP MEAL,TN,2000,7381500301,SHRIMP MEAL,SHRIMP,SHRIMP,SRMP,SRMP,All shrimp
7381161205,SHRIMP PEELED AND DEVEINED,LB,1,7381261200,SHRIMP PEELED MEAT,SHRIMP,SHRIMP,SRMP,SRMP,All shrimp
7381261205,SHRIMP PEELED AND DEVEINED,LB,1,7381261200,SHRIMP PEELED MEAT,SHRIMP,SHRIMP,SRMP,SRMP,All shrimp
7381261161,SHRIMP PEELED BLOCKS,LB,1,7381261200,SHRIMP PEELED MEAT,SHRIMP,SHRIMP,SRMP,SRMP,All shrimp
7381262205,SHRIMP PEELED COOKED DEVEINED,LB,1,7381262200,SHRIMP PEELED COOKED MEAT,SHRIMP,SHRIMP,SRMP,SRMP,All shrimp
7381262200,SHRIMP PEELED COOKED MEAT,LB,1,7381262200,SHRIMP PEELED COOKED MEAT,SHRIMP,SHRIMP,SRMP,SRMP,All shrimp
7381162200,SHRIMP PEELED COOKED MEAT,LB,1,7381262200,SHRIMP PEELED COOKED MEAT,SHRIMP,SHRIMP,SRMP,SRMP,All shrimp
7381161200,SHRIMP PEELED MEAT,LB,1,7381261200,SHRIMP PEELED MEAT,SHRIMP,SHRIMP,SRMP,SRMP,All shrimp
7381261200,SHRIMP PEELED MEAT,LB,1,7381261200,SHRIMP PEELED MEAT,SHRIMP,SHRIMP,SRMP,SRMP,All shrimp
7381421090,SHRIMP PICKLED FOR BAIT,LB,1,7381201090,SHRIMP BAIT,SHRIMP,SHRIMP,SRMP,SRMP,All shrimp
7381321200,SHRIMP PICKLED MEAT,CS,NA,7381321200,SHRIMP SPECIALTIES (CAN),SHRIMP,SHRIMP,SRMP,SRMP,All shrimp
7325212200,SHRIMP ROCK BREADED COOKED MEAT,LB,1,7381211200,SHRIMP BREADED MEAT,SHRIMP,SHRIMP,SRMP,SRMP,All shrimp
7325211097,SHRIMP ROCK BREADED IMITATION,LB,1,7381211097,SHRIMP BREADED IMITATION,SHRIMP,SHRIMP,SRMP,SRMP,All shrimp
7325211200,SHRIMP ROCK BREADED MEAT,LB,1,7381211200,SHRIMP BREADED MEAT,SHRIMP,SHRIMP,SRMP,SRMP,All shrimp
7325201130,SHRIMP ROCK HEADLESS,LB,1,7381201130,SHRIMP HEADLESS,SHRIMP,SHRIMP,SRMP,SRMP,All shrimp
7325101130,SHRIMP ROCK HEADLESS,LB,1,7381201130,SHRIMP HEADLESS,SHRIMP,SHRIMP,SRMP,SRMP,All shrimp
7325261205,SHRIMP ROCK PEELED AND DEVEINED,LB,1,7381261200,SHRIMP PEELED MEAT,SHRIMP,SHRIMP,SRMP,SRMP,All shrimp
7325262205,SHRIMP ROCK PEELED CKD DEVEINED,LB,1,7381262200,SHRIMP PEELED COOKED MEAT,SHRIMP,SHRIMP,SRMP,SRMP,All shrimp
7325261200,SHRIMP ROCK PEELED MEAT,LB,1,7381261200,SHRIMP PEELED MEAT,SHRIMP,SHRIMP,SRMP,SRMP,All shrimp
7325201215,SHRIMP ROCK WHOLE,LB,1,7381201215,SHRIMP WHOLE,SHRIMP,SHRIMP,SRMP,SRMP,All shrimp
7303000000,SHRIMP SAND,XX,NA,NA,NA,SHRIMP,SHRIMP,SRMP,SRMP,All shrimp
7303421090,SHRIMP SAND PICKLED FOR BAIT,LB,1,7303421090,SHRIMP SAND PICKLED BAIT,SHRIMP,SHRIMP,SRMP,SRMP,All shrimp
7381430200,SHRIMP SMOKED MEAT,LB,1,7381430215,SHRIMP SMOKED,SHRIMP,SHRIMP,SRMP,SRMP,All shrimp
7381300230,SHRIMP SOUPS,CS,NA,7381321200,SHRIMP SPECIALTIES (CAN),SHRIMP,SHRIMP,SRMP,SRMP,All shrimp
7381201051,SHRIMP STUFFED,LB,1,7381201051,SHRIMP STUFFED,SHRIMP,SHRIMP,SRMP,SRMP,All shrimp
7381443215,SHRIMP SUN DRIED WHOLE,LB,1,7381440215,SHRIMP DRIED,SHRIMP,SHRIMP,SRMP,SRMP,All shrimp
7381101215,SHRIMP WHOLE,LB,1,7381201215,SHRIMP WHOLE,SHRIMP,SHRIMP,SRMP,SRMP,All shrimp
7381201215,SHRIMP WHOLE,LB,1,7381201215,SHRIMP WHOLE,SHRIMP,SHRIMP,SRMP,SRMP,All shrimp
3650201222,SKATES WHOLE,LB,1,3650201222,SKATES WHOLE,SKATES,SKATES,SKAT,GRND,All skates
3650201085,SKATES WINGS,LB,1,3650201085,SKATE WINGS,SKATES,SKATES,SKAT,GRND,All skates
3650101085,SKATES WINGS,LB,1,3650201085,SKATE WINGS,SKATES,SKATES,SKAT,GRND,All skates
3732000000,SMELT,XX,NA,NA,NA,SMELT,SMELT,SMLT,OTHR,Unspecified smelt
3732600000,SMELT,XX,NA,NA,NA,SMELT,SMELT,SMLT,OTHR,Unspecified smelt
3732211220,SMELT BREADED,LB,1,3732211220,SMELT BREADED,SMELT,SMELT,SMLT,OTHR,Unspecified smelt
3732201223,SMELT DRESSED,LB,1,3732201223,SMELT DRESSED,SMELT,SMELT,SMLT,OTHR,Unspecified smelt
3732101223,SMELT DRESSED,LB,1,3732201223,SMELT DRESSED,SMELT,SMELT,SMLT,OTHR,Unspecified smelt
3732101160,SMELT FILLET,LB,1,3732201160,SMELT FILLET,SMELT,SMELT,SMLT,OTHR,Unspecified smelt
3732500635,SMELT FOR ANIMAL FEEDS,LB,1,5260500635,ANIMAL FEEDS,SMELT,SMELT,SMLT,OTHR,Unspecified smelt
3732101090,SMELT FOR BAIT,LB,1,3732201090,SMELT BAIT,SMELT,SMELT,SMLT,OTHR,Unspecified smelt
3732201090,SMELT FOR BAIT,LB,1,3732201090,SMELT BAIT,SMELT,SMELT,SMLT,OTHR,Unspecified smelt
3732421220,SMELT PICKLED,LB,1,3732420220,SMELT SALTED OR PICKLED,SMELT,SMELT,SMLT,OTHR,Unspecified smelt
3732421090,SMELT PICKLED FOR BAIT,LB,1,5260201090,UNCL BAIT,SMELT,SMELT,SMLT,OTHR,Unspecified smelt
3732430220,SMELT SMOKED,LB,1,3732430220,SMELT SMOKED,SMELT,SMELT,SMLT,OTHR,Unspecified smelt
3732101222,SMELT WHOLE,LB,1,3732201222,SMELT WHOLE,SMELT,SMELT,SMLT,OTHR,Unspecified smelt
3732201222,SMELT WHOLE,LB,1,3732201222,SMELT WHOLE,SMELT,SMELT,SMLT,OTHR,Unspecified smelt
3764600000,SNAPPER RED,XX,NA,NA,NA,SNAPPER,SNAPPER,OTHR,OTHR,Primarily tropical/Gulf species
3764201223,SNAPPER RED DRESSED,LB,1,3768201223,SNAPPER DRESSED,SNAPPER,SNAPPER,OTHR,OTHR,Primarily tropical/Gulf species
3764101223,SNAPPER RED DRESSED,LB,1,3768201223,SNAPPER DRESSED,SNAPPER,SNAPPER,OTHR,OTHR,Primarily tropical/Gulf species
3764201160,SNAPPER RED FILLET,LB,1,3768201160,SNAPPER FILLET,SNAPPER,SNAPPER,OTHR,OTHR,Primarily tropical/Gulf species
3764101160,SNAPPER RED FILLET,LB,1,3768201160,SNAPPER FILLET,SNAPPER,SNAPPER,OTHR,OTHR,Primarily tropical/Gulf species
3764201048,SNAPPER RED STEAKS,LB,1,3768201048,SNAPPER STEAKS,SNAPPER,SNAPPER,OTHR,OTHR,Primarily tropical/Gulf species
3764201222,SNAPPER RED WHOLE,LB,1,3768201222,SNAPPER WHOLE,SNAPPER,SNAPPER,OTHR,OTHR,Primarily tropical/Gulf species
3764101222,SNAPPER RED WHOLE,LB,1,3768201222,SNAPPER WHOLE,SNAPPER,SNAPPER,OTHR,OTHR,Primarily tropical/Gulf species
3768600000,SNAPPER UNCL,XX,NA,NA,NA,SNAPPER,SNAPPER,OTHR,OTHR,Primarily tropical/Gulf species
3768101223,SNAPPER UNCL DRESSED,LB,1,3768201223,SNAPPER DRESSED,SNAPPER,SNAPPER,OTHR,OTHR,Primarily tropical/Gulf species
3768201223,SNAPPER UNCL DRESSED,LB,1,3768201223,SNAPPER DRESSED,SNAPPER,SNAPPER,OTHR,OTHR,Primarily tropical/Gulf species
3768201160,SNAPPER UNCL FILLET,LB,1,3768201160,SNAPPER FILLET,SNAPPER,SNAPPER,OTHR,OTHR,Primarily tropical/Gulf species
3768101160,SNAPPER UNCL FILLET,LB,1,3768201160,SNAPPER FILLET,SNAPPER,SNAPPER,OTHR,OTHR,Primarily tropical/Gulf species
3768101222,SNAPPER UNCL WHOLE,LB,1,3768201222,SNAPPER WHOLE,SNAPPER,SNAPPER,OTHR,OTHR,Primarily tropical/Gulf species
4000101160,SPEARFISH FILLET,LB,1,4000201160,SPEARFISH FILLET,SPEARFISH,SPEARFISH,SSPF,HMSP,Shortbill spearfish
8200600000,SPONGES,XX,NA,NA,NA,SPONGES,SPONGES,OTHR,OTHR,Non-fish
9559600000,SPORT CANNERY,XX,NA,NA,NA,SPORT,SPORT,NA,NA,Sport fishing - exclude
4060600000,SPOT,XX,NA,NA,NA,SPOT,SPOT,OTHR,OTHR,Atlantic species
4060102215,SPOT COOKED WHOLE,LB,1,4060202215,SPOT COOKED WHOLE,SPOT,SPOT,OTHR,OTHR,Atlantic species
4060101223,SPOT DRESSED,LB,1,4060201223,SPOT DRESSED,SPOT,SPOT,OTHR,OTHR,Atlantic species
4060420220,SPOT SALTED,LB,1,4060420220,SPOT SALTED,SPOT,SPOT,OTHR,OTHR,Atlantic species
4060201222,SPOT WHOLE,LB,1,4060201222,SPOT WHOLE,SPOT,SPOT,OTHR,OTHR,Atlantic species
4060101222,SPOT WHOLE,LB,1,4060201222,SPOT WHOLE,SPOT,SPOT,OTHR,OTHR,Atlantic species
8030600000,SQUID,XX,NA,NA,NA,SQUID,SQUID,MSQD,CPEL,Market squid
8030300200,SQUID,CS,NA,8030300200,SQUID (CAN),SQUID,SQUID,MSQD,CPEL,Market squid
8030212200,SQUID BREADED COOKED MEAT,LB,1,8030211215,SQUID BREADED,SQUID,SQUID,MSQD,CPEL,Market squid
8030212167,SQUID BREADED COOKED RINGS,LB,1,8030201167,SQUID RINGS,SQUID,SQUID,MSQD,CPEL,Market squid
8030211167,SQUID BREADED RINGS,LB,1,8030201167,SQUID RINGS,SQUID,SQUID,MSQD,CPEL,Market squid
8030211048,SQUID BREADED STEAKS,LB,1,8030211215,SQUID BREADED,SQUID,SQUID,MSQD,CPEL,Market squid
8030211050,SQUID BREADED STRIPS,LB,1,8030201167,SQUID RINGS,SQUID,SQUID,MSQD,CPEL,Market squid
8030211215,SQUID BREADED WHOLE,LB,1,8030211215,SQUID BREADED,SQUID,SQUID,MSQD,CPEL,Market squid
8030102200,SQUID COOKED MEAT,LB,1,8030202200,SQUID COOKED MEAT,SQUID,SQUID,MSQD,CPEL,Market squid
8030202200,SQUID COOKED MEAT,LB,1,8030202200,SQUID COOKED,SQUID,SQUID,MSQD,CPEL,Market squid
8030102074,SQUID COOKED SALAD MIXES,LB,1,8030202074,SQUID SALAD MIXES,SQUID,SQUID,MSQD,CPEL,Market squid
8030440200,SQUID DRIED,LB,1,8030440200,SQUID DRIED,SQUID,SQUID,MSQD,CPEL,Market squid
8030201090,SQUID FOR BAIT,LB,1,8030201090,SQUID FOR BAIT,SQUID,SQUID,MSQD,CPEL,Market squid
8030500301,SQUID MEAL,TN,2000,9106500301,UNCL SHELLFISH MEAL,SQUID,SQUID,MSQD,CPEL,Market squid
8030101200,SQUID MEAT,LB,1,8030201200,SQUID MEAT,SQUID,SQUID,MSQD,CPEL,Market squid
8030201200,SQUID MEAT,LB,1,8030201200,SQUID MEAT,SQUID,SQUID,MSQD,CPEL,Market squid
8030421200,SQUID PICKLED,LB,1,8030420200,SQUID SALTED OR PICKLED,SQUID,SQUID,MSQD,CPEL,Market squid
8030421090,SQUID PICKLED FOR BAIT,LB,1,8030421090,SQUID PICKLED BAIT,SQUID,SQUID,MSQD,CPEL,Market squid
8030201167,SQUID RINGS,LB,1,8030201167,SQUID RINGS,SQUID,SQUID,MSQD,CPEL,Market squid
8030202167,SQUID RINGS COOKED,LB,1,8030201167,SQUID RINGS,SQUID,SQUID,MSQD,CPEL,Market squid
8030420200,SQUID SALTED,LB,1,8030420200,SQUID SALTED OR PICKLED,SQUID,SQUID,MSQD,CPEL,Market squid
8030201048,SQUID STEAKS,LB,1,8030201048,SQUID STEAKS,SQUID,SQUID,MSQD,CPEL,Market squid
8030101048,SQUID STEAKS,LB,1,8030201048,SQUID STEAKS,SQUID,SQUID,MSQD,CPEL,Market squid
8030101051,SQUID STUFFED,LB,1,8030201051,SQUID STUFFED,SQUID,SQUID,MSQD,CPEL,Market squid
8030101165,SQUID TUBES,LB,1,8030201165,SQUID TUBES,SQUID,SQUID,MSQD,CPEL,Market squid
8030201165,SQUID TUBES,LB,1,8030201165,SQUID TUBES,SQUID,SQUID,MSQD,CPEL,Market squid
8030201215,SQUID WHOLE,LB,1,8030201215,SQUID WHOLE,SQUID,SQUID,MSQD,CPEL,Market squid
4180600000,STRIPED BASS,XX,NA,NA,NA,STRIPED,STRIPED BASS,OTHR,OTHR,"Striped-prefixed species (striped bass, etc.)"
4180201223,STRIPED BASS DRESSED,LB,1,4180201223,STRIPED BASS DRESSED,STRIPED,STRIPED BASS,OTHR,OTHR,"Striped-prefixed species (striped bass, etc.)"
4180101223,STRIPED BASS DRESSED,LB,1,4180201223,STRIPED BASS DRESSED,STRIPED,STRIPED BASS,OTHR,OTHR,"Striped-prefixed species (striped bass, etc.)"
4180101160,STRIPED BASS FILLET,LB,1,4180201160,STRIPED BASS FILLET,STRIPED,STRIPED BASS,OTHR,OTHR,"Striped-prefixed species (striped bass, etc.)"
4180201160,STRIPED BASS FILLET,LB,1,4180201160,STRIPED BASS FILLET,STRIPED,STRIPED BASS,OTHR,OTHR,"Striped-prefixed species (striped bass, etc.)"
4180201222,STRIPED BASS WHOLE,LB,1,4180201222,STRIPED BASS WHOLE,STRIPED,STRIPED BASS,OTHR,OTHR,"Striped-prefixed species (striped bass, etc.)"
4180101222,STRIPED BASS WHOLE,LB,1,4180201222,STRIPED BASS WHOLE,STRIPED,STRIPED BASS,OTHR,OTHR,"Striped-prefixed species (striped bass, etc.)"
4211600000,STURGEON,XX,NA,NA,NA,STURGEON,STURGEON,STRG,OTHR,All sturgeon
4211300220,STURGEON,CS,NA,4211300220,STURGEON (CAN),STURGEON,STURGEON,STRG,OTHR,All sturgeon
4211300010,STURGEON CAVIAR,CS,NA,5260300010,ROE AND CAVIAR (CAN),STURGEON,STURGEON,STRG,OTHR,All sturgeon
4211420010,STURGEON CAVIAR,LB,1,4211420010,STURGEON CAVIAR,STURGEON,STURGEON,STRG,OTHR,All sturgeon
4211101223,STURGEON DRESSED,LB,1,4211201223,STURGEON DRESSED,STURGEON,STURGEON,STRG,OTHR,All sturgeon
4211201223,STURGEON DRESSED,LB,1,4211201223,STURGEON DRESSED,STURGEON,STURGEON,STRG,OTHR,All sturgeon
4211101160,STURGEON FILLET,LB,1,4211201160,STURGEON FILLET,STURGEON,STURGEON,STRG,OTHR,All sturgeon
4211431220,STURGEON KIPPERED,LB,1,4211430220,STURGEON SMOKED,STURGEON,STURGEON,STRG,OTHR,All sturgeon
4211101040,STURGEON ROE,LB,1,4211201040,STURGEON ROE,STURGEON,STURGEON,STRG,OTHR,All sturgeon
4211201040,STURGEON ROE,LB,1,4211201040,STURGEON ROE,STURGEON,STURGEON,STRG,OTHR,All sturgeon
4211330220,STURGEON SMOKED,CS,NA,4211330220,STURGEON SMOKED (CAN),STURGEON,STURGEON,STRG,OTHR,All sturgeon
4211430220,STURGEON SMOKED,LB,1,4211430220,STURGEON SMOKED,STURGEON,STURGEON,STRG,OTHR,All sturgeon
4211101048,STURGEON STEAKS,LB,1,4211201048,STURGEON STEAKS,STURGEON,STURGEON,STRG,OTHR,All sturgeon
4211101222,STURGEON WHOLE,LB,1,4211201222,STURGEON WHOLE,STURGEON,STURGEON,STRG,OTHR,All sturgeon
4230600000,SUCKERS,XX,NA,NA,NA,SUCKERS,SUCKERS,OTHR,OTHR,Freshwater species
4230101223,SUCKERS DRESSED,LB,1,4230201223,SUCKERS DRESSED,SUCKERS,SUCKERS,OTHR,OTHR,Freshwater species
4230201160,SUCKERS FILLET,LB,1,4230201160,SUCKERS FILLET,SUCKERS,SUCKERS,OTHR,OTHR,Freshwater species
4230101160,SUCKERS FILLET,LB,1,4230201160,SUCKERS FILLET,SUCKERS,SUCKERS,OTHR,OTHR,Freshwater species
4230430220,SUCKERS SMOKED,LB,1,4230430220,SUCKERS SMOKED,SUCKERS,SUCKERS,OTHR,OTHR,Freshwater species
9555600000,SUPPLIER,XX,NA,NA,NA,SUPPLIER,SUPPLIER,NA,NA,Business type - exclude
4320600000,SWORDFISH,XX,NA,NA,NA,SWORDFISH,SWORDFISH,SWRD,HMSP,Swordfish
4320101223,SWORDFISH DRESSED,LB,1,4320201223,SWORDFISH DRESSED,SWORDFISH,SWORDFISH,SWRD,HMSP,Swordfish
4320201223,SWORDFISH DRESSED,LB,1,4320201223,SWORDFISH DRESSED,SWORDFISH,SWORDFISH,SWRD,HMSP,Swordfish
4320101160,SWORDFISH FILLET,LB,1,4320201160,SWORDFISH FILLET,SWORDFISH,SWORDFISH,SWRD,HMSP,Swordfish
4320201160,SWORDFISH FILLET,LB,1,4320201160,SWORDFISH FILLET,SWORDFISH,SWORDFISH,SWRD,HMSP,Swordfish
4320500402,SWORDFISH LIVER OIL,GL,7.75,5260500402,UNCLASSIFIED LIVER OIL,SWORDFISH,SWORDFISH,SWRD,HMSP,Swordfish
4320201164,SWORDFISH LOINS,LB,1,4320201160,SWORDFISH FILLET,SWORDFISH,SWORDFISH,SWRD,HMSP,Swordfish
4320101164,SWORDFISH LOINS,LB,1,4320201160,SWORDFISH FILLET,SWORDFISH,SWORDFISH,SWRD,HMSP,Swordfish
4320430220,SWORDFISH SMOKED,LB,1,4320430220,SWORDFISH SMOKED,SWORDFISH,SWORDFISH,SWRD,HMSP,Swordfish
4320201048,SWORDFISH STEAKS,LB,1,4320201048,SWORDFISH STEAKS,SWORDFISH,SWORDFISH,SWRD,HMSP,Swordfish
4320101048,SWORDFISH STEAKS,LB,1,4320201048,SWORDFISH STEAKS,SWORDFISH,SWORDFISH,SWRD,HMSP,Swordfish
4320101222,SWORDFISH WHOLE,LB,1,4320201222,SWORDFISH WHOLE,SWORDFISH,SWORDFISH,SWRD,HMSP,Swordfish
4380600000,TAUTOG,XX,NA,NA,NA,TAUTOG,TAUTOG,OTHR,OTHR,Atlantic species
4380101223,TAUTOG DRESSED,LB,1,4380201223,TAUTOG DRESSED,TAUTOG,TAUTOG,OTHR,OTHR,Atlantic species
4380101160,TAUTOG FILLET,LB,1,4380201160,TAUTOG FILLET,TAUTOG,TAUTOG,OTHR,OTHR,Atlantic species
4380430220,TAUTOG SMOKED,LB,1,4380430220,TAUTOG SMOKED,TAUTOG,TAUTOG,OTHR,OTHR,Atlantic species
4380101222,TAUTOG WHOLE,LB,1,4380201222,TAUTOG WHOLE,TAUTOG,TAUTOG,OTHR,OTHR,Atlantic species
4410600000,TENPOUNDER,XX,NA,NA,NA,TENPOUNDER,TENPOUNDER,OTHR,OTHR,Ladyfish/tenpounder - Atlantic species
4410101223,TENPOUNDER DRESSED,LB,1,4410201223,TENPOUNDER DRESSED,TENPOUNDER,TENPOUNDER,OTHR,OTHR,Ladyfish/tenpounder - Atlantic species
4410101222,TENPOUNDER WHOLE,LB,1,4410201222,TENPOUNDER WHOLE,TENPOUNDER,TENPOUNDER,OTHR,OTHR,Ladyfish/tenpounder - Atlantic species
4460213039,TILAPIA BATTER DIP PORTIONS,LB,1,4460213039,TILAPIA BATTER DIP PORTIONS,TILAPIA,TILAPIA,OTHR,OTHR,Aquaculture species
4460212160,TILAPIA BREADED COOKED FILLET,LB,1,4460211160,TILAPIA BREADED FILLET,TILAPIA,TILAPIA,OTHR,OTHR,Aquaculture species
4460211160,TILAPIA BREADED FILLET,LB,1,4460211160,TILAPIA BREADED FILLET,TILAPIA,TILAPIA,OTHR,OTHR,Aquaculture species
4460201223,TILAPIA DRESSED,LB,1,4460201223,TILAPIA DRESSED,TILAPIA,TILAPIA,OTHR,OTHR,Aquaculture species
4460101223,TILAPIA DRESSED,LB,1,4460201223,TILAPIA DRESSED,TILAPIA,TILAPIA,OTHR,OTHR,Aquaculture species
4460201160,TILAPIA FILLET,LB,1,4460201160,TILAPIA FILLET,TILAPIA,TILAPIA,OTHR,OTHR,Aquaculture species
4460101160,TILAPIA FILLET,LB,1,4460201160,TILAPIA FILLET,TILAPIA,TILAPIA,OTHR,OTHR,Aquaculture species
4460101222,TILAPIA WHOLE,LB,1,4460201222,TILAPIA WHOLE,TILAPIA,TILAPIA,OTHR,OTHR,Aquaculture species
4460201222,TILAPIA WHOLE,LB,1,4460201222,TILAPIA WHOLE,TILAPIA,TILAPIA,OTHR,OTHR,Aquaculture species
4470600000,TILEFISH,XX,NA,NA,NA,TILEFISH,TILEFISH,OTHR,OTHR,Not common Pacific species
4470101223,TILEFISH DRESSED,LB,1,4470201223,TILEFISH DRESSED,TILEFISH,TILEFISH,OTHR,OTHR,Not common Pacific species
4470101160,TILEFISH FILLET,LB,1,4470201160,TILEFISH FILLET,TILEFISH,TILEFISH,OTHR,OTHR,Not common Pacific species
4470201160,TILEFISH FILLET,LB,1,4470201160,TILEFISH FILLET,TILEFISH,TILEFISH,OTHR,OTHR,Not common Pacific species
4470101048,TILEFISH STEAKS,LB,1,4470201048,TILEFISH STEAKS,TILEFISH,TILEFISH,OTHR,OTHR,Not common Pacific species
9563600000,TRANSPORTER,XX,NA,NA,NA,TRANSPORTER,TRANSPORTER,NA,NA,Business type - exclude
4560201160,TRIGGERFISH FILLET,LB,1,4560201160,TRIGGERFISH FILLET,TRIGGERFISH,TRIGGERFISH,OTHR,OTHR,Tropical species
4560101160,TRIGGERFISH FILLET,LB,1,4560201160,TRIGGERFISH FILLET,TRIGGERFISH,TRIGGERFISH,OTHR,OTHR,Tropical species
4590101223,TRIPLETAIL DRESSED,LB,1,4590201223,TRIPLETAIL DRESSED,TRIPLETAIL,TRIPLETAIL,OTHR,OTHR,Atlantic/Gulf species
4590101160,TRIPLETAIL FILLET,LB,1,4590201160,TRIPLETAIL FILLET,TRIPLETAIL,TRIPLETAIL,OTHR,OTHR,Atlantic/Gulf species
4590101222,TRIPLETAIL WHOLE,LB,1,4590201222,TRIPLETAIL WHOLE,TRIPLETAIL,TRIPLETAIL,OTHR,OTHR,Atlantic/Gulf species
2000101223,TROUT LAKE DRESSED,LB,1,2850201223,TROUT DRESSED,TROUT,TROUT,OTHR,OTHR,"Kept OTHR (decision 2026-10-01; rationale corrected 2026-10-05): steelhead/rainbow products are predominantly out-of-region farmed raw material (Idaho land-based steelhead; no WC aquaculture at scale). Non-tribal wild sale prohibited since 1975; the small treaty-tribal wild component (only lawful wild source, PacFIN STLH=SAMN) dominated pre-2010 volumes but is immaterial and inseparable"
2000201160,TROUT LAKE FILLET,LB,1,2850201160,TROUT FILLET,TROUT,TROUT,OTHR,OTHR,"Kept OTHR (decision 2026-10-01; rationale corrected 2026-10-05): steelhead/rainbow products are predominantly out-of-region farmed raw material (Idaho land-based steelhead; no WC aquaculture at scale). Non-tribal wild sale prohibited since 1975; the small treaty-tribal wild component (only lawful wild source, PacFIN STLH=SAMN) dominated pre-2010 volumes but is immaterial and inseparable"
2000101160,TROUT LAKE FILLET,LB,1,2850201160,TROUT FILLET,TROUT,TROUT,OTHR,OTHR,"Kept OTHR (decision 2026-10-01; rationale corrected 2026-10-05): steelhead/rainbow products are predominantly out-of-region farmed raw material (Idaho land-based steelhead; no WC aquaculture at scale). Non-tribal wild sale prohibited since 1975; the small treaty-tribal wild component (only lawful wild source, PacFIN STLH=SAMN) dominated pre-2010 volumes but is immaterial and inseparable"
2000430220,TROUT LAKE SMOKED,LB,1,2850430220,TROUT SMOKED,TROUT,TROUT,OTHR,OTHR,"Kept OTHR (decision 2026-10-01; rationale corrected 2026-10-05): steelhead/rainbow products are predominantly out-of-region farmed raw material (Idaho land-based steelhead; no WC aquaculture at scale). Non-tribal wild sale prohibited since 1975; the small treaty-tribal wild component (only lawful wild source, PacFIN STLH=SAMN) dominated pre-2010 volumes but is immaterial and inseparable"
2850000000,TROUT RAINBOW,XX,NA,NA,NA,TROUT,TROUT,OTHR,OTHR,"Kept OTHR (decision 2026-10-01; rationale corrected 2026-10-05): steelhead/rainbow products are predominantly out-of-region farmed raw material (Idaho land-based steelhead; no WC aquaculture at scale). Non-tribal wild sale prohibited since 1975; the small treaty-tribal wild component (only lawful wild source, PacFIN STLH=SAMN) dominated pre-2010 volumes but is immaterial and inseparable"
2850300220,TROUT RAINBOW,CS,NA,5260300500,OTHER FISH SPECIALTIES (CAN),TROUT,TROUT,OTHR,OTHR,"Kept OTHR (decision 2026-10-01; rationale corrected 2026-10-05): steelhead/rainbow products are predominantly out-of-region farmed raw material (Idaho land-based steelhead; no WC aquaculture at scale). Non-tribal wild sale prohibited since 1975; the small treaty-tribal wild component (only lawful wild source, PacFIN STLH=SAMN) dominated pre-2010 volumes but is immaterial and inseparable"
2850211160,TROUT RAINBOW BREADED FILLET,LB,1,2850211160,TROUT BREADED FILLET,TROUT,TROUT,OTHR,OTHR,"Kept OTHR (decision 2026-10-01; rationale corrected 2026-10-05): steelhead/rainbow products are predominantly out-of-region farmed raw material (Idaho land-based steelhead; no WC aquaculture at scale). Non-tribal wild sale prohibited since 1975; the small treaty-tribal wild component (only lawful wild source, PacFIN STLH=SAMN) dominated pre-2010 volumes but is immaterial and inseparable"
2850211051,TROUT RAINBOW BREADED STUFFED,LB,1,2850211051,TROUT BREADED STUFFED,TROUT,TROUT,OTHR,OTHR,"Kept OTHR (decision 2026-10-01; rationale corrected 2026-10-05): steelhead/rainbow products are predominantly out-of-region farmed raw material (Idaho land-based steelhead; no WC aquaculture at scale). Non-tribal wild sale prohibited since 1975; the small treaty-tribal wild component (only lawful wild source, PacFIN STLH=SAMN) dominated pre-2010 volumes but is immaterial and inseparable"
2850420010,TROUT RAINBOW CAVIAR,LB,1,2850420010,TROUT CAVIAR,TROUT,TROUT,OTHR,OTHR,"Kept OTHR (decision 2026-10-01; rationale corrected 2026-10-05): steelhead/rainbow products are predominantly out-of-region farmed raw material (Idaho land-based steelhead; no WC aquaculture at scale). Non-tribal wild sale prohibited since 1975; the small treaty-tribal wild component (only lawful wild source, PacFIN STLH=SAMN) dominated pre-2010 volumes but is immaterial and inseparable"
2850102160,TROUT RAINBOW COOKED FILLET,LB,1,2850201160,TROUT FILLET,TROUT,TROUT,OTHR,OTHR,"Kept OTHR (decision 2026-10-01; rationale corrected 2026-10-05): steelhead/rainbow products are predominantly out-of-region farmed raw material (Idaho land-based steelhead; no WC aquaculture at scale). Non-tribal wild sale prohibited since 1975; the small treaty-tribal wild component (only lawful wild source, PacFIN STLH=SAMN) dominated pre-2010 volumes but is immaterial and inseparable"
2850101017,TROUT RAINBOW DIPS AND SPREADS,LB,1,2850201017,TROUT DIPS AND SPREADS,TROUT,TROUT,OTHR,OTHR,"Kept OTHR (decision 2026-10-01; rationale corrected 2026-10-05): steelhead/rainbow products are predominantly out-of-region farmed raw material (Idaho land-based steelhead; no WC aquaculture at scale). Non-tribal wild sale prohibited since 1975; the small treaty-tribal wild component (only lawful wild source, PacFIN STLH=SAMN) dominated pre-2010 volumes but is immaterial and inseparable"
2850101223,TROUT RAINBOW DRESSED,LB,1,2850201223,TROUT DRESSED,TROUT,TROUT,OTHR,OTHR,"Kept OTHR (decision 2026-10-01; rationale corrected 2026-10-05): steelhead/rainbow products are predominantly out-of-region farmed raw material (Idaho land-based steelhead; no WC aquaculture at scale). Non-tribal wild sale prohibited since 1975; the small treaty-tribal wild component (only lawful wild source, PacFIN STLH=SAMN) dominated pre-2010 volumes but is immaterial and inseparable"
2850201223,TROUT RAINBOW DRESSED,LB,1,2850201223,TROUT DRESSED,TROUT,TROUT,OTHR,OTHR,"Kept OTHR (decision 2026-10-01; rationale corrected 2026-10-05): steelhead/rainbow products are predominantly out-of-region farmed raw material (Idaho land-based steelhead; no WC aquaculture at scale). Non-tribal wild sale prohibited since 1975; the small treaty-tribal wild component (only lawful wild source, PacFIN STLH=SAMN) dominated pre-2010 volumes but is immaterial and inseparable"
2850201229,TROUT RAINBOW DRESSED & BONED,LB,1,2850201223,TROUT DRESSED,TROUT,TROUT,OTHR,OTHR,"Kept OTHR (decision 2026-10-01; rationale corrected 2026-10-05): steelhead/rainbow products are predominantly out-of-region farmed raw material (Idaho land-based steelhead; no WC aquaculture at scale). Non-tribal wild sale prohibited since 1975; the small treaty-tribal wild component (only lawful wild source, PacFIN STLH=SAMN) dominated pre-2010 volumes but is immaterial and inseparable"
2850101229,TROUT RAINBOW DRESSED & BONED,LB,1,2850201223,TROUT DRESSED,TROUT,TROUT,OTHR,OTHR,"Kept OTHR (decision 2026-10-01; rationale corrected 2026-10-05): steelhead/rainbow products are predominantly out-of-region farmed raw material (Idaho land-based steelhead; no WC aquaculture at scale). Non-tribal wild sale prohibited since 1975; the small treaty-tribal wild component (only lawful wild source, PacFIN STLH=SAMN) dominated pre-2010 volumes but is immaterial and inseparable"
2850101228,TROUT RAINBOW DRESSED & SKND,LB,1,2850201223,TROUT DRESSED,TROUT,TROUT,OTHR,OTHR,"Kept OTHR (decision 2026-10-01; rationale corrected 2026-10-05): steelhead/rainbow products are predominantly out-of-region farmed raw material (Idaho land-based steelhead; no WC aquaculture at scale). Non-tribal wild sale prohibited since 1975; the small treaty-tribal wild component (only lawful wild source, PacFIN STLH=SAMN) dominated pre-2010 volumes but is immaterial and inseparable"
2850201228,TROUT RAINBOW DRESSED & SKND,LB,1,2850201223,TROUT DRESSED,TROUT,TROUT,OTHR,OTHR,"Kept OTHR (decision 2026-10-01; rationale corrected 2026-10-05): steelhead/rainbow products are predominantly out-of-region farmed raw material (Idaho land-based steelhead; no WC aquaculture at scale). Non-tribal wild sale prohibited since 1975; the small treaty-tribal wild component (only lawful wild source, PacFIN STLH=SAMN) dominated pre-2010 volumes but is immaterial and inseparable"
2850101160,TROUT RAINBOW FILLET,LB,1,2850201160,TROUT FILLET,TROUT,TROUT,OTHR,OTHR,"Kept OTHR (decision 2026-10-01; rationale corrected 2026-10-05): steelhead/rainbow products are predominantly out-of-region farmed raw material (Idaho land-based steelhead; no WC aquaculture at scale). Non-tribal wild sale prohibited since 1975; the small treaty-tribal wild component (only lawful wild source, PacFIN STLH=SAMN) dominated pre-2010 volumes but is immaterial and inseparable"
2850201160,TROUT RAINBOW FILLET,LB,1,2850201160,TROUT FILLET,TROUT,TROUT,OTHR,OTHR,"Kept OTHR (decision 2026-10-01; rationale corrected 2026-10-05): steelhead/rainbow products are predominantly out-of-region farmed raw material (Idaho land-based steelhead; no WC aquaculture at scale). Non-tribal wild sale prohibited since 1975; the small treaty-tribal wild component (only lawful wild source, PacFIN STLH=SAMN) dominated pre-2010 volumes but is immaterial and inseparable"
2850201210,TROUT RAINBOW MINCED,LB,1,2850201210,TROUT MINCED,TROUT,TROUT,OTHR,OTHR,"Kept OTHR (decision 2026-10-01; rationale corrected 2026-10-05): steelhead/rainbow products are predominantly out-of-region farmed raw material (Idaho land-based steelhead; no WC aquaculture at scale). Non-tribal wild sale prohibited since 1975; the small treaty-tribal wild component (only lawful wild source, PacFIN STLH=SAMN) dominated pre-2010 volumes but is immaterial and inseparable"
2850430220,TROUT RAINBOW SMOKED,LB,1,2850430220,TROUT SMOKED,TROUT,TROUT,OTHR,OTHR,"Kept OTHR (decision 2026-10-01; rationale corrected 2026-10-05): steelhead/rainbow products are predominantly out-of-region farmed raw material (Idaho land-based steelhead; no WC aquaculture at scale). Non-tribal wild sale prohibited since 1975; the small treaty-tribal wild component (only lawful wild source, PacFIN STLH=SAMN) dominated pre-2010 volumes but is immaterial and inseparable"
2850330220,TROUT RAINBOW SMOKED,CS,NA,5260300500,OTHER FISH SPECIALTIES (CAN),TROUT,TROUT,OTHR,OTHR,"Kept OTHR (decision 2026-10-01; rationale corrected 2026-10-05): steelhead/rainbow products are predominantly out-of-region farmed raw material (Idaho land-based steelhead; no WC aquaculture at scale). Non-tribal wild sale prohibited since 1975; the small treaty-tribal wild component (only lawful wild source, PacFIN STLH=SAMN) dominated pre-2010 volumes but is immaterial and inseparable"
4150300220,TROUT STEELHEAD,CS,NA,5260300500,OTHER FISH SPECIALTIES (CAN),TROUT,TROUT,OTHR,OTHR,"Kept OTHR (decision 2026-10-01; rationale corrected 2026-10-05): steelhead/rainbow products are predominantly out-of-region farmed raw material (Idaho land-based steelhead; no WC aquaculture at scale). Non-tribal wild sale prohibited since 1975; the small treaty-tribal wild component (only lawful wild source, PacFIN STLH=SAMN) dominated pre-2010 volumes but is immaterial and inseparable"
4150000000,TROUT STEELHEAD,XX,NA,NA,NA,TROUT,TROUT,OTHR,OTHR,"Kept OTHR (decision 2026-10-01; rationale corrected 2026-10-05): steelhead/rainbow products are predominantly out-of-region farmed raw material (Idaho land-based steelhead; no WC aquaculture at scale). Non-tribal wild sale prohibited since 1975; the small treaty-tribal wild component (only lawful wild source, PacFIN STLH=SAMN) dominated pre-2010 volumes but is immaterial and inseparable"
4150201223,TROUT STEELHEAD DRESSED,LB,1,2850201223,TROUT DRESSED,TROUT,TROUT,OTHR,OTHR,"Kept OTHR (decision 2026-10-01; rationale corrected 2026-10-05): steelhead/rainbow products are predominantly out-of-region farmed raw material (Idaho land-based steelhead; no WC aquaculture at scale). Non-tribal wild sale prohibited since 1975; the small treaty-tribal wild component (only lawful wild source, PacFIN STLH=SAMN) dominated pre-2010 volumes but is immaterial and inseparable"
4150101223,TROUT STEELHEAD DRESSED,LB,1,2850201223,TROUT DRESSED,TROUT,TROUT,OTHR,OTHR,"Kept OTHR (decision 2026-10-01; rationale corrected 2026-10-05): steelhead/rainbow products are predominantly out-of-region farmed raw material (Idaho land-based steelhead; no WC aquaculture at scale). Non-tribal wild sale prohibited since 1975; the small treaty-tribal wild component (only lawful wild source, PacFIN STLH=SAMN) dominated pre-2010 volumes but is immaterial and inseparable"
4150101160,TROUT STEELHEAD FILLET,LB,1,2850201160,TROUT FILLET,TROUT,TROUT,OTHR,OTHR,"Kept OTHR (decision 2026-10-01; rationale corrected 2026-10-05): steelhead/rainbow products are predominantly out-of-region farmed raw material (Idaho land-based steelhead; no WC aquaculture at scale). Non-tribal wild sale prohibited since 1975; the small treaty-tribal wild component (only lawful wild source, PacFIN STLH=SAMN) dominated pre-2010 volumes but is immaterial and inseparable"
4150101219,TROUT STEELHEAD HEAD ON,LB,1,2850201223,TROUT DRESSED,TROUT,TROUT,OTHR,OTHR,"Kept OTHR (decision 2026-10-01; rationale corrected 2026-10-05): steelhead/rainbow products are predominantly out-of-region farmed raw material (Idaho land-based steelhead; no WC aquaculture at scale). Non-tribal wild sale prohibited since 1975; the small treaty-tribal wild component (only lawful wild source, PacFIN STLH=SAMN) dominated pre-2010 volumes but is immaterial and inseparable"
4150201219,TROUT STEELHEAD HEAD ON,LB,1,2850201223,TROUT DRESSED,TROUT,TROUT,OTHR,OTHR,"Kept OTHR (decision 2026-10-01; rationale corrected 2026-10-05): steelhead/rainbow products are predominantly out-of-region farmed raw material (Idaho land-based steelhead; no WC aquaculture at scale). Non-tribal wild sale prohibited since 1975; the small treaty-tribal wild component (only lawful wild source, PacFIN STLH=SAMN) dominated pre-2010 volumes but is immaterial and inseparable"
4150430220,TROUT STEELHEAD SMOKED,LB,1,2850430220,TROUT SMOKED,TROUT,TROUT,OTHR,OTHR,"Kept OTHR (decision 2026-10-01; rationale corrected 2026-10-05): steelhead/rainbow products are predominantly out-of-region farmed raw material (Idaho land-based steelhead; no WC aquaculture at scale). Non-tribal wild sale prohibited since 1975; the small treaty-tribal wild component (only lawful wild source, PacFIN STLH=SAMN) dominated pre-2010 volumes but is immaterial and inseparable"
4150330220,TROUT STEELHEAD SMOKED,CS,NA,5260300500,OTHER FISH SPECIALTIES (CAN),TROUT,TROUT,OTHR,OTHR,"Kept OTHR (decision 2026-10-01; rationale corrected 2026-10-05): steelhead/rainbow products are predominantly out-of-region farmed raw material (Idaho land-based steelhead; no WC aquaculture at scale). Non-tribal wild sale prohibited since 1975; the small treaty-tribal wild component (only lawful wild source, PacFIN STLH=SAMN) dominated pre-2010 volumes but is immaterial and inseparable"
4150201222,TROUT STEELHEAD WHOLE,LB,1,2850201222,TROUT WHOLE,TROUT,TROUT,OTHR,OTHR,"Kept OTHR (decision 2026-10-01; rationale corrected 2026-10-05): steelhead/rainbow products are predominantly out-of-region farmed raw material (Idaho land-based steelhead; no WC aquaculture at scale). Non-tribal wild sale prohibited since 1975; the small treaty-tribal wild component (only lawful wild source, PacFIN STLH=SAMN) dominated pre-2010 volumes but is immaterial and inseparable"
4150101222,TROUT STEELHEAD WHOLE,LB,1,2850201222,TROUT WHOLE,TROUT,TROUT,OTHR,OTHR,"Kept OTHR (decision 2026-10-01; rationale corrected 2026-10-05): steelhead/rainbow products are predominantly out-of-region farmed raw material (Idaho land-based steelhead; no WC aquaculture at scale). Non-tribal wild sale prohibited since 1975; the small treaty-tribal wild component (only lawful wild source, PacFIN STLH=SAMN) dominated pre-2010 volumes but is immaterial and inseparable"
4656600000,TUNA,XX,NA,NA,NA,TUNA,TUNA,TUNA,HMSP,All tunas
4651600000,TUNA ALBACORE,XX,NA,NA,NA,TUNA,TUNA,TUNA,HMSP,All tunas
4656375284,TUNA ALBACORE CHUNK DIETETIC,CS,NA,4656375284,TUNA ALBACORE CHUNK (CAN),TUNA,TUNA,TUNA,HMSP,All tunas
4656375282,TUNA ALBACORE CHUNK IN BRINE,CS,NA,4656375284,TUNA ALBACORE CHUNK (CAN),TUNA,TUNA,TUNA,HMSP,All tunas
4656375283,TUNA ALBACORE CHUNK IN BROTH,CS,NA,4656375284,TUNA ALBACORE CHUNK (CAN),TUNA,TUNA,TUNA,HMSP,All tunas
4656375280,TUNA ALBACORE CHUNK IN OIL,CS,NA,4656375284,TUNA ALBACORE CHUNK (CAN),TUNA,TUNA,TUNA,HMSP,All tunas
4656375281,TUNA ALBACORE CHUNK IN WATER,CS,NA,4656375284,TUNA ALBACORE CHUNK (CAN),TUNA,TUNA,TUNA,HMSP,All tunas
4651102039,TUNA ALBACORE COOKED PORTIONS,LB,1,4656201039,TUNA PORTIONS,TUNA,TUNA,TUNA,HMSP,All tunas
4651101223,TUNA ALBACORE DRESSED,LB,1,4656201223,TUNA DRESSED,TUNA,TUNA,TUNA,HMSP,All tunas
4651201223,TUNA ALBACORE DRESSED,LB,1,4656201223,TUNA DRESSED,TUNA,TUNA,TUNA,HMSP,All tunas
4651101160,TUNA ALBACORE FILLET,LB,1,4656201160,TUNA FILLET,TUNA,TUNA,TUNA,HMSP,All tunas
4651201160,TUNA ALBACORE FILLET,LB,1,4656201160,TUNA FILLET,TUNA,TUNA,TUNA,HMSP,All tunas
4656375292,TUNA ALBACORE FLAKE IN BRINE,CS,NA,4656375284,TUNA ALBACORE CHUNK (CAN),TUNA,TUNA,TUNA,HMSP,All tunas
4656375293,TUNA ALBACORE FLAKE IN BROTH,CS,NA,4656375284,TUNA ALBACORE CHUNK (CAN),TUNA,TUNA,TUNA,HMSP,All tunas
4656375290,TUNA ALBACORE FLAKE IN OIL,CS,NA,4656375284,TUNA ALBACORE CHUNK (CAN),TUNA,TUNA,TUNA,HMSP,All tunas
4656375291,TUNA ALBACORE FLAKE IN WATER,CS,NA,4656375284,TUNA ALBACORE CHUNK (CAN),TUNA,TUNA,TUNA,HMSP,All tunas
4656375500,TUNA ALBACORE IN SAUCE,CS,NA,4656330220,TUNA SPECIALTIES (CAN),TUNA,TUNA,TUNA,HMSP,All tunas
4651430220,TUNA ALBACORE SMOKED,LB,1,4656430220,TUNA SMOKED,TUNA,TUNA,TUNA,HMSP,All tunas
4656375220,TUNA ALBACORE SOLID,CS,NA,4656375274,TUNA ALBACORE SOLID (CAN),TUNA,TUNA,TUNA,HMSP,All tunas
4656375274,TUNA ALBACORE SOLID DIETETIC,CS,NA,4656375274,TUNA ALBACORE SOLID (CAN),TUNA,TUNA,TUNA,HMSP,All tunas
4656375272,TUNA ALBACORE SOLID IN BRINE,CS,NA,4656375274,TUNA ALBACORE SOLID (CAN),TUNA,TUNA,TUNA,HMSP,All tunas
4656375273,TUNA ALBACORE SOLID IN BROTH,CS,NA,4656375274,TUNA ALBACORE SOLID (CAN),TUNA,TUNA,TUNA,HMSP,All tunas
4656375270,TUNA ALBACORE SOLID IN OIL,CS,NA,4656375274,TUNA ALBACORE SOLID (CAN),TUNA,TUNA,TUNA,HMSP,All tunas
4656375271,TUNA ALBACORE SOLID IN WATER,CS,NA,4656375274,TUNA ALBACORE SOLID (CAN),TUNA,TUNA,TUNA,HMSP,All tunas
4651101048,TUNA ALBACORE STEAKS,LB,1,4656201048,TUNA STEAKS,TUNA,TUNA,TUNA,HMSP,All tunas
4651201048,TUNA ALBACORE STEAKS,LB,1,4656201048,TUNA STEAKS,TUNA,TUNA,TUNA,HMSP,All tunas
4651201222,TUNA ALBACORE WHOLE,LB,1,4656201222,TUNA WHOLE,TUNA,TUNA,TUNA,HMSP,All tunas
4657600000,TUNA BIGEYE,XX,NA,NA,NA,TUNA,TUNA,TUNA,HMSP,All tunas
4657101223,TUNA BIGEYE DRESSED,LB,1,4656201223,TUNA DRESSED,TUNA,TUNA,TUNA,HMSP,All tunas
4657101160,TUNA BIGEYE FILLET,LB,1,4656201160,TUNA FILLET,TUNA,TUNA,TUNA,HMSP,All tunas
4658600000,TUNA BLACKFIN,XX,NA,NA,NA,TUNA,TUNA,TUNA,HMSP,All tunas
4658430220,TUNA BLACKFIN SMOKED,LB,1,4656430220,TUNA SMOKED,TUNA,TUNA,TUNA,HMSP,All tunas
4652600000,TUNA BLUEFIN,XX,NA,NA,NA,TUNA,TUNA,TUNA,HMSP,All tunas
4652101223,TUNA BLUEFIN DRESSED,LB,1,4656201223,TUNA DRESSED,TUNA,TUNA,TUNA,HMSP,All tunas
4652101160,TUNA BLUEFIN FILLET,LB,1,4656201160,TUNA FILLET,TUNA,TUNA,TUNA,HMSP,All tunas
4656376284,TUNA LIGHTMEAT CHUNK DIETETIC,CS,NA,4656376284,TUNA LIGHTMEAT CHUNK (CAN),TUNA,TUNA,TUNA,HMSP,All tunas
4656376282,TUNA LIGHTMEAT CHUNK IN BRINE,CS,NA,4656376284,TUNA LIGHTMEAT CHUNK (CAN),TUNA,TUNA,TUNA,HMSP,All tunas
4656376283,TUNA LIGHTMEAT CHUNK IN BROTH,CS,NA,4656376284,TUNA LIGHTMEAT CHUNK (CAN),TUNA,TUNA,TUNA,HMSP,All tunas
4656376280,TUNA LIGHTMEAT CHUNK IN OIL,CS,NA,4656376284,TUNA LIGHTMEAT CHUNK (CAN),TUNA,TUNA,TUNA,HMSP,All tunas
4656376281,TUNA LIGHTMEAT CHUNK IN WATER,CS,NA,4656376284,TUNA LIGHTMEAT CHUNK (CAN),TUNA,TUNA,TUNA,HMSP,All tunas
4656376292,TUNA LIGHTMEAT FLAKE IN BRINE,CS,NA,4656376284,TUNA LIGHTMEAT CHUNK (CAN),TUNA,TUNA,TUNA,HMSP,All tunas
4656376293,TUNA LIGHTMEAT FLAKE IN BROTH,CS,NA,4656376284,TUNA LIGHTMEAT CHUNK (CAN),TUNA,TUNA,TUNA,HMSP,All tunas
4656376290,TUNA LIGHTMEAT FLAKE IN OIL,CS,NA,4656376284,TUNA LIGHTMEAT CHUNK (CAN),TUNA,TUNA,TUNA,HMSP,All tunas
4656376291,TUNA LIGHTMEAT FLAKE IN WATER,CS,NA,4656376284,TUNA LIGHTMEAT CHUNK (CAN),TUNA,TUNA,TUNA,HMSP,All tunas
4656376220,TUNA LIGHTMEAT SOLID,CS,NA,4656376274,TUNA LIGHTMEAT SOLID (CAN),TUNA,TUNA,TUNA,HMSP,All tunas
4656376274,TUNA LIGHTMEAT SOLID DIETETIC,CS,NA,4656376274,TUNA LIGHTMEAT SOLID (CAN),TUNA,TUNA,TUNA,HMSP,All tunas
4656376272,TUNA LIGHTMEAT SOLID IN BRINE,CS,NA,4656376274,TUNA LIGHTMEAT SOLID (CAN),TUNA,TUNA,TUNA,HMSP,All tunas
4656376273,TUNA LIGHTMEAT SOLID IN BROTH,CS,NA,4656376274,TUNA LIGHTMEAT SOLID (CAN),TUNA,TUNA,TUNA,HMSP,All tunas
4656376270,TUNA LIGHTMEAT SOLID IN OIL,CS,NA,4656376274,TUNA LIGHTMEAT SOLID (CAN),TUNA,TUNA,TUNA,HMSP,All tunas
4656376271,TUNA LIGHTMEAT SOLID IN WATER,CS,NA,4656376274,TUNA LIGHTMEAT SOLID (CAN),TUNA,TUNA,TUNA,HMSP,All tunas
4653600000,TUNA LITTLE,XX,NA,NA,NA,TUNA,TUNA,TUNA,HMSP,All tunas
4654600000,TUNA SKIPJACK,XX,NA,NA,NA,TUNA,TUNA,TUNA,HMSP,All tunas
4654101223,TUNA SKIPJACK DRESSED,LB,1,4656201223,TUNA DRESSED,TUNA,TUNA,TUNA,HMSP,All tunas
4654440220,TUNA SKIPJACK DRIED,LB,1,4656440220,TUNA DRIED,TUNA,TUNA,TUNA,HMSP,All tunas
4654101160,TUNA SKIPJACK FILLET,LB,1,4656201160,TUNA FILLET,TUNA,TUNA,TUNA,HMSP,All tunas
4654201160,TUNA SKIPJACK FILLET,LB,1,4656201160,TUNA FILLET,TUNA,TUNA,TUNA,HMSP,All tunas
4654101048,TUNA SKIPJACK STEAKS,LB,1,4656201048,TUNA STEAKS,TUNA,TUNA,TUNA,HMSP,All tunas
4656500401,TUNA UNCL BODY OIL,GL,7.75,5260500401,UNCLASSIFIED BODY OIL,TUNA,TUNA,TUNA,HMSP,All tunas
4656202500,TUNA UNCL COOKED IN SAUCE,LB,1,4656202500,TUNA COOKED IN SAUCE,TUNA,TUNA,TUNA,HMSP,All tunas
4656102007,TUNA UNCL COOKED NUGGETS,LB,1,4656202007,TUNA COOKED NUGGETS,TUNA,TUNA,TUNA,HMSP,All tunas
4656300017,TUNA UNCL DIPS & SPREADS,CS,NA,4656330220,TUNA SPECIALTIES (CAN),TUNA,TUNA,TUNA,HMSP,All tunas
4656101223,TUNA UNCL DRESSED,LB,1,4656201223,TUNA DRESSED,TUNA,TUNA,TUNA,HMSP,All tunas
4656201223,TUNA UNCL DRESSED,LB,1,4656201223,TUNA DRESSED,TUNA,TUNA,TUNA,HMSP,All tunas
4656440220,TUNA UNCL DRIED,LB,1,4656440220,TUNA DRIED,TUNA,TUNA,TUNA,HMSP,All tunas
4656101160,TUNA UNCL FILLET,LB,1,4656201160,TUNA FILLET,TUNA,TUNA,TUNA,HMSP,All tunas
4656201160,TUNA UNCL FILLET,LB,1,4656201160,TUNA FILLET,TUNA,TUNA,TUNA,HMSP,All tunas
4656300613,TUNA UNCL FOR PET FOOD,CS,NA,5260300613,PET FOOD (CAN),TUNA,TUNA,TUNA,HMSP,All tunas
4656300500,TUNA UNCL IN SAUCE,CS,NA,4656330220,TUNA SPECIALTIES (CAN),TUNA,TUNA,TUNA,HMSP,All tunas
4656101500,TUNA UNCL IN SAUCE,LB,1,4656201500,TUNA IN SAUCE,TUNA,TUNA,TUNA,HMSP,All tunas
4656500402,TUNA UNCL LIVER OIL,GL,7.75,5260500402,UNCLASSIFIED LIVER OIL,TUNA,TUNA,TUNA,HMSP,All tunas
4656500301,TUNA UNCL MEAL,TN,2000,4656500301,TUNA & MACKEREL MEAL,TUNA,TUNA,TUNA,HMSP,All tunas
4656101007,TUNA UNCL NUGGETS,LB,1,4656201007,TUNA NUGGETS,TUNA,TUNA,TUNA,HMSP,All tunas
4656420220,TUNA UNCL SALTED,LB,1,4656420220,TUNA SALTED,TUNA,TUNA,TUNA,HMSP,All tunas
4656430220,TUNA UNCL SMOKED,LB,1,4656430220,TUNA SMOKED,TUNA,TUNA,TUNA,HMSP,All tunas
4656330220,TUNA UNCL SMOKED,CS,NA,4656330220,TUNA SPECIALTIES (CAN),TUNA,TUNA,TUNA,HMSP,All tunas
4656500046,TUNA UNCL SOLUBLES,GL,10,5260500046,UNCL SOLUBLES,TUNA,TUNA,TUNA,HMSP,All tunas
4656201048,TUNA UNCL STEAKS,LB,1,4656201048,TUNA STEAKS,TUNA,TUNA,TUNA,HMSP,All tunas
4656101048,TUNA UNCL STEAKS,LB,1,4656201048,TUNA STEAKS,TUNA,TUNA,TUNA,HMSP,All tunas
4656101222,TUNA UNCL WHOLE,LB,1,4656201222,TUNA WHOLE,TUNA,TUNA,TUNA,HMSP,All tunas
4655600000,TUNA YELLOWFIN,XX,NA,NA,NA,TUNA,TUNA,TUNA,HMSP,All tunas
4655201161,TUNA YELLOWFIN BLOCKS,LB,1,4656201160,TUNA FILLET,TUNA,TUNA,TUNA,HMSP,All tunas
4655212007,TUNA YELLOWFIN BRD CKD NUGGETS,LB,1,4656211007,TUNA BREADED NUGGETS,TUNA,TUNA,TUNA,HMSP,All tunas
4655101223,TUNA YELLOWFIN DRESSED,LB,1,4656201223,TUNA DRESSED,TUNA,TUNA,TUNA,HMSP,All tunas
4655440220,TUNA YELLOWFIN DRIED,LB,1,4656440220,TUNA DRIED,TUNA,TUNA,TUNA,HMSP,All tunas
4655101160,TUNA YELLOWFIN FILLET,LB,1,4656201160,TUNA FILLET,TUNA,TUNA,TUNA,HMSP,All tunas
4655201160,TUNA YELLOWFIN FILLET,LB,1,4656201160,TUNA FILLET,TUNA,TUNA,TUNA,HMSP,All tunas
4655201164,TUNA YELLOWFIN LOINS,LB,1,4656201160,TUNA FILLET,TUNA,TUNA,TUNA,HMSP,All tunas
4655101007,TUNA YELLOWFIN NUGGETS,LB,1,4656201007,TUNA NUGGETS,TUNA,TUNA,TUNA,HMSP,All tunas
4655201039,TUNA YELLOWFIN PORTIONS,LB,1,4656201039,TUNA PORTIONS,TUNA,TUNA,TUNA,HMSP,All tunas
4655430220,TUNA YELLOWFIN SMOKED,LB,1,4656430220,TUNA SMOKED,TUNA,TUNA,TUNA,HMSP,All tunas
4655201048,TUNA YELLOWFIN STEAKS,LB,1,4656201048,TUNA STEAKS,TUNA,TUNA,TUNA,HMSP,All tunas
4655101048,TUNA YELLOWFIN STEAKS,LB,1,4656201048,TUNA STEAKS,TUNA,TUNA,TUNA,HMSP,All tunas
4681600000,TURBOT,XX,NA,NA,NA,TURBOT,TURBOT,ARTH,GRND,Arrowtooth flounder/turbot
4681211160,TURBOT BREADED FILLET,LB,1,1235211160,FLOUNDERS BREADED FILLET,TURBOT,TURBOT,ARTH,GRND,Arrowtooth flounder/turbot
4681201223,TURBOT DRESSED,LB,1,1235201223,FLOUNDERS DRESSED,TURBOT,TURBOT,ARTH,GRND,Arrowtooth flounder/turbot
4681101223,TURBOT DRESSED,LB,1,1235201223,FLOUNDERS DRESSED,TURBOT,TURBOT,ARTH,GRND,Arrowtooth flounder/turbot
4681101160,TURBOT FILLET,LB,1,1235201160,FLOUNDERS FILLET,TURBOT,TURBOT,ARTH,GRND,Arrowtooth flounder/turbot
4681201160,TURBOT FILLET,LB,1,1235201160,FLOUNDERS FILLET,TURBOT,TURBOT,ARTH,GRND,Arrowtooth flounder/turbot
4681201500,TURBOT IN SAUCE,LB,1,1235201500,FLOUNDERS IN SAUCES,TURBOT,TURBOT,ARTH,GRND,Arrowtooth flounder/turbot
4681430220,TURBOT SMOKED,LB,1,1235430220,FLOUNDERS SMOKED,TURBOT,TURBOT,ARTH,GRND,Arrowtooth flounder/turbot
4681201222,TURBOT WHOLE,LB,1,1235201222,FLOUNDERS WHOLE,TURBOT,TURBOT,ARTH,GRND,Arrowtooth flounder/turbot
8120300110,TURTLES CHOWDERS,CS,NA,8120300230,TURTLES SOUPS & CHOWDERS (CAN),TURTLES,TURTLES,OTHR,OTHR,Non-fish
8120101223,TURTLES DRESSED,LB,1,8120201223,TURTLES DRESSED,TURTLES,TURTLES,OTHR,OTHR,Non-fish
8120300230,TURTLES SOUPS,CS,NA,8120300230,TURTLES SOUPS & CHOWDERS (CAN),TURTLES,TURTLES,OTHR,OTHR,Non-fish
8120101048,TURTLES STEAKS,LB,1,8120201048,TURTLES STEAKS,TURTLES,TURTLES,OTHR,OTHR,Non-fish
8120600000,TURTLES UNCL,XX,NA,NA,NA,TURTLES,TURTLES,OTHR,OTHR,Non-fish
5260600000,UNCL FISH,XX,NA,NA,NA,UNCL,UNCL,OTHR,OTHR,Unclassified fish
5260300220,UNCL FISH,CS,NA,5260300500,OTHER FISH SPECIALTIES (CAN),UNCL,UNCL,OTHR,OTHR,Unclassified fish
5260101004,UNCL FISH BALLS,LB,1,5260201004,UNCL FISH BALLS,UNCL,UNCL,OTHR,OTHR,Unclassified fish
5260201004,UNCL FISH BALLS,LB,1,5260201004,UNCL FISH BALLS,UNCL,UNCL,OTHR,OTHR,Unclassified fish
5260213101,UNCL FISH BATTER DIP CAKES/PATTY,LB,1,5260213101,UNCL FISH BATTER DIP PATTIES,UNCL,UNCL,OTHR,OTHR,Unclassified fish
5260213120,UNCL FISH BATTER DIP DINNERS,LB,1,5260213120,UNCL FISH BATTER COATED DINNERS,UNCL,UNCL,OTHR,OTHR,Unclassified fish
5260213160,UNCL FISH BATTER DIP FILLET,LB,1,5260213160,UNCL FISH BATTER COATED FILLET,UNCL,UNCL,OTHR,OTHR,Unclassified fish
5260213007,UNCL FISH BATTER DIP NUGGETS,LB,1,5260213007,UNCL FISH BATTER DIP NUGGETS,UNCL,UNCL,OTHR,OTHR,Unclassified fish
5260213039,UNCL FISH BATTER DIP PORTIONS,LB,1,5260213039,UNCL FISH BATTER DIP PORTIONS,UNCL,UNCL,OTHR,OTHR,Unclassified fish
5260213049,UNCL FISH BATTER DIP STICKS,LB,1,5260213049,UNCL FISH BATTER DIP STICKS,UNCL,UNCL,OTHR,OTHR,Unclassified fish
5260201161,UNCL FISH BLOCKS,LB,1,5260201161,UNCL FISH BLOCKS,UNCL,UNCL,OTHR,OTHR,Unclassified fish
5260500401,UNCL FISH BODY OIL,GL,7.75,5260500401,UNCLASSIFIED BODY OIL,UNCL,UNCL,OTHR,OTHR,Unclassified fish
5260201014,UNCL FISH BONES,LB,1,5260201014,UNCL FISH BONES,UNCL,UNCL,OTHR,OTHR,Unclassified fish
5260211220,UNCL FISH BREADED,LB,1,5260211220,UNCL FISH BREADED,UNCL,UNCL,OTHR,OTHR,Unclassified fish
5260211004,UNCL FISH BREADED BALLS,LB,1,5260211004,UNCL FISH BREADED BALLS,UNCL,UNCL,OTHR,OTHR,Unclassified fish
5260211101,UNCL FISH BREADED CAKES/PATTY,LB,1,5260211101,UNCL FISH BREADED CAKES & PATTIES,UNCL,UNCL,OTHR,OTHR,Unclassified fish
5260111101,UNCL FISH BREADED CAKES/PATTY,LB,1,5260211101,UNCL FISH BREADED CAKES & PATTIES,UNCL,UNCL,OTHR,OTHR,Unclassified fish
5260212101,UNCL FISH BREADED CKD CAKES/PATTY,LB,1,5260211101,UNCL FISH BREADED CAKES & PATTIES,UNCL,UNCL,OTHR,OTHR,Unclassified fish
5260212120,UNCL FISH BREADED COOKED DINNERS,LB,1,5260211120,UNCL FISH BREADED DINNERS,UNCL,UNCL,OTHR,OTHR,Unclassified fish
5260212160,UNCL FISH BREADED COOKED FILLET,LB,1,5260211160,UNCL FISH BREADED FILLET,UNCL,UNCL,OTHR,OTHR,Unclassified fish
5260212007,UNCL FISH BREADED COOKED NUGGETS,LB,1,5260211007,UNCL FISH BREADED NUGGETS,UNCL,UNCL,OTHR,OTHR,Unclassified fish
5260212039,UNCL FISH BREADED COOKED PORTIONS,LB,1,5260211039,UNCL FISH BREADED PORTIONS,UNCL,UNCL,OTHR,OTHR,Unclassified fish
5260212049,UNCL FISH BREADED COOKED STICKS,LB,1,5260211049,UNCL FISH BREADED STICKS,UNCL,UNCL,OTHR,OTHR,Unclassified fish
5260211120,UNCL FISH BREADED DINNERS,LB,1,5260211120,UNCL FISH BREADED DINNERS,UNCL,UNCL,OTHR,OTHR,Unclassified fish
5260211160,UNCL FISH BREADED FILLET,LB,1,5260211160,UNCL FISH BREADED FILLET,UNCL,UNCL,OTHR,OTHR,Unclassified fish
5260211103,UNCL FISH BREADED FORMED FILLET,LB,1,5260211103,UNCL FISH BREADED FORMED FILLET,UNCL,UNCL,OTHR,OTHR,Unclassified fish
5260211030,UNCL FISH BREADED HORS D'OEUVRES,LB,1,5260211030,UNCL FISH BREADED HORS D'OEUVRES,UNCL,UNCL,OTHR,OTHR,Unclassified fish
5260111030,UNCL FISH BREADED HORS D'OEUVRES,LB,1,5260211030,UNCL FISH BREADED HORS D'OEUVRES,UNCL,UNCL,OTHR,OTHR,Unclassified fish
5260211082,UNCL FISH BREADED MIXES,LB,1,5260211082,UNCL FISH BREADED MIXES,UNCL,UNCL,OTHR,OTHR,Unclassified fish
5260211007,UNCL FISH BREADED NUGGETS,LB,1,5260211007,UNCL FISH BREADED NUGGETS,UNCL,UNCL,OTHR,OTHR,Unclassified fish
5260111039,UNCL FISH BREADED PORTIONS,LB,1,5260211039,UNCL FISH BREADED PORTIONS,UNCL,UNCL,OTHR,OTHR,Unclassified fish
5260211039,UNCL FISH BREADED PORTIONS,LB,1,5260211039,UNCL FISH BREADED PORTIONS,UNCL,UNCL,OTHR,OTHR,Unclassified fish
5260211048,UNCL FISH BREADED STEAKS,LB,1,5260211048,UNCL FISH BREADED STEAKS,UNCL,UNCL,OTHR,OTHR,Unclassified fish
5260211049,UNCL FISH BREADED STICKS,LB,1,5260211049,UNCL FISH BREADED STICKS,UNCL,UNCL,OTHR,OTHR,Unclassified fish
5260111049,UNCL FISH BREADED STICKS,LB,1,5260211049,UNCL FISH BREADED STICKS,UNCL,UNCL,OTHR,OTHR,Unclassified fish
5260211050,UNCL FISH BREADED STRIPS,LB,1,5260211050,UNCL FISH BREADED STRIPS,UNCL,UNCL,OTHR,OTHR,Unclassified fish
5260211051,UNCL FISH BREADED STUFFED,LB,1,5260211051,UNCL FISH BREADED STUFFED,UNCL,UNCL,OTHR,OTHR,Unclassified fish
5260201101,UNCL FISH CAKES/PATTY,LB,1,5260201101,UNCL FISH CAKES & PATTIES,UNCL,UNCL,OTHR,OTHR,Unclassified fish
5260420010,UNCL FISH CAVIAR,LB,1,5260420010,UNCL FISH CAVIAR,UNCL,UNCL,OTHR,OTHR,Unclassified fish
5260430010,UNCL FISH CAVIAR SMOKED,LB,1,5260420010,UNCL FISH CAVIAR,UNCL,UNCL,OTHR,OTHR,Unclassified fish
5260300110,UNCL FISH CHOWDERS,CS,NA,5260300500,OTHER FISH SPECIALTIES (CAN),UNCL,UNCL,OTHR,OTHR,Unclassified fish
5260202110,UNCL FISH COOKED CHOWDERS,LB,1,5260202110,UNCL FISH COOKED CHOWDERS,UNCL,UNCL,OTHR,OTHR,Unclassified fish
5260202120,UNCL FISH COOKED DINNERS,LB,1,5260202120,UNCL FISH COOKED DINNERS,UNCL,UNCL,OTHR,OTHR,Unclassified fish
5260202027,UNCL FISH COOKED GUMBOS,LB,1,5260202027,UNCL FISH COOKED GUMBOS,UNCL,UNCL,OTHR,OTHR,Unclassified fish
5260202225,UNCL FISH COOKED HEADED & DRESSED,LB,1,5260202225,UNCL FISH COOKED HEADED & DRESSED,UNCL,UNCL,OTHR,OTHR,Unclassified fish
5260102030,UNCL FISH COOKED HORS D'OEUVRES,LB,1,5260202030,UNCL FISH COOKED HORS D'OEUVRES,UNCL,UNCL,OTHR,OTHR,Unclassified fish
5260202500,UNCL FISH COOKED IN SAUCE,LB,1,5260201500,UNCL FISH IN SAUCE,UNCL,UNCL,OTHR,OTHR,Unclassified fish
5260202007,UNCL FISH COOKED NUGGETS,LB,1,5260201007,UNCL FISH NUGGETS,UNCL,UNCL,OTHR,OTHR,Unclassified fish
5260202051,UNCL FISH COOKED STUFFED,LB,1,5260202051,UNCL FISH COOKED STUFFED,UNCL,UNCL,OTHR,OTHR,Unclassified fish
5260300017,UNCL FISH DIPS AND SPREADS,CS,NA,5260300500,OTHER FISH SPECIALTIES (CAN),UNCL,UNCL,OTHR,OTHR,Unclassified fish
5260201017,UNCL FISH DIPS AND SPREADS,LB,1,5260201017,UNCL FISH DIPS AND SPREADS,UNCL,UNCL,OTHR,OTHR,Unclassified fish
5260201223,UNCL FISH DRESSED,LB,1,5260201223,UNCL FISH DRESSED,UNCL,UNCL,OTHR,OTHR,Unclassified fish
5260101223,UNCL FISH DRESSED,LB,1,5260201223,UNCL FISH DRESSED,UNCL,UNCL,OTHR,OTHR,Unclassified fish
5260440220,UNCL FISH DRIED,LB,1,5260440220,UNCL FISH DRIED,UNCL,UNCL,OTHR,OTHR,Unclassified fish
5260500141,UNCL FISH FERTILIZER DRY,LB,1,5260500141,UNCL DRY FERTILIZER,UNCL,UNCL,OTHR,OTHR,Unclassified fish
5260500142,UNCL FISH FERTILIZER LIQUID,GL,7.75,5260500142,UNCL LIQUID FERTILIZER,UNCL,UNCL,OTHR,OTHR,Unclassified fish
5260201160,UNCL FISH FILLET,LB,1,5260201160,UNCL FISH FILLET,UNCL,UNCL,OTHR,OTHR,Unclassified fish
5260101160,UNCL FISH FILLET,LB,1,5260201160,UNCL FISH FILLET,UNCL,UNCL,OTHR,OTHR,Unclassified fish
5260201635,UNCL FISH FOR ANIMAL FEEDS,LB,1,5260500635,ANIMAL FEEDS,UNCL,UNCL,OTHR,OTHR,Unclassified fish
5260500635,UNCL FISH FOR ANIMAL FEEDS,LB,1,5260500635,ANIMAL FEEDS,UNCL,UNCL,OTHR,OTHR,Unclassified fish
5260201090,UNCL FISH FOR BAIT,LB,1,5260201090,UNCL BAIT,UNCL,UNCL,OTHR,OTHR,Unclassified fish
5260101090,UNCL FISH FOR BAIT,LB,1,5260201090,UNCL BAIT,UNCL,UNCL,OTHR,OTHR,Unclassified fish
5260300613,UNCL FISH FOR PET FOOD,CS,NA,5260300613,PET FOOD (CAN),UNCL,UNCL,OTHR,OTHR,Unclassified fish
5260201024,UNCL FISH GEFILTEFISH,LB,1,5260201024,GEFILTEFISH,UNCL,UNCL,OTHR,OTHR,Unclassified fish
5260300024,UNCL FISH GEFILTEFISH,CS,NA,5260300500,OTHER FISH SPECIALTIES (CAN),UNCL,UNCL,OTHR,OTHR,Unclassified fish
5260300030,UNCL FISH HORS D'OEUVRES,CS,NA,5260300500,OTHER FISH SPECIALTIES (CAN),UNCL,UNCL,OTHR,OTHR,Unclassified fish
5260201500,UNCL FISH IN SAUCE,LB,1,5260201500,UNCL FISH IN SAUCE,UNCL,UNCL,OTHR,OTHR,Unclassified fish
5260300500,UNCL FISH IN SAUCE,CS,NA,5260300500,OTHER FISH SPECIALTIES (CAN),UNCL,UNCL,OTHR,OTHR,Unclassified fish
5260431220,UNCL FISH KIPPERED,LB,1,5260430220,UNCL FISH SMOKED,UNCL,UNCL,OTHR,OTHR,Unclassified fish
5260500402,UNCL FISH LIVER OIL,GL,7.75,5260500402,UNCLASSIFIED LIVER OIL,UNCL,UNCL,OTHR,OTHR,Unclassified fish
5260500301,UNCL FISH MEAL,TN,2000,5260500301,UNCL FISH MEAL,UNCL,UNCL,OTHR,OTHR,Unclassified fish
5260201210,UNCL FISH MINCED,LB,1,5260201210,UNCL FISH MINCED,UNCL,UNCL,OTHR,OTHR,Unclassified fish
5260201007,UNCL FISH NUGGETS,LB,1,5260201007,UNCL FISH NUGGETS,UNCL,UNCL,OTHR,OTHR,Unclassified fish
5260300007,UNCL FISH NUGGETS,CS,NA,5260300500,OTHER FISH SPECIALTIES (CAN),UNCL,UNCL,OTHR,OTHR,Unclassified fish
5260421220,UNCL FISH PICKLED,LB,1,5260420220,UNCL FISH SALTED OR PICKLED,UNCL,UNCL,OTHR,OTHR,Unclassified fish
5260421090,UNCL FISH PICKLED FOR BAIT,LB,1,5260201090,UNCL BAIT,UNCL,UNCL,OTHR,OTHR,Unclassified fish
5260101039,UNCL FISH PORTIONS,LB,1,5260201039,UNCL FISH PORTIONS,UNCL,UNCL,OTHR,OTHR,Unclassified fish
5260201039,UNCL FISH PORTIONS,LB,1,5260201039,UNCL FISH PORTIONS,UNCL,UNCL,OTHR,OTHR,Unclassified fish
5260500636,UNCL FISH PROTEIN CONCENTRATE,LB,1,5260500636,UNCL FISH PROTEIN CONCENTRATE,UNCL,UNCL,OTHR,OTHR,Unclassified fish
5260300040,UNCL FISH ROE,CS,NA,5260300500,OTHER FISH SPECIALTIES (CAN),UNCL,UNCL,OTHR,OTHR,Unclassified fish
5260201040,UNCL FISH ROE,LB,1,5260201040,UNCL FISH ROE,UNCL,UNCL,OTHR,OTHR,Unclassified fish
5260101040,UNCL FISH ROE,LB,1,5260201040,UNCL FISH ROE,UNCL,UNCL,OTHR,OTHR,Unclassified fish
5260102074,UNCL FISH SALAD MIXES,LB,1,5260202074,UNCL FISH SALAD MIXES,UNCL,UNCL,OTHR,OTHR,Unclassified fish
5360202074,UNCL FISH SALAD MIXES,LB,1,5260202074,UNCL FISH SALAD MIXES,UNCL,UNCL,OTHR,OTHR,Unclassified fish
5260420220,UNCL FISH SALTED,LB,1,5260420220,UNCL FISH SALTED OR PICKLED,UNCL,UNCL,OTHR,OTHR,Unclassified fish
5260420040,UNCL FISH SALTED ROE,LB,1,5260420040,UNCL FISH SALTED ROE,UNCL,UNCL,OTHR,OTHR,Unclassified fish
5260201106,UNCL FISH SAUSAGE,LB,1,5260201106,UNCL FISH SAUSAGE,UNCL,UNCL,OTHR,OTHR,Unclassified fish
5260330220,UNCL FISH SMOKED,CS,NA,5260300500,OTHER FISH SPECIALTIES (CAN),UNCL,UNCL,OTHR,OTHR,Unclassified fish
5260430220,UNCL FISH SMOKED,LB,1,5260430220,UNCL FISH SMOKED,UNCL,UNCL,OTHR,OTHR,Unclassified fish
5260130017,UNCL FISH SMOKED DIPS AND SPREADS,LB,1,5260201017,UNCL FISH DIPS AND SPREADS,UNCL,UNCL,OTHR,OTHR,Unclassified fish
5260430017,UNCL FISH SMOKED DIPS AND SPREADS,LB,1,5260201017,UNCL FISH DIPS AND SPREADS,UNCL,UNCL,OTHR,OTHR,Unclassified fish
5260500046,UNCL FISH SOLUBLES,GL,10,5260500046,UNCL SOLUBLES,UNCL,UNCL,OTHR,OTHR,Unclassified fish
5260101048,UNCL FISH STEAKS,LB,1,5260201048,UNCL FISH STEAKS,UNCL,UNCL,OTHR,OTHR,Unclassified fish
5260201048,UNCL FISH STEAKS,LB,1,5260201048,UNCL FISH STEAKS,UNCL,UNCL,OTHR,OTHR,Unclassified fish
5260201019,UNCL FISH STOMACHS,LB,1,5260201019,UNCL FISH STOMACHS,UNCL,UNCL,OTHR,OTHR,Unclassified fish
5260201051,UNCL FISH STUFFED,LB,1,5260201051,UNCL FISH STUFFED,UNCL,UNCL,OTHR,OTHR,Unclassified fish
5260101051,UNCL FISH STUFFED,LB,1,5260201051,UNCL FISH STUFFED,UNCL,UNCL,OTHR,OTHR,Unclassified fish
5260201031,UNCL FISH SURIMI,LB,1,5260201031,UNCL FISH SURIMI,UNCL,UNCL,OTHR,OTHR,Unclassified fish
5260201096,UNCL FISH SUSHI,LB,1,5260201096,UNCL FISH SUSHI,UNCL,UNCL,OTHR,OTHR,Unclassified fish
5260201222,UNCL FISH WHOLE,LB,1,5260201222,UNCL FISH WHOLE,UNCL,UNCL,OTHR,OTHR,Unclassified fish
5260101222,UNCL FISH WHOLE,LB,1,5260201222,UNCL FISH WHOLE,UNCL,UNCL,OTHR,OTHR,Unclassified fish
9106300200,UNCL SHELLFISH,CS,NA,9106300500,OTHER SHELLFISH SPECIALTIES (CAN),UNCL,UNCL,OTHR,OTHR,Unclassified fish
9106600000,UNCL SHELLFISH,XX,NA,NA,NA,UNCL,UNCL,OTHR,OTHR,Unclassified fish
9106201004,UNCL SHELLFISH BALLS,LB,1,9106201004,UNCL SHELLFISH BALLS,UNCL,UNCL,OTHR,OTHR,Unclassified fish
9106300231,UNCL SHELLFISH BISQUES,CS,NA,9106300500,OTHER SHELLFISH SPECIALTIES (CAN),UNCL,UNCL,OTHR,OTHR,Unclassified fish
9106212120,UNCL SHELLFISH BREADED CKD DINNER,LB,1,9106211120,UNCL SHELLFISH BREADED DINNERS,UNCL,UNCL,OTHR,OTHR,Unclassified fish
9106212007,UNCL SHELLFISH BREADED CKD NUGGETS,LB,1,9106212007,UNCL SHELLFISH BREADED CKD NUGGETS,UNCL,UNCL,OTHR,OTHR,Unclassified fish
9106211120,UNCL SHELLFISH BREADED DINNERS,LB,1,9106211120,UNCL SHELLFISH BREADED DINNERS,UNCL,UNCL,OTHR,OTHR,Unclassified fish
9106211200,UNCL SHELLFISH BREADED MEAT,LB,1,9106211200,UNCL SHELLFISH BREADED MEAT,UNCL,UNCL,OTHR,OTHR,Unclassified fish
9106211051,UNCL SHELLFISH BREADED STUFFED,LB,1,9106211051,UNCL SHELLFISH BREADED STUFFED,UNCL,UNCL,OTHR,OTHR,Unclassified fish
9106500304,UNCL SHELLFISH CHITIN,LB,1,9106500303,UNCL SHELLFISH CHITOSAN,UNCL,UNCL,OTHR,OTHR,Unclassified fish
9106500303,UNCL SHELLFISH CHITOSAN,LB,1,9106500303,UNCL SHELLFISH CHITOSAN,UNCL,UNCL,OTHR,OTHR,Unclassified fish
9106300111,UNCL SHELLFISH CHOWDER BASE,CS,NA,9106300500,OTHER SHELLFISH SPECIALTIES (CAN),UNCL,UNCL,OTHR,OTHR,Unclassified fish
9106300110,UNCL SHELLFISH CHOWDERS,CS,NA,9106300500,OTHER SHELLFISH SPECIALTIES (CAN),UNCL,UNCL,OTHR,OTHR,Unclassified fish
9106202231,UNCL SHELLFISH COOKED BISQUES,LB,1,9106202231,UNCL SHELLFISH COOKED BISQUES,UNCL,UNCL,OTHR,OTHR,Unclassified fish
9106202110,UNCL SHELLFISH COOKED CHOWDERS,LB,1,9106202110,UNCL SHELLFISH COOKED CHOWDERS,UNCL,UNCL,OTHR,OTHR,Unclassified fish
9106202120,UNCL SHELLFISH COOKED DINNERS,LB,1,9106202120,UNCL SHELLFISH COOKED DINNERS,UNCL,UNCL,OTHR,OTHR,Unclassified fish
9106102027,UNCL SHELLFISH COOKED GUMBOS,LB,1,9106202027,UNCL SHELLFISH COOKED GUMBOS,UNCL,UNCL,OTHR,OTHR,Unclassified fish
9106202027,UNCL SHELLFISH COOKED GUMBOS,LB,1,9106202027,UNCL SHELLFISH COOKED GUMBOS,UNCL,UNCL,OTHR,OTHR,Unclassified fish
9106202200,UNCL SHELLFISH COOKED MEAT,LB,1,9106202200,UNCL SHELLFISH COOKED MEAT,UNCL,UNCL,OTHR,OTHR,Unclassified fish
9106202230,UNCL SHELLFISH COOKED SOUPS,LB,1,9106202230,UNCL SHELLFISH COOKED SOUPS,UNCL,UNCL,OTHR,OTHR,Unclassified fish
9106201017,UNCL SHELLFISH DIPS AND SPREADS,LB,1,9106201017,UNCL SHELLFISH DIPS AND SPREADS,UNCL,UNCL,OTHR,OTHR,Unclassified fish
9106211030,UNCL SHELLFISH HORS D'OEUVRES,LB,1,9106211030,UNCL SHELLFISH HORS D'OEUVRES,UNCL,UNCL,OTHR,OTHR,Unclassified fish
9106300500,UNCL SHELLFISH IN SAUCE,CS,NA,9106300500,OTHER SHELLFISH SPECIALTIES (CAN),UNCL,UNCL,OTHR,OTHR,Unclassified fish
9106101133,UNCL SHELLFISH IN SHELL,LB,1,9106201133,UNCL SHELLFISH IN SHELL,UNCL,UNCL,OTHR,OTHR,Unclassified fish
9106500301,UNCL SHELLFISH MEAL,TN,2000,9106500301,UNCL SHELLFISH MEAL,UNCL,UNCL,OTHR,OTHR,Unclassified fish
9106201200,UNCL SHELLFISH MEAT,LB,1,9106201200,UNCL SHELLFISH MEAT,UNCL,UNCL,OTHR,OTHR,Unclassified fish
9106421090,UNCL SHELLFISH PICKLED FOR BAIT,LB,1,9106201090,UNCL SHELLFISH BAIT,UNCL,UNCL,OTHR,OTHR,Unclassified fish
9106201106,UNCL SHELLFISH SAUSAGE,LB,1,9106201106,UNCL SHELLFISH SAUSAGE,UNCL,UNCL,OTHR,OTHR,Unclassified fish
9106500261,UNCL SHELLFISH SHELL BUTTONS,GR,0,9106500261,UNCL SHELLFISH SHELL BUTTONS,UNCL,UNCL,OTHR,OTHR,Unclassified fish
9106430017,UNCL SHELLFISH SMOKED DIP& SPREAD,LB,1,9106430017,UNCL SHELLFISH SMOKED DIP& SPREAD,UNCL,UNCL,OTHR,OTHR,Unclassified fish
9106300230,UNCL SHELLFISH SOUPS,CS,NA,9106300500,OTHER SHELLFISH SPECIALTIES (CAN),UNCL,UNCL,OTHR,OTHR,Unclassified fish
9106300240,UNCL SHELLFISH STEWS,CS,NA,9106300500,OTHER SHELLFISH SPECIALTIES (CAN),UNCL,UNCL,OTHR,OTHR,Unclassified fish
9106500000,UNCL SHELLS FOR INDUSTRIAL,LB,1,9106500000,UNCL SHELLS FOR INDUSTRIAL,UNCL,UNCL,OTHR,OTHR,Unclassified fish
9553600000,UNLOADING STATION,XX,NA,NA,NA,UNLOADING,UNLOADING,NA,NA,Facility type - exclude
4710600000,WAHOO,XX,NA,NA,NA,WAHOO,WAHOO,WHOO,OTHR,Wahoo (not HMS managed but often grouped)
4710300282,WAHOO CHUNK IN BRINE,CS,NA,5260300500,OTHER FISH SPECIALTIES (CAN),WAHOO,WAHOO,WHOO,OTHR,Wahoo (not HMS managed but often grouped)
4710300280,WAHOO CHUNK IN OIL,CS,NA,5260300500,OTHER FISH SPECIALTIES (CAN),WAHOO,WAHOO,WHOO,OTHR,Wahoo (not HMS managed but often grouped)
4710101223,WAHOO DRESSED,LB,1,4710201223,WAHOO DRESSED,WAHOO,WAHOO,WHOO,OTHR,Wahoo (not HMS managed but often grouped)
4710201160,WAHOO FILLET,LB,1,4710201160,WAHOO FILLET,WAHOO,WAHOO,WHOO,OTHR,Wahoo (not HMS managed but often grouped)
4710101160,WAHOO FILLET,LB,1,4710201160,WAHOO FILLET,WAHOO,WAHOO,WHOO,OTHR,Wahoo (not HMS managed but often grouped)
4710430220,WAHOO SMOKED,LB,1,4710430220,WAHOO SMOKED,WAHOO,WAHOO,WHOO,OTHR,Wahoo (not HMS managed but often grouped)
4710201048,WAHOO STEAKS,LB,1,4710201048,WAHOO STEAKS,WAHOO,WAHOO,WHOO,OTHR,Wahoo (not HMS managed but often grouped)
4710101048,WAHOO STEAKS,LB,1,4710201048,WAHOO STEAKS,WAHOO,WAHOO,WHOO,OTHR,Wahoo (not HMS managed but often grouped)
7751600000,WHELKS,XX,NA,NA,NA,WHELKS,WHELKS,OMSK,OTHR,Other mollusks
7751202200,WHELKS COOKED MEAT,LB,1,7751202200,WHELKS COOKED MEAT,WHELKS,WHELKS,OMSK,OTHR,Other mollusks
5000600000,WHITE BASS,XX,NA,NA,NA,WHITE,WHITE BASS,OTHR,OTHR,"White-prefixed species (white seabass, etc.)"
5000000000,WHITE BASS,XX,NA,NA,NA,WHITE,WHITE BASS,OTHR,OTHR,"White-prefixed species (white seabass, etc.)"
5000101223,WHITE BASS DRESSED,LB,1,5000201223,WHITE BASS DRESSED,WHITE,WHITE BASS,OTHR,OTHR,"White-prefixed species (white seabass, etc.)"
5000101160,WHITE BASS FILLET,LB,1,5000201160,WHITE BASS FILLET,WHITE,WHITE BASS,OTHR,OTHR,"White-prefixed species (white seabass, etc.)"
5060600000,WHITE PERCH,XX,NA,NA,NA,WHITE,WHITE PERCH,OTHR,OTHR,"White-prefixed species (white seabass, etc.)"
5060101223,WHITE PERCH DRESSED,LB,1,5060201223,WHITE PERCH DRESSED,WHITE,WHITE PERCH,OTHR,OTHR,"White-prefixed species (white seabass, etc.)"
5060101160,WHITE PERCH FILLET,LB,1,5060201160,WHITE PERCH FILLET,WHITE,WHITE PERCH,OTHR,OTHR,"White-prefixed species (white seabass, etc.)"
5031600000,WHITEFISH,XX,NA,NA,NA,WHITEFISH,WHITEFISH,OTHR,OTHR,Lake whitefish - freshwater
5031300220,WHITEFISH,CS,NA,5031300220,WHITEFISH (CAN),WHITEFISH,WHITEFISH,OTHR,OTHR,Lake whitefish - freshwater
5031211007,WHITEFISH BREADED NUGGETS,LB,1,5031211007,WHITEFISH BREADED NUGGETS,WHITEFISH,WHITEFISH,OTHR,OTHR,Lake whitefish - freshwater
5031300010,WHITEFISH CAVIAR,CS,NA,5260300010,ROE AND CAVIAR (CAN),WHITEFISH,WHITEFISH,OTHR,OTHR,Lake whitefish - freshwater
5031201223,WHITEFISH DRESSED,LB,1,5031201223,WHITEFISH DRESSED,WHITEFISH,WHITEFISH,OTHR,OTHR,Lake whitefish - freshwater
5031101223,WHITEFISH DRESSED,LB,1,5031201223,WHITEFISH DRESSED,WHITEFISH,WHITEFISH,OTHR,OTHR,Lake whitefish - freshwater
5031201160,WHITEFISH FILLET,LB,1,5031201160,WHITEFISH FILLET,WHITEFISH,WHITEFISH,OTHR,OTHR,Lake whitefish - freshwater
5031101160,WHITEFISH FILLET,LB,1,5031201160,WHITEFISH FILLET,WHITEFISH,WHITEFISH,OTHR,OTHR,Lake whitefish - freshwater
5031420220,WHITEFISH SALTED,LB,1,5031420220,WHITEFISH SALTED,WHITEFISH,WHITEFISH,OTHR,OTHR,Lake whitefish - freshwater
5031420010,WHITEFISH SALTED CAVIAR,LB,1,5031420010,WHITEFISH SALTED CAVIAR,WHITEFISH,WHITEFISH,OTHR,OTHR,Lake whitefish - freshwater
5031430220,WHITEFISH SMOKED,LB,1,5031430220,WHITEFISH SMOKED,WHITEFISH,WHITEFISH,OTHR,OTHR,Lake whitefish - freshwater
5031101222,WHITEFISH WHOLE,LB,1,5031201222,WHITEFISH WHOLE,WHITEFISH,WHITEFISH,OTHR,OTHR,Lake whitefish - freshwater
5120101223,WOLFFISH DRESSED,LB,1,5120201223,WOLFFISH DRESSED,WOLFFISH,WOLFFISH,OTHR,OTHR,Atlantic species
5120101160,WOLFFISH FILLET,LB,1,5120201160,WOLFFISH FILLET,WOLFFISH,WOLFFISH,OTHR,OTHR,Atlantic species
5120201160,WOLFFISH FILLET,LB,1,5120201160,WOLFFISH FILLET,WOLFFISH,WOLFFISH,OTHR,OTHR,Atlantic species
5131101223,WRECKFISH DRESSED,LB,1,5131201223,WRECKFISH DRESSED,WRECKFISH,WRECKFISH,OTHR,OTHR,Not Pacific species
5131101160,WRECKFISH FILLET,LB,1,5131201160,WRECKFISH FILLET,WRECKFISH,WRECKFISH,OTHR,OTHR,Not Pacific species
5170600000,YELLOW PERCH,XX,NA,NA,NA,YELLOW,YELLOW PERCH,OTHR,OTHR,Yellow-prefixed species
5170111160,YELLOW PERCH BREADED FILLET,LB,1,5170211160,YELLOW PERCH BREADED FILLET,YELLOW,YELLOW PERCH,OTHR,OTHR,Yellow-prefixed species
5170211160,YELLOW PERCH BREADED FILLET,LB,1,5170211160,YELLOW PERCH BREADED FILLET,YELLOW,YELLOW PERCH,OTHR,OTHR,Yellow-prefixed species
5170201223,YELLOW PERCH DRESSED,LB,1,5170201223,YELLOW PERCH DRESSED,YELLOW,YELLOW PERCH,OTHR,OTHR,Yellow-prefixed species
5170101223,YELLOW PERCH DRESSED,LB,1,5170201223,YELLOW PERCH DRESSED,YELLOW,YELLOW PERCH,OTHR,OTHR,Yellow-prefixed species
5170101160,YELLOW PERCH FILLET,LB,1,5170201160,YELLOW PERCH FILLET,YELLOW,YELLOW PERCH,OTHR,OTHR,Yellow-prefixed species
5170201160,YELLOW PERCH FILLET,LB,1,5170201160,YELLOW PERCH FILLET,YELLOW,YELLOW PERCH,OTHR,OTHR,Yellow-prefixed species
5170101222,YELLOW PERCH WHOLE,LB,1,5170201222,YELLOW PERCH WHOLE,YELLOW,YELLOW PERCH,OTHR,OTHR,Yellow-prefixed species
5190600000,YELLOW PIKE,XX,NA,NA,NA,YELLOW,YELLOW PIKE,OTHR,OTHR,Yellow-prefixed species
5190111160,YELLOW PIKE BREADED FILLET,LB,1,5190211160,YELLOW PIKE BREADED FILLET,YELLOW,YELLOW PIKE,OTHR,OTHR,Yellow-prefixed species
5190211160,YELLOW PIKE BREADED FILLET,LB,1,5190211160,YELLOW PIKE BREADED FILLET,YELLOW,YELLOW PIKE,OTHR,OTHR,Yellow-prefixed species
5190101223,YELLOW PIKE DRESSED,LB,1,5190201223,YELLOW PIKE DRESSED,YELLOW,YELLOW PIKE,OTHR,OTHR,Yellow-prefixed species
5190201223,YELLOW PIKE DRESSED,LB,1,5190201223,YELLOW PIKE DRESSED,YELLOW,YELLOW PIKE,OTHR,OTHR,Yellow-prefixed species
5190201160,YELLOW PIKE FILLET,LB,1,5190201160,YELLOW PIKE FILLET,YELLOW,YELLOW PIKE,OTHR,OTHR,Yellow-prefixed species
5190101160,YELLOW PIKE FILLET,LB,1,5190201160,YELLOW PIKE FILLET,YELLOW,YELLOW PIKE,OTHR,OTHR,Yellow-prefixed species
5190101222,YELLOW PIKE WHOLE,LB,1,5190201222,YELLOW PIKE WHOLE,YELLOW,YELLOW PIKE,OTHR,OTHR,Yellow-prefixed species
5230300220,YELLOWTAIL JACK,CS,NA,5260300500,OTHER FISH SPECIALTIES (CAN),YELLOWTAIL,YELLOWTAIL,YLTL,OTHR,Yellowtail - other
5230101223,YELLOWTAIL JACK DRESSED,LB,1,5230201223,YELLOWTAIL JACK DRESSED,YELLOWTAIL,YELLOWTAIL,YLTL,OTHR,Yellowtail - other
5230201223,YELLOWTAIL JACK DRESSED,LB,1,5230201223,YELLOWTAIL JACK DRESSED,YELLOWTAIL,YELLOWTAIL,YLTL,OTHR,Yellowtail - other
5230201160,YELLOWTAIL JACK FILLET,LB,1,5230201160,YELLOWTAIL JACK FILLET,YELLOWTAIL,YELLOWTAIL,YLTL,OTHR,Yellowtail - other
5230101160,YELLOWTAIL JACK FILLET,LB,1,5230201160,YELLOWTAIL JACK FILLET,YELLOWTAIL,YELLOWTAIL,YLTL,OTHR,Yellowtail - other
5230430220,YELLOWTAIL JACK SMOKED,LB,1,5230430220,YELLOWTAIL JACK SMOKED,YELLOWTAIL,YELLOWTAIL,YLTL,OTHR,Yellowtail - other
5230101222,YELLOWTAIL JACK WHOLE,LB,1,5230201222,YELLOWTAIL JACK WHOLE,YELLOWTAIL,YELLOWTAIL,YLTL,OTHR,Yellowtail - other
5230201222,YELLOWTAIL JACK WHOLE,LB,1,5230201222,YELLOWTAIL JACK WHOLE,YELLOWTAIL,YELLOWTAIL,YLTL,OTHR,Yellowtail - other
