product_code,product_description,species_word,species_full,pacfin_species_code,management_group,management_group_name,product_form,mapping_notes
60101222,ANCHOVY WHOLE,ANCHOVY,ANCHOVY,NANC,CPEL,Coastal pelagics,whole / live,Northern anchovy
60201090,ANCHOVY FOR BAIT,ANCHOVY,ANCHOVY,NANC,CPEL,Coastal pelagics,"meal, oil, bait, pet food",Northern anchovy
60201222,ANCHOVY WHOLE,ANCHOVY,ANCHOVY,NANC,CPEL,Coastal pelagics,whole / live,Northern anchovy
60300061,ANCHOVY PASTES,ANCHOVY,ANCHOVY,NANC,CPEL,Coastal pelagics,canned,Northern anchovy
60300413,ANCHOVY IN OLIVE OIL,ANCHOVY,ANCHOVY,NANC,CPEL,Coastal pelagics,canned,Northern anchovy
60300415,ANCHOVY IN SOYBEAN OIL,ANCHOVY,ANCHOVY,NANC,CPEL,Coastal pelagics,canned,Northern anchovy
60300416,ANCHOVY IN SUNFLOWER SEED OIL,ANCHOVY,ANCHOVY,NANC,CPEL,Coastal pelagics,canned,Northern anchovy
60300500,ANCHOVY IN SAUCE,ANCHOVY,ANCHOVY,NANC,CPEL,Coastal pelagics,canned,Northern anchovy
60300613,ANCHOVY FOR PET FOOD,ANCHOVY,ANCHOVY,NANC,CPEL,Coastal pelagics,canned,Northern anchovy
60420220,ANCHOVY SALTED,ANCHOVY,ANCHOVY,NANC,CPEL,Coastal pelagics,smoked / cured,Northern anchovy
60440220,ANCHOVY DRIED,ANCHOVY,ANCHOVY,NANC,CPEL,Coastal pelagics,smoked / cured,Northern anchovy
60500301,ANCHOVY MEAL,ANCHOVY,ANCHOVY,NANC,CPEL,Coastal pelagics,"meal, oil, bait, pet food",Northern anchovy
60500401,ANCHOVY BODY OIL,ANCHOVY,ANCHOVY,NANC,CPEL,Coastal pelagics,"meal, oil, bait, pet food",Northern anchovy
333101222,BONITO WHOLE,BONITO,BONITO,PBNT,CPEL,Coastal pelagics,whole / live,Pacific bonito
333101223,BONITO DRESSED,BONITO,BONITO,PBNT,CPEL,Coastal pelagics,dressed / headed and gutted,Pacific bonito
333201223,BONITO DRESSED,BONITO,BONITO,PBNT,CPEL,Coastal pelagics,dressed / headed and gutted,Pacific bonito
333300270,BONITO SOLID IN OIL,BONITO,BONITO,PBNT,CPEL,Coastal pelagics,canned,Pacific bonito
333300271,BONITO SOLID IN WATER,BONITO,BONITO,PBNT,CPEL,Coastal pelagics,canned,Pacific bonito
333300280,BONITO CHUNK IN OIL,BONITO,BONITO,PBNT,CPEL,Coastal pelagics,canned,Pacific bonito
333300281,BONITO CHUNK IN WATER,BONITO,BONITO,PBNT,CPEL,Coastal pelagics,canned,Pacific bonito
333300290,BONITO FLAKE IN OIL,BONITO,BONITO,PBNT,CPEL,Coastal pelagics,canned,Pacific bonito
333300500,BONITO IN SAUCE,BONITO,BONITO,PBNT,CPEL,Coastal pelagics,canned,Pacific bonito
333430220,BONITO SMOKED,BONITO,BONITO,PBNT,CPEL,Coastal pelagics,smoked / cured,Pacific bonito
333440220,BONITO DRIED,BONITO,BONITO,PBNT,CPEL,Coastal pelagics,smoked / cured,Pacific bonito
333600000,BONITO,BONITO,BONITO,PBNT,CPEL,Coastal pelagics,other / unclassified,Pacific bonito
1681101160,HERRING LAKE FILLET,HERRING,HERRING,PHRG,CPEL,Coastal pelagics,fillet / steak,Pacific herring
1681101223,HERRING LAKE DRESSED,HERRING,HERRING,PHRG,CPEL,Coastal pelagics,dressed / headed and gutted,Pacific herring
1681201160,HERRING LAKE FILLET,HERRING,HERRING,PHRG,CPEL,Coastal pelagics,fillet / steak,Pacific herring
1681420040,HERRING LAKE SALTED ROE,HERRING,HERRING,PHRG,CPEL,Coastal pelagics,roe,Pacific herring
1681420220,HERRING LAKE SALTED,HERRING,HERRING,PHRG,CPEL,Coastal pelagics,smoked / cured,Pacific herring
1681430220,HERRING LAKE SMOKED,HERRING,HERRING,PHRG,CPEL,Coastal pelagics,smoked / cured,Pacific herring
1685101040,HERRING SEA ROE,HERRING,HERRING,PHRG,CPEL,Coastal pelagics,roe,Pacific herring
1685101090,HERRING SEA FOR BAIT,HERRING,HERRING,PHRG,CPEL,Coastal pelagics,"meal, oil, bait, pet food",Pacific herring
1685101151,HERRING SEA ROE ON KELP,HERRING,HERRING,PHRG,CPEL,Coastal pelagics,roe,Pacific herring
1685101160,HERRING SEA FILLET,HERRING,HERRING,PHRG,CPEL,Coastal pelagics,fillet / steak,Pacific herring
1685101222,HERRING SEA WHOLE,HERRING,HERRING,PHRG,CPEL,Coastal pelagics,whole / live,Pacific herring
1685201040,HERRING SEA ROE,HERRING,HERRING,PHRG,CPEL,Coastal pelagics,roe,Pacific herring
1685201090,HERRING SEA FOR BAIT,HERRING,HERRING,PHRG,CPEL,Coastal pelagics,"meal, oil, bait, pet food",Pacific herring
1685201151,HERRING SEA ROE ON KELP,HERRING,HERRING,PHRG,CPEL,Coastal pelagics,roe,Pacific herring
1685201160,HERRING SEA FILLET,HERRING,HERRING,PHRG,CPEL,Coastal pelagics,fillet / steak,Pacific herring
1685201220,HERRING SEA,HERRING,HERRING,PHRG,CPEL,Coastal pelagics,other / unclassified,Pacific herring
1685201222,HERRING SEA WHOLE,HERRING,HERRING,PHRG,CPEL,Coastal pelagics,whole / live,Pacific herring
1685201223,HERRING SEA DRESSED,HERRING,HERRING,PHRG,CPEL,Coastal pelagics,dressed / headed and gutted,Pacific herring
1685201635,HERRING SEA FOR ANIMAL FEEDS,HERRING,HERRING,PHRG,CPEL,Coastal pelagics,"meal, oil, bait, pet food",Pacific herring
1685300017,HERRING SEA DIPS AND SPREADS,HERRING,HERRING,PHRG,CPEL,Coastal pelagics,canned,Pacific herring
1685300040,HERRING SEA ROE,HERRING,HERRING,PHRG,CPEL,Coastal pelagics,canned,Pacific herring
1685300090,HERRING SEA FOR BAIT,HERRING,HERRING,PHRG,CPEL,Coastal pelagics,"meal, oil, bait, pet food",Pacific herring
1685300220,HERRING SEA,HERRING,HERRING,PHRG,CPEL,Coastal pelagics,canned,Pacific herring
1685331220,HERRING SEA KIPPERED,HERRING,HERRING,PHRG,CPEL,Coastal pelagics,canned,Pacific herring
1685420040,HERRING SEA SALTED ROE,HERRING,HERRING,PHRG,CPEL,Coastal pelagics,roe,Pacific herring
1685420090,HERRING SEA SALTED FOR BAIT,HERRING,HERRING,PHRG,CPEL,Coastal pelagics,"meal, oil, bait, pet food",Pacific herring
1685420151,HERRING SEA SALTED ROE ON KELP,HERRING,HERRING,PHRG,CPEL,Coastal pelagics,roe,Pacific herring
1685420220,HERRING SEA SALTED,HERRING,HERRING,PHRG,CPEL,Coastal pelagics,smoked / cured,Pacific herring
1685420500,HERRING SEA SALTED IN SAUCE,HERRING,HERRING,PHRG,CPEL,Coastal pelagics,smoked / cured,Pacific herring
1685421090,HERRING SEA PICKLED FOR BAIT,HERRING,HERRING,PHRG,CPEL,Coastal pelagics,"meal, oil, bait, pet food",Pacific herring
1685421220,HERRING SEA PICKLED,HERRING,HERRING,PHRG,CPEL,Coastal pelagics,smoked / cured,Pacific herring
1685430220,HERRING SEA SMOKED,HERRING,HERRING,PHRG,CPEL,Coastal pelagics,smoked / cured,Pacific herring
1685431220,HERRING SEA KIPPERED,HERRING,HERRING,PHRG,CPEL,Coastal pelagics,smoked / cured,Pacific herring
1685500062,HERRING SEA PEARL ESSENCE,HERRING,HERRING,PHRG,CPEL,Coastal pelagics,other / unclassified,Pacific herring
1685500301,HERRING SEA MEAL,HERRING,HERRING,PHRG,CPEL,Coastal pelagics,"meal, oil, bait, pet food",Pacific herring
1685500401,HERRING SEA BODY OIL,HERRING,HERRING,PHRG,CPEL,Coastal pelagics,"meal, oil, bait, pet food",Pacific herring
1685600000,HERRING SEA,HERRING,HERRING,PHRG,CPEL,Coastal pelagics,other / unclassified,Pacific herring
1687201090,HERRING THREAD FOR BAIT,HERRING,HERRING,PHRG,CPEL,Coastal pelagics,"meal, oil, bait, pet food",Pacific herring
1687500301,HERRING THREAD MEAL,HERRING,HERRING,PHRG,CPEL,Coastal pelagics,"meal, oil, bait, pet food",Pacific herring
1687500401,HERRING THREAD BODY OIL,HERRING,HERRING,PHRG,CPEL,Coastal pelagics,"meal, oil, bait, pet food",Pacific herring
1687500635,HERRING THREAD FOR ANIMAL FEEDS,HERRING,HERRING,PHRG,CPEL,Coastal pelagics,"meal, oil, bait, pet food",Pacific herring
1940101048,MACKEREL KING STEAKS,MACKEREL,MACKEREL,CMCK,CPEL,Coastal pelagics,fillet / steak,Chub mackerel (most common on West Coast)
1940101160,MACKEREL KING FILLET,MACKEREL,MACKEREL,CMCK,CPEL,Coastal pelagics,fillet / steak,Chub mackerel (most common on West Coast)
1940101222,MACKEREL KING WHOLE,MACKEREL,MACKEREL,CMCK,CPEL,Coastal pelagics,whole / live,Chub mackerel (most common on West Coast)
1940101223,MACKEREL KING DRESSED,MACKEREL,MACKEREL,CMCK,CPEL,Coastal pelagics,dressed / headed and gutted,Chub mackerel (most common on West Coast)
1940201048,MACKEREL KING STEAKS,MACKEREL,MACKEREL,CMCK,CPEL,Coastal pelagics,fillet / steak,Chub mackerel (most common on West Coast)
1940201160,MACKEREL KING FILLET,MACKEREL,MACKEREL,CMCK,CPEL,Coastal pelagics,fillet / steak,Chub mackerel (most common on West Coast)
1940201223,MACKEREL KING DRESSED,MACKEREL,MACKEREL,CMCK,CPEL,Coastal pelagics,dressed / headed and gutted,Chub mackerel (most common on West Coast)
1940430220,MACKEREL KING SMOKED,MACKEREL,MACKEREL,CMCK,CPEL,Coastal pelagics,smoked / cured,Chub mackerel (most common on West Coast)
1940600000,MACKEREL KING,MACKEREL,MACKEREL,CMCK,CPEL,Coastal pelagics,other / unclassified,Chub mackerel (most common on West Coast)
2120201635,MACKEREL ATLANIC FOR ANIMAL FEEDS,MACKEREL,MACKEREL,CMCK,CPEL,Coastal pelagics,"meal, oil, bait, pet food",Chub mackerel (most common on West Coast)
2150101160,MACKEREL CHUB FILLET,MACKEREL,MACKEREL,CMCK,CPEL,Coastal pelagics,fillet / steak,Chub mackerel (most common on West Coast)
2150101223,MACKEREL CHUB DRESSED,MACKEREL,MACKEREL,CMCK,CPEL,Coastal pelagics,dressed / headed and gutted,Chub mackerel (most common on West Coast)
2150201090,MACKEREL CHUB FOR BAIT,MACKEREL,MACKEREL,CMCK,CPEL,Coastal pelagics,"meal, oil, bait, pet food",Chub mackerel (most common on West Coast)
2150201222,MACKEREL CHUB WHOLE,MACKEREL,MACKEREL,CMCK,CPEL,Coastal pelagics,whole / live,Chub mackerel (most common on West Coast)
2150201223,MACKEREL CHUB DRESSED,MACKEREL,MACKEREL,CMCK,CPEL,Coastal pelagics,dressed / headed and gutted,Chub mackerel (most common on West Coast)
2150300220,MACKEREL CHUB,MACKEREL,MACKEREL,CMCK,CPEL,Coastal pelagics,canned,Chub mackerel (most common on West Coast)
2150420220,MACKEREL CHUB SALTED,MACKEREL,MACKEREL,CMCK,CPEL,Coastal pelagics,smoked / cured,Chub mackerel (most common on West Coast)
2150421090,MACKEREL CHUB PICKLED FOR BAIT,MACKEREL,MACKEREL,CMCK,CPEL,Coastal pelagics,"meal, oil, bait, pet food",Chub mackerel (most common on West Coast)
2150430220,MACKEREL CHUB SMOKED,MACKEREL,MACKEREL,CMCK,CPEL,Coastal pelagics,smoked / cured,Chub mackerel (most common on West Coast)
2150431220,MACKEREL CHUB KIPPERED,MACKEREL,MACKEREL,CMCK,CPEL,Coastal pelagics,smoked / cured,Chub mackerel (most common on West Coast)
2150440220,MACKEREL CHUB DRIED,MACKEREL,MACKEREL,CMCK,CPEL,Coastal pelagics,smoked / cured,Chub mackerel (most common on West Coast)
2150600000,MACKEREL CHUB,MACKEREL,MACKEREL,CMCK,CPEL,Coastal pelagics,other / unclassified,Chub mackerel (most common on West Coast)
3840101090,MACKEREL SPANISH FOR BAIT,MACKEREL,MACKEREL,CMCK,CPEL,Coastal pelagics,"meal, oil, bait, pet food",Chub mackerel (most common on West Coast)
3840101160,MACKEREL SPANISH FILLET,MACKEREL,MACKEREL,CMCK,CPEL,Coastal pelagics,fillet / steak,Chub mackerel (most common on West Coast)
3840101222,MACKEREL SPANISH WHOLE,MACKEREL,MACKEREL,CMCK,CPEL,Coastal pelagics,whole / live,Chub mackerel (most common on West Coast)
3840101223,MACKEREL SPANISH DRESSED,MACKEREL,MACKEREL,CMCK,CPEL,Coastal pelagics,dressed / headed and gutted,Chub mackerel (most common on West Coast)
3840201160,MACKEREL SPANISH FILLET,MACKEREL,MACKEREL,CMCK,CPEL,Coastal pelagics,fillet / steak,Chub mackerel (most common on West Coast)
3840201222,MACKEREL SPANISH WHOLE,MACKEREL,MACKEREL,CMCK,CPEL,Coastal pelagics,whole / live,Chub mackerel (most common on West Coast)
3840201223,MACKEREL SPANISH DRESSED,MACKEREL,MACKEREL,CMCK,CPEL,Coastal pelagics,dressed / headed and gutted,Chub mackerel (most common on West Coast)
3840420220,MACKEREL SPANISH SALTED,MACKEREL,MACKEREL,CMCK,CPEL,Coastal pelagics,smoked / cured,Chub mackerel (most common on West Coast)
3840430220,MACKEREL SPANISH SMOKED,MACKEREL,MACKEREL,CMCK,CPEL,Coastal pelagics,smoked / cured,Chub mackerel (most common on West Coast)
3840600000,MACKEREL SPANISH,MACKEREL,MACKEREL,CMCK,CPEL,Coastal pelagics,other / unclassified,Chub mackerel (most common on West Coast)
1685300410,SARDINE IN WATER,SARDINE,SARDINE,PSDN,CPEL,Coastal pelagics,canned,Pacific sardine
1685300413,SARDINE IN OLIVE OIL,SARDINE,SARDINE,PSDN,CPEL,Coastal pelagics,canned,Pacific sardine
1685300414,SARDINE IN PEANUT OIL,SARDINE,SARDINE,PSDN,CPEL,Coastal pelagics,canned,Pacific sardine
1685300415,SARDINE IN SOYBEAN OIL,SARDINE,SARDINE,PSDN,CPEL,Coastal pelagics,canned,Pacific sardine
1685300502,SARDINE IN CHILI SAUCE,SARDINE,SARDINE,PSDN,CPEL,Coastal pelagics,canned,Pacific sardine
1685300507,SARDINE IN MUSTARD SAUCE,SARDINE,SARDINE,PSDN,CPEL,Coastal pelagics,canned,Pacific sardine
1685300509,SARDINE IN TOMATO SAUCE,SARDINE,SARDINE,PSDN,CPEL,Coastal pelagics,canned,Pacific sardine
1685300511,SARDINE IN HOT SAUCE,SARDINE,SARDINE,PSDN,CPEL,Coastal pelagics,canned,Pacific sardine
1685300512,SARDINE IN JALAPENO PEPPERS,SARDINE,SARDINE,PSDN,CPEL,Coastal pelagics,canned,Pacific sardine
3140101223,SARDINE PACIFIC DRESSED,SARDINE,SARDINE,PSDN,CPEL,Coastal pelagics,dressed / headed and gutted,Pacific sardine
3140201090,SARDINE PACIFIC FOR BAIT,SARDINE,SARDINE,PSDN,CPEL,Coastal pelagics,"meal, oil, bait, pet food",Pacific sardine
3140201222,SARDINE PACIFIC WHOLE,SARDINE,SARDINE,PSDN,CPEL,Coastal pelagics,whole / live,Pacific sardine
3140201223,SARDINE PACIFIC DRESSED,SARDINE,SARDINE,PSDN,CPEL,Coastal pelagics,dressed / headed and gutted,Pacific sardine
3140300410,SARDINE PACIFIC IN WATER,SARDINE,SARDINE,PSDN,CPEL,Coastal pelagics,canned,Pacific sardine
3140300413,SARDINE PACIFIC IN OLIVE OIL,SARDINE,SARDINE,PSDN,CPEL,Coastal pelagics,canned,Pacific sardine
3140300414,SARDINE PACIFIC IN PEANUT OIL,SARDINE,SARDINE,PSDN,CPEL,Coastal pelagics,canned,Pacific sardine
3140300415,SARDINE PACIFIC IN SOYBEAN OIL,SARDINE,SARDINE,PSDN,CPEL,Coastal pelagics,canned,Pacific sardine
3140300416,SARDINE PACIFIC IN SUNFLOWER OIL,SARDINE,SARDINE,PSDN,CPEL,Coastal pelagics,canned,Pacific sardine
3140300417,SARDINE PACIFIC IN CANNOLA OIL,SARDINE,SARDINE,PSDN,CPEL,Coastal pelagics,canned,Pacific sardine
3140300502,SARDINE PACIFIC IN CHILI SAUCE,SARDINE,SARDINE,PSDN,CPEL,Coastal pelagics,canned,Pacific sardine
3140300509,SARDINE PACIFIC IN TOMATO SAUCE,SARDINE,SARDINE,PSDN,CPEL,Coastal pelagics,canned,Pacific sardine
3140420220,SARDINE PACIFIC SALTED,SARDINE,SARDINE,PSDN,CPEL,Coastal pelagics,smoked / cured,Pacific sardine
3140421090,SARDINE PACIFIC PICKLED FOR BAIT,SARDINE,SARDINE,PSDN,CPEL,Coastal pelagics,"meal, oil, bait, pet food",Pacific sardine
3870101090,SARDINE SPANISH FOR BAIT,SARDINE,SARDINE,PSDN,CPEL,Coastal pelagics,"meal, oil, bait, pet food",Pacific sardine
3870101222,SARDINE SPANISH WHOLE,SARDINE,SARDINE,PSDN,CPEL,Coastal pelagics,whole / live,Pacific sardine
3870101223,SARDINE SPANISH DRESSED,SARDINE,SARDINE,PSDN,CPEL,Coastal pelagics,dressed / headed and gutted,Pacific sardine
3870201090,SARDINE SPANISH FOR BAIT,SARDINE,SARDINE,PSDN,CPEL,Coastal pelagics,"meal, oil, bait, pet food",Pacific sardine
3870201222,SARDINE SPANISH WHOLE,SARDINE,SARDINE,PSDN,CPEL,Coastal pelagics,whole / live,Pacific sardine
3870600000,SARDINE SPANISH,SARDINE,SARDINE,PSDN,CPEL,Coastal pelagics,other / unclassified,Pacific sardine
750101222,SCADS WHOLE,SCADS,SCADS,JMCK,CPEL,Coastal pelagics,whole / live,Jack mackerel/scads - coastal pelagic
750101223,SCADS DRESSED,SCADS,SCADS,JMCK,CPEL,Coastal pelagics,dressed / headed and gutted,Jack mackerel/scads - coastal pelagic
750201223,SCADS DRESSED,SCADS,SCADS,JMCK,CPEL,Coastal pelagics,dressed / headed and gutted,Jack mackerel/scads - coastal pelagic
8030101048,SQUID STEAKS,SQUID,SQUID,MSQD,CPEL,Coastal pelagics,fillet / steak,Market squid
8030101051,SQUID STUFFED,SQUID,SQUID,MSQD,CPEL,Coastal pelagics,further processed,Market squid
8030101165,SQUID TUBES,SQUID,SQUID,MSQD,CPEL,Coastal pelagics,other / unclassified,Market squid
8030101200,SQUID MEAT,SQUID,SQUID,MSQD,CPEL,Coastal pelagics,"meat, peeled, shucked, sections",Market squid
8030102074,SQUID COOKED SALAD MIXES,SQUID,SQUID,MSQD,CPEL,Coastal pelagics,further processed,Market squid
8030102200,SQUID COOKED MEAT,SQUID,SQUID,MSQD,CPEL,Coastal pelagics,"meat, peeled, shucked, sections",Market squid
8030201048,SQUID STEAKS,SQUID,SQUID,MSQD,CPEL,Coastal pelagics,fillet / steak,Market squid
8030201090,SQUID FOR BAIT,SQUID,SQUID,MSQD,CPEL,Coastal pelagics,"meal, oil, bait, pet food",Market squid
8030201165,SQUID TUBES,SQUID,SQUID,MSQD,CPEL,Coastal pelagics,other / unclassified,Market squid
8030201167,SQUID RINGS,SQUID,SQUID,MSQD,CPEL,Coastal pelagics,further processed,Market squid
8030201200,SQUID MEAT,SQUID,SQUID,MSQD,CPEL,Coastal pelagics,"meat, peeled, shucked, sections",Market squid
8030201215,SQUID WHOLE,SQUID,SQUID,MSQD,CPEL,Coastal pelagics,whole / live,Market squid
8030202167,SQUID RINGS COOKED,SQUID,SQUID,MSQD,CPEL,Coastal pelagics,further processed,Market squid
8030202200,SQUID COOKED MEAT,SQUID,SQUID,MSQD,CPEL,Coastal pelagics,"meat, peeled, shucked, sections",Market squid
8030211048,SQUID BREADED STEAKS,SQUID,SQUID,MSQD,CPEL,Coastal pelagics,further processed,Market squid
8030211050,SQUID BREADED STRIPS,SQUID,SQUID,MSQD,CPEL,Coastal pelagics,further processed,Market squid
8030211167,SQUID BREADED RINGS,SQUID,SQUID,MSQD,CPEL,Coastal pelagics,further processed,Market squid
8030211215,SQUID BREADED WHOLE,SQUID,SQUID,MSQD,CPEL,Coastal pelagics,further processed,Market squid
8030212167,SQUID BREADED COOKED RINGS,SQUID,SQUID,MSQD,CPEL,Coastal pelagics,further processed,Market squid
8030212200,SQUID BREADED COOKED MEAT,SQUID,SQUID,MSQD,CPEL,Coastal pelagics,further processed,Market squid
8030300200,SQUID,SQUID,SQUID,MSQD,CPEL,Coastal pelagics,canned,Market squid
8030420200,SQUID SALTED,SQUID,SQUID,MSQD,CPEL,Coastal pelagics,smoked / cured,Market squid
8030421090,SQUID PICKLED FOR BAIT,SQUID,SQUID,MSQD,CPEL,Coastal pelagics,"meal, oil, bait, pet food",Market squid
8030421200,SQUID PICKLED,SQUID,SQUID,MSQD,CPEL,Coastal pelagics,smoked / cured,Market squid
8030440200,SQUID DRIED,SQUID,SQUID,MSQD,CPEL,Coastal pelagics,smoked / cured,Market squid
8030500301,SQUID MEAL,SQUID,SQUID,MSQD,CPEL,Coastal pelagics,"meal, oil, bait, pet food",Market squid
8030600000,SQUID,SQUID,SQUID,MSQD,CPEL,Coastal pelagics,other / unclassified,Market squid
7000000000,CRAB BLUE,CRAB,CRAB,CRAB,CRAB,Dungeness crab,other / unclassified,All crab
7000101040,CRAB BLUE ROE,CRAB,CRAB,CRAB,CRAB,Dungeness crab,roe,All crab
7000101087,CRAB BLUE CLEANED,CRAB,CRAB,CRAB,CRAB,Dungeness crab,other / unclassified,All crab
7000101135,CRAB BLUE SOFT SHELL,CRAB,CRAB,CRAB,CRAB,Dungeness crab,other / unclassified,All crab
7000102027,CRAB BLUE COOKED GUMBOS,CRAB,CRAB,CRAB,CRAB,Dungeness crab,"meat, peeled, shucked, sections",All crab
7000102200,CRAB BLUE COOKED MEAT,CRAB,CRAB,CRAB,CRAB,Dungeness crab,"meat, peeled, shucked, sections",All crab
7000102202,CRAB BLUE COOKED CLAWS,CRAB,CRAB,CRAB,CRAB,Dungeness crab,"meat, peeled, shucked, sections",All crab
7000102215,CRAB BLUE COOKED WHOLE,CRAB,CRAB,CRAB,CRAB,Dungeness crab,whole / live,All crab
7000103200,CRAB BLUE PASTURIZED MEAT,CRAB,CRAB,CRAB,CRAB,Dungeness crab,"meat, peeled, shucked, sections",All crab
7000104200,CRAB BLUE MARINATED MEAT,CRAB,CRAB,CRAB,CRAB,Dungeness crab,"meat, peeled, shucked, sections",All crab
7000111016,CRAB BLUE BREADED DEVILED,CRAB,CRAB,CRAB,CRAB,Dungeness crab,further processed,All crab
7000111051,CRAB BLUE BREADED STUFFED,CRAB,CRAB,CRAB,CRAB,Dungeness crab,further processed,All crab
7000111101,CRAB BLUE BREADED CAKES/PATTY,CRAB,CRAB,CRAB,CRAB,Dungeness crab,further processed,All crab
7000112051,CRAB BLUE BREADED COOKED STUFFED,CRAB,CRAB,CRAB,CRAB,Dungeness crab,further processed,All crab
7000201007,CRAB BLUE NUGGETS,CRAB,CRAB,CRAB,CRAB,Dungeness crab,further processed,All crab
7000201087,CRAB BLUE CLEANED,CRAB,CRAB,CRAB,CRAB,Dungeness crab,other / unclassified,All crab
7000201101,CRAB BLUE CAKES/PATTY,CRAB,CRAB,CRAB,CRAB,Dungeness crab,further processed,All crab
7000201135,CRAB BLUE SOFT SHELL,CRAB,CRAB,CRAB,CRAB,Dungeness crab,other / unclassified,All crab
7000202016,CRAB BLUE COOKED DEVILED,CRAB,CRAB,CRAB,CRAB,Dungeness crab,"meat, peeled, shucked, sections",All crab
7000202027,CRAB BLUE COOKED GUMBOS,CRAB,CRAB,CRAB,CRAB,Dungeness crab,"meat, peeled, shucked, sections",All crab
7000202030,CRAB BLUE HORS D'OEUVRES,CRAB,CRAB,CRAB,CRAB,Dungeness crab,other / unclassified,All crab
7000202200,CRAB BLUE COOKED MEAT,CRAB,CRAB,CRAB,CRAB,Dungeness crab,"meat, peeled, shucked, sections",All crab
7000202202,CRAB BLUE COOKED CLAWS,CRAB,CRAB,CRAB,CRAB,Dungeness crab,"meat, peeled, shucked, sections",All crab
7000202215,CRAB BLUE COOKED WHOLE,CRAB,CRAB,CRAB,CRAB,Dungeness crab,whole / live,All crab
7000202230,CRAB BLUE COOKED SOUPS,CRAB,CRAB,CRAB,CRAB,Dungeness crab,further processed,All crab
7000202517,CRAB BLUE COOKED QUICHE,CRAB,CRAB,CRAB,CRAB,Dungeness crab,"meat, peeled, shucked, sections",All crab
7000203200,CRAB BLUE PASTURIZED MEAT,CRAB,CRAB,CRAB,CRAB,Dungeness crab,"meat, peeled, shucked, sections",All crab
7000211004,CRAB BLUE BREADED BALLS,CRAB,CRAB,CRAB,CRAB,Dungeness crab,further processed,All crab
7000211007,CRAB BLUE BREADED NUGGETS,CRAB,CRAB,CRAB,CRAB,Dungeness crab,further processed,All crab
7000211016,CRAB BLUE BREADED DEVILED,CRAB,CRAB,CRAB,CRAB,Dungeness crab,further processed,All crab
7000211041,CRAB BLUE BREADED ROLLS,CRAB,CRAB,CRAB,CRAB,Dungeness crab,further processed,All crab
7000211049,CRAB BLUE BREADED STICKS,CRAB,CRAB,CRAB,CRAB,Dungeness crab,further processed,All crab
7000211051,CRAB BLUE BREADED STUFFED,CRAB,CRAB,CRAB,CRAB,Dungeness crab,further processed,All crab
7000211082,CRAB BLUE BREADED MIXES,CRAB,CRAB,CRAB,CRAB,Dungeness crab,further processed,All crab
7000211101,CRAB BLUE BREADED CAKES/PATTY,CRAB,CRAB,CRAB,CRAB,Dungeness crab,further processed,All crab
7000211120,CRAB BLUE BREADED DINNERS,CRAB,CRAB,CRAB,CRAB,Dungeness crab,further processed,All crab
7000212004,CRAB BLUE BREADED COOKED BALLS,CRAB,CRAB,CRAB,CRAB,Dungeness crab,further processed,All crab
7000212016,CRAB BLUE BREADED COOKED DEVILED,CRAB,CRAB,CRAB,CRAB,Dungeness crab,further processed,All crab
7000212051,CRAB BLUE BREADED COOKED STUFFED,CRAB,CRAB,CRAB,CRAB,Dungeness crab,further processed,All crab
7000212082,CRAB BLUE BREADED COOKED MIXES,CRAB,CRAB,CRAB,CRAB,Dungeness crab,further processed,All crab
7000212101,CRAB BLUE BREADED CKD CAKES/PATTY,CRAB,CRAB,CRAB,CRAB,Dungeness crab,further processed,All crab
7000212120,CRAB BLUE BREADED COOKED DINNERS,CRAB,CRAB,CRAB,CRAB,Dungeness crab,further processed,All crab
7000300016,CRAB BLUE DEVILED,CRAB,CRAB,CRAB,CRAB,Dungeness crab,canned,All crab
7000300200,CRAB BLUE MEAT,CRAB,CRAB,CRAB,CRAB,Dungeness crab,canned,All crab
7000300230,CRAB BLUE SOUPS,CRAB,CRAB,CRAB,CRAB,Dungeness crab,canned,All crab
7000300231,CRAB BLUE BISQUES,CRAB,CRAB,CRAB,CRAB,Dungeness crab,canned,All crab
7000500132,CRAB BLUE SHELLS CLEANED,CRAB,CRAB,CRAB,CRAB,Dungeness crab,other / unclassified,All crab
7000500301,CRAB BLUE MEAL,CRAB,CRAB,CRAB,CRAB,Dungeness crab,"meal, oil, bait, pet food",All crab
7030000000,CRAB SOFT SHELL,CRAB,CRAB,CRAB,CRAB,Dungeness crab,other / unclassified,All crab
7030101133,CRAB SOFT SHELL,CRAB,CRAB,CRAB,CRAB,Dungeness crab,other / unclassified,All crab
7030201133,CRAB SOFT SHELL,CRAB,CRAB,CRAB,CRAB,Dungeness crab,other / unclassified,All crab
7060000000,CRAB DUNGENESS,CRAB,CRAB,CRAB,CRAB,Dungeness crab,other / unclassified,All crab
7060101215,CRAB DUNGENESS,CRAB,CRAB,CRAB,CRAB,Dungeness crab,other / unclassified,All crab
7060102011,CRAB DUNGENESS COOKED COCKTAILS,CRAB,CRAB,CRAB,CRAB,Dungeness crab,further processed,All crab
7060102033,CRAB DUNGENESS COOKED LEGS,CRAB,CRAB,CRAB,CRAB,Dungeness crab,"meat, peeled, shucked, sections",All crab
7060102044,CRAB DUNGENESS COOKED SECTIONS,CRAB,CRAB,CRAB,CRAB,Dungeness crab,"meat, peeled, shucked, sections",All crab
7060102200,CRAB DUNGENESS COOKED MEAT,CRAB,CRAB,CRAB,CRAB,Dungeness crab,"meat, peeled, shucked, sections",All crab
7060102215,CRAB DUNGENESS COOKED WHOLE,CRAB,CRAB,CRAB,CRAB,Dungeness crab,whole / live,All crab
7060102666,CRAB DUNGENESS COOKED ALASKA PROD,CRAB,CRAB,CRAB,CRAB,Dungeness crab,whole / live,All crab
7060202033,CRAB DUNGENESS COOKED LEGS,CRAB,CRAB,CRAB,CRAB,Dungeness crab,"meat, peeled, shucked, sections",All crab
7060202044,CRAB DUNGENESS COOKED SECTIONS,CRAB,CRAB,CRAB,CRAB,Dungeness crab,"meat, peeled, shucked, sections",All crab
7060202200,CRAB DUNGENESS COOKED MEAT,CRAB,CRAB,CRAB,CRAB,Dungeness crab,"meat, peeled, shucked, sections",All crab
7060202202,CRAB DUNGENESS COOKED CLAWS,CRAB,CRAB,CRAB,CRAB,Dungeness crab,"meat, peeled, shucked, sections",All crab
7060202215,CRAB DUNGENESS COOKED WHOLE,CRAB,CRAB,CRAB,CRAB,Dungeness crab,whole / live,All crab
7060202666,CRAB DUNGENESS COOKED ALASKA PROD,CRAB,CRAB,CRAB,CRAB,Dungeness crab,whole / live,All crab
7060211051,CRAB DUNGENESS BREADED STUFFED,CRAB,CRAB,CRAB,CRAB,Dungeness crab,further processed,All crab
7060300200,CRAB DUNGENESS MEAT,CRAB,CRAB,CRAB,CRAB,Dungeness crab,canned,All crab
7060330220,CRAB DUNGENESS SMOKED MEAT,CRAB,CRAB,CRAB,CRAB,Dungeness crab,canned,All crab
7060430200,CRAB DUNGENESS SMOKED MEAT,CRAB,CRAB,CRAB,CRAB,Dungeness crab,smoked / cured,All crab
7060500301,CRAB DUNGENESS MEAL,CRAB,CRAB,CRAB,CRAB,Dungeness crab,"meal, oil, bait, pet food",All crab
7060600000,CRAB DUNGENESS,CRAB,CRAB,CRAB,CRAB,Dungeness crab,other / unclassified,All crab
7082000000,CRAB HAIR,CRAB,CRAB,CRAB,CRAB,Dungeness crab,other / unclassified,All crab
7082102666,CRAB HAIR COOKED ALASKA PRODUCT,CRAB,CRAB,CRAB,CRAB,Dungeness crab,"meat, peeled, shucked, sections",All crab
7082202044,CRAB HAIR COOKED SECTIONS,CRAB,CRAB,CRAB,CRAB,Dungeness crab,"meat, peeled, shucked, sections",All crab
7082202215,CRAB HAIR COOKED WHOLE,CRAB,CRAB,CRAB,CRAB,Dungeness crab,whole / live,All crab
7082202666,CRAB HAIR COOKED ALASKA PRODUCT,CRAB,CRAB,CRAB,CRAB,Dungeness crab,"meat, peeled, shucked, sections",All crab
7090000000,CRAB KING,CRAB,CRAB,CRAB,CRAB,Dungeness crab,other / unclassified,All crab
7090102033,CRAB KING COOKED LEGS,CRAB,CRAB,CRAB,CRAB,Dungeness crab,"meat, peeled, shucked, sections",All crab
7090102044,CRAB KING COOKED SECTIONS,CRAB,CRAB,CRAB,CRAB,Dungeness crab,"meat, peeled, shucked, sections",All crab
7090102200,CRAB KING COOKED MEAT,CRAB,CRAB,CRAB,CRAB,Dungeness crab,"meat, peeled, shucked, sections",All crab
7090102215,CRAB KING COOKED WHOLE,CRAB,CRAB,CRAB,CRAB,Dungeness crab,whole / live,All crab
7090102666,CRAB KING COOKED ALASKA PRODUCT,CRAB,CRAB,CRAB,CRAB,Dungeness crab,"meat, peeled, shucked, sections",All crab
7090202033,CRAB KING COOKED LEGS,CRAB,CRAB,CRAB,CRAB,Dungeness crab,"meat, peeled, shucked, sections",All crab
7090202044,CRAB KING COOKED SECTIONS,CRAB,CRAB,CRAB,CRAB,Dungeness crab,"meat, peeled, shucked, sections",All crab
7090202200,CRAB KING COOKED MEAT,CRAB,CRAB,CRAB,CRAB,Dungeness crab,"meat, peeled, shucked, sections",All crab
7090202202,CRAB KING COOKED CLAWS,CRAB,CRAB,CRAB,CRAB,Dungeness crab,"meat, peeled, shucked, sections",All crab
7090202215,CRAB KING COOKED WHOLE,CRAB,CRAB,CRAB,CRAB,Dungeness crab,whole / live,All crab
7090202666,CRAB KING COOKED ALASKA PRODUCT,CRAB,CRAB,CRAB,CRAB,Dungeness crab,"meat, peeled, shucked, sections",All crab
7090300200,CRAB KING MEAT,CRAB,CRAB,CRAB,CRAB,Dungeness crab,canned,All crab
7090500301,CRAB KING MEAL,CRAB,CRAB,CRAB,CRAB,Dungeness crab,"meal, oil, bait, pet food",All crab
7090600000,CRAB KING,CRAB,CRAB,CRAB,CRAB,Dungeness crab,other / unclassified,All crab
7100000000,CRAB RED,CRAB,CRAB,CRAB,CRAB,Dungeness crab,other / unclassified,All crab
7100102200,CRAB RED COOKED MEAT,CRAB,CRAB,CRAB,CRAB,Dungeness crab,"meat, peeled, shucked, sections",All crab
7100202200,CRAB RED COOKED MEAT,CRAB,CRAB,CRAB,CRAB,Dungeness crab,"meat, peeled, shucked, sections",All crab
7100300230,CRAB RED SOUP,CRAB,CRAB,CRAB,CRAB,Dungeness crab,canned,All crab
7102102200,CRAB GOLDEN COOKED MEAT,CRAB,CRAB,CRAB,CRAB,Dungeness crab,"meat, peeled, shucked, sections",All crab
7110000000,CRAB JONAH,CRAB,CRAB,CRAB,CRAB,Dungeness crab,other / unclassified,All crab
7110102200,CRAB JONAH COOKED MEAT,CRAB,CRAB,CRAB,CRAB,Dungeness crab,"meat, peeled, shucked, sections",All crab
7110102202,CRAB JONAH COOKED CLAWS,CRAB,CRAB,CRAB,CRAB,Dungeness crab,"meat, peeled, shucked, sections",All crab
7110202202,CRAB JONAH COOKED CLAWS,CRAB,CRAB,CRAB,CRAB,Dungeness crab,"meat, peeled, shucked, sections",All crab
7120000000,CRAB ROCK,CRAB,CRAB,CRAB,CRAB,Dungeness crab,other / unclassified,All crab
7120102200,CRAB ROCK COOKED MEAT,CRAB,CRAB,CRAB,CRAB,Dungeness crab,"meat, peeled, shucked, sections",All crab
7120102202,CRAB ROCK COOKED CLAWS,CRAB,CRAB,CRAB,CRAB,Dungeness crab,"meat, peeled, shucked, sections",All crab
7120202082,CRAB ROCK COOKED MIXES,CRAB,CRAB,CRAB,CRAB,Dungeness crab,"meat, peeled, shucked, sections",All crab
7120202200,CRAB ROCK COOKED MEAT,CRAB,CRAB,CRAB,CRAB,Dungeness crab,"meat, peeled, shucked, sections",All crab
7120202202,CRAB ROCK COOKED CLAWS,CRAB,CRAB,CRAB,CRAB,Dungeness crab,"meat, peeled, shucked, sections",All crab
7120300016,CRAB ROCK DEVILED,CRAB,CRAB,CRAB,CRAB,Dungeness crab,canned,All crab
7120300017,CRAB ROCK DIPS AND SPREADS,CRAB,CRAB,CRAB,CRAB,Dungeness crab,canned,All crab
7120300200,CRAB ROCK MEAT,CRAB,CRAB,CRAB,CRAB,Dungeness crab,canned,All crab
7180102202,CRAB STONE COOKED CLAWS,CRAB,CRAB,CRAB,CRAB,Dungeness crab,"meat, peeled, shucked, sections",All crab
7180202202,CRAB STONE COOKED CLAWS,CRAB,CRAB,CRAB,CRAB,Dungeness crab,"meat, peeled, shucked, sections",All crab
7185000000,CRAB SNOW,CRAB,CRAB,CRAB,CRAB,Dungeness crab,other / unclassified,All crab
7185101215,CRAB SNOW WHOLE,CRAB,CRAB,CRAB,CRAB,Dungeness crab,whole / live,All crab
7185102044,CRAB SNOW COOKED SECTIONS,CRAB,CRAB,CRAB,CRAB,Dungeness crab,"meat, peeled, shucked, sections",All crab
7185102200,CRAB SNOW COOKED MEAT,CRAB,CRAB,CRAB,CRAB,Dungeness crab,"meat, peeled, shucked, sections",All crab
7185102202,CRAB SNOW COOKED CLAWS,CRAB,CRAB,CRAB,CRAB,Dungeness crab,"meat, peeled, shucked, sections",All crab
7185102215,CRAB SNOW COOKED WHOLE,CRAB,CRAB,CRAB,CRAB,Dungeness crab,whole / live,All crab
7185102666,CRAB SNOW COOKED ALASKA PRODUCT,CRAB,CRAB,CRAB,CRAB,Dungeness crab,"meat, peeled, shucked, sections",All crab
7185202011,CRAB SNOW COOKED COCKTAIL,CRAB,CRAB,CRAB,CRAB,Dungeness crab,further processed,All crab
7185202033,CRAB SNOW COOKED LEGS,CRAB,CRAB,CRAB,CRAB,Dungeness crab,"meat, peeled, shucked, sections",All crab
7185202044,CRAB SNOW COOKED SECTIONS,CRAB,CRAB,CRAB,CRAB,Dungeness crab,"meat, peeled, shucked, sections",All crab
7185202200,CRAB SNOW COOKED MEAT,CRAB,CRAB,CRAB,CRAB,Dungeness crab,"meat, peeled, shucked, sections",All crab
7185202202,CRAB SNOW COOKED CLAWS,CRAB,CRAB,CRAB,CRAB,Dungeness crab,"meat, peeled, shucked, sections",All crab
7185202215,CRAB SNOW COOKED WHOLE,CRAB,CRAB,CRAB,CRAB,Dungeness crab,whole / live,All crab
7185202666,CRAB SNOW COOKED ALASKA PRODUCT,CRAB,CRAB,CRAB,CRAB,Dungeness crab,"meat, peeled, shucked, sections",All crab
7185300200,CRAB SNOW MEAT,CRAB,CRAB,CRAB,CRAB,Dungeness crab,canned,All crab
7185600000,CRAB SNOW,CRAB,CRAB,CRAB,CRAB,Dungeness crab,other / unclassified,All crab
7190000000,CRAB UNCL,CRAB,CRAB,CRAB,CRAB,Dungeness crab,other / unclassified,All crab
7190102200,CRAB UNCL COOKED MEAT,CRAB,CRAB,CRAB,CRAB,Dungeness crab,"meat, peeled, shucked, sections",All crab
7190201007,CRAB UNCL NUGGETS,CRAB,CRAB,CRAB,CRAB,Dungeness crab,further processed,All crab
7190201051,CRAB UNCL STUFFED,CRAB,CRAB,CRAB,CRAB,Dungeness crab,further processed,All crab
7190201101,CRAB UNCL CAKES/PATTY,CRAB,CRAB,CRAB,CRAB,Dungeness crab,further processed,All crab
7190202101,CRAB UNCL COOKED CAKES/PATTY,CRAB,CRAB,CRAB,CRAB,Dungeness crab,further processed,All crab
7190202202,CRAB UNCL COOKED CLAWS,CRAB,CRAB,CRAB,CRAB,Dungeness crab,"meat, peeled, shucked, sections",All crab
7190211051,CRAB UNCL BREADED STUFFED,CRAB,CRAB,CRAB,CRAB,Dungeness crab,further processed,All crab
7190211101,CRAB UNCL BREADED CAKES/PATTY,CRAB,CRAB,CRAB,CRAB,Dungeness crab,further processed,All crab
7190300016,CRAB UNCL DEVILED,CRAB,CRAB,CRAB,CRAB,Dungeness crab,canned,All crab
7190300017,CRAB UNCL DIPS AND SPREADS,CRAB,CRAB,CRAB,CRAB,Dungeness crab,canned,All crab
7190300200,CRAB UNCL MEAT,CRAB,CRAB,CRAB,CRAB,Dungeness crab,canned,All crab
7190300231,CRAB UNCL BISQUES,CRAB,CRAB,CRAB,CRAB,Dungeness crab,canned,All crab
7190600000,CRAB UNCL,CRAB,CRAB,CRAB,CRAB,Dungeness crab,other / unclassified,All crab
2116101160,ATKA MACKEREL FILLET,ATKA,ATKA MACKEREL,AMCK,GRND,Groundfish,fillet / steak,Atka mackerel - groundfish
2116101223,ATKA MACKEREL DRESSED,ATKA,ATKA MACKEREL,AMCK,GRND,Groundfish,dressed / headed and gutted,Atka mackerel - groundfish
2116201031,ATKA MACKEREL SURIMI,ATKA,ATKA MACKEREL,AMCK,GRND,Groundfish,further processed,Atka mackerel - groundfish
2116201090,ATKA MACKEREL FOR BAIT,ATKA,ATKA MACKEREL,AMCK,GRND,Groundfish,"meal, oil, bait, pet food",Atka mackerel - groundfish
2116201160,ATKA MACKEREL FILLET,ATKA,ATKA MACKEREL,AMCK,GRND,Groundfish,fillet / steak,Atka mackerel - groundfish
2116201222,ATKA MACKEREL WHOLE,ATKA,ATKA MACKEREL,AMCK,GRND,Groundfish,whole / live,Atka mackerel - groundfish
2116201223,ATKA MACKEREL DRESSED,ATKA,ATKA MACKEREL,AMCK,GRND,Groundfish,dressed / headed and gutted,Atka mackerel - groundfish
2116500301,ATKA MACKEREL MEAL,ATKA,ATKA MACKEREL,AMCK,GRND,Groundfish,"meal, oil, bait, pet food",Atka mackerel - groundfish
2116500401,ATKA MACKEREL BODY OIL,ATKA,ATKA MACKEREL,AMCK,GRND,Groundfish,"meal, oil, bait, pet food",Atka mackerel - groundfish
3610201040,CAPELIN ROE,CAPELIN,CAPELIN,CPLN,GRND,Groundfish,roe,Capelin - groundfish
820101040,COD ROE,COD,COD,PCOD,GRND,Groundfish,roe,Pacific cod
820101048,COD STEAKS,COD,COD,PCOD,GRND,Groundfish,fillet / steak,Pacific cod
820101051,COD STUFFED,COD,COD,PCOD,GRND,Groundfish,further processed,Pacific cod
820101061,COD FISHPASTE,COD,COD,PCOD,GRND,Groundfish,other / unclassified,Pacific cod
820101090,COD FOR BAIT,COD,COD,PCOD,GRND,Groundfish,"meal, oil, bait, pet food",Pacific cod
820101155,COD MILT,COD,COD,PCOD,GRND,Groundfish,roe,Pacific cod
820101160,COD FILLET,COD,COD,PCOD,GRND,Groundfish,fillet / steak,Pacific cod
820101210,COD MINCED,COD,COD,PCOD,GRND,Groundfish,further processed,Pacific cod
820101222,COD WHOLE,COD,COD,PCOD,GRND,Groundfish,whole / live,Pacific cod
820101223,COD DRESSED,COD,COD,PCOD,GRND,Groundfish,dressed / headed and gutted,Pacific cod
820111160,COD BREADED FILLET,COD,COD,PCOD,GRND,Groundfish,further processed,Pacific cod
820201005,COD BELLIES,COD,COD,PCOD,GRND,Groundfish,other / unclassified,Pacific cod
820201014,COD BONES,COD,COD,PCOD,GRND,Groundfish,other / unclassified,Pacific cod
820201018,COD PECTORAL GIRDLES,COD,COD,PCOD,GRND,Groundfish,other / unclassified,Pacific cod
820201019,COD STOMACHS,COD,COD,PCOD,GRND,Groundfish,other / unclassified,Pacific cod
820201021,COD HEADS,COD,COD,PCOD,GRND,Groundfish,other / unclassified,Pacific cod
820201031,COD SURIMI,COD,COD,PCOD,GRND,Groundfish,further processed,Pacific cod
820201039,COD PORTIONS,COD,COD,PCOD,GRND,Groundfish,further processed,Pacific cod
820201040,COD ROE,COD,COD,PCOD,GRND,Groundfish,roe,Pacific cod
820201048,COD STEAKS,COD,COD,PCOD,GRND,Groundfish,fillet / steak,Pacific cod
820201090,COD FOR BAIT,COD,COD,PCOD,GRND,Groundfish,"meal, oil, bait, pet food",Pacific cod
820201103,COD FORMED FILLET,COD,COD,PCOD,GRND,Groundfish,fillet / steak,Pacific cod
820201155,COD MILT,COD,COD,PCOD,GRND,Groundfish,roe,Pacific cod
820201160,COD FILLET,COD,COD,PCOD,GRND,Groundfish,fillet / steak,Pacific cod
820201161,COD BLOCKS,COD,COD,PCOD,GRND,Groundfish,further processed,Pacific cod
820201162,COD CHEEKS,COD,COD,PCOD,GRND,Groundfish,fillet / steak,Pacific cod
820201210,COD MINCED,COD,COD,PCOD,GRND,Groundfish,further processed,Pacific cod
820201222,COD WHOLE,COD,COD,PCOD,GRND,Groundfish,whole / live,Pacific cod
820201223,COD DRESSED,COD,COD,PCOD,GRND,Groundfish,dressed / headed and gutted,Pacific cod
820201500,COD IN SAUCE,COD,COD,PCOD,GRND,Groundfish,further processed,Pacific cod
820211007,COD BREADED NUGGETS,COD,COD,PCOD,GRND,Groundfish,further processed,Pacific cod
820211039,COD BREADED PORTIONS,COD,COD,PCOD,GRND,Groundfish,further processed,Pacific cod
820211050,COD BREADED STRIPS,COD,COD,PCOD,GRND,Groundfish,further processed,Pacific cod
820211103,COD BREADED FORMED FILLET,COD,COD,PCOD,GRND,Groundfish,further processed,Pacific cod
820211160,COD BREADED FILLET,COD,COD,PCOD,GRND,Groundfish,further processed,Pacific cod
820212007,COD BREADED COOKED NUGGETS,COD,COD,PCOD,GRND,Groundfish,further processed,Pacific cod
820212039,COD BREADED COOKED PORTIONS,COD,COD,PCOD,GRND,Groundfish,further processed,Pacific cod
820212049,COD BREADED COOKED STICKS,COD,COD,PCOD,GRND,Groundfish,further processed,Pacific cod
820212101,COD BREADED COOKED CAKES/PATTY,COD,COD,PCOD,GRND,Groundfish,further processed,Pacific cod
820212160,COD BREADED COOKED FILLET,COD,COD,PCOD,GRND,Groundfish,further processed,Pacific cod
820213007,COD BATTER DIP NUGGETS,COD,COD,PCOD,GRND,Groundfish,further processed,Pacific cod
820213039,COD BATTER DIP PORTIONS,COD,COD,PCOD,GRND,Groundfish,further processed,Pacific cod
820213050,COD BATTER DIP STRIPS,COD,COD,PCOD,GRND,Groundfish,other / unclassified,Pacific cod
820213160,COD BATTER COATED FILLET,COD,COD,PCOD,GRND,Groundfish,fillet / steak,Pacific cod
820300101,COD CAKES,COD,COD,PCOD,GRND,Groundfish,canned,Pacific cod
820420040,COD SALTED ROE,COD,COD,PCOD,GRND,Groundfish,roe,Pacific cod
820420220,COD SALTED,COD,COD,PCOD,GRND,Groundfish,smoked / cured,Pacific cod
820421220,COD PICKLED,COD,COD,PCOD,GRND,Groundfish,smoked / cured,Pacific cod
820430220,COD SMOKED,COD,COD,PCOD,GRND,Groundfish,smoked / cured,Pacific cod
820431220,COD KIPPERED,COD,COD,PCOD,GRND,Groundfish,smoked / cured,Pacific cod
820440036,COD DRIED LUTEFISK,COD,COD,PCOD,GRND,Groundfish,smoked / cured,Pacific cod
820440220,COD DRIED,COD,COD,PCOD,GRND,Groundfish,smoked / cured,Pacific cod
820500301,COD MEAL,COD,COD,PCOD,GRND,Groundfish,"meal, oil, bait, pet food",Pacific cod
820500401,COD BODY OIL,COD,COD,PCOD,GRND,Groundfish,"meal, oil, bait, pet food",Pacific cod
820500402,COD LIVER OIL,COD,COD,PCOD,GRND,Groundfish,"meal, oil, bait, pet food",Pacific cod
820600000,COD,COD,COD,PCOD,GRND,Groundfish,other / unclassified,Pacific cod
1199101040,FLOUNDERS WINTER ROE,FLOUNDERS,FLOUNDERS,FLAT,GRND,Groundfish,roe,All flatfish
1199101160,FLOUNDERS WINTER FILLET,FLOUNDERS,FLOUNDERS,FLAT,GRND,Groundfish,fillet / steak,All flatfish
1199101222,FLOUNDERS WINTER WHOLE,FLOUNDERS,FLOUNDERS,FLAT,GRND,Groundfish,whole / live,All flatfish
1199101223,FLOUNDERS WINTER DRESSED,FLOUNDERS,FLOUNDERS,FLAT,GRND,Groundfish,dressed / headed and gutted,All flatfish
1199201160,FLOUNDERS WINTER FILLET,FLOUNDERS,FLOUNDERS,FLAT,GRND,Groundfish,fillet / steak,All flatfish
1199600000,FLOUNDERS WINTER,FLOUNDERS,FLOUNDERS,FLAT,GRND,Groundfish,other / unclassified,All flatfish
1205101160,FLOUNDERS AMERICAN PLAICE FILLET,FLOUNDERS,FLOUNDERS,FLAT,GRND,Groundfish,fillet / steak,All flatfish
1205101222,FLOUNDERS AMERICAN PLAICE WHOLE,FLOUNDERS,FLOUNDERS,FLAT,GRND,Groundfish,whole / live,All flatfish
1205101223,FLOUNDERS AMERICAN PLAICE DRESSED,FLOUNDERS,FLOUNDERS,FLAT,GRND,Groundfish,dressed / headed and gutted,All flatfish
1205201160,FLOUNDERS AMERICAN PLAICE FILLET,FLOUNDERS,FLOUNDERS,FLAT,GRND,Groundfish,fillet / steak,All flatfish
1211101160,FLOUNDERS SUMMER FILLET,FLOUNDERS,FLOUNDERS,FLAT,GRND,Groundfish,fillet / steak,All flatfish
1211101222,FLOUNDERS SUMMER WHOLE,FLOUNDERS,FLOUNDERS,FLAT,GRND,Groundfish,whole / live,All flatfish
1211101223,FLOUNDERS SUMMER DRESSED,FLOUNDERS,FLOUNDERS,FLAT,GRND,Groundfish,dressed / headed and gutted,All flatfish
1211201160,FLOUNDERS SUMMER FILLET,FLOUNDERS,FLOUNDERS,FLAT,GRND,Groundfish,fillet / steak,All flatfish
1211201223,FLOUNDERS SUMMER DRESSED,FLOUNDERS,FLOUNDERS,FLAT,GRND,Groundfish,dressed / headed and gutted,All flatfish
1211600000,FLOUNDERS SUMMER,FLOUNDERS,FLOUNDERS,FLAT,GRND,Groundfish,other / unclassified,All flatfish
1215101160,FLOUNDERS WITCH FILLET,FLOUNDERS,FLOUNDERS,FLAT,GRND,Groundfish,fillet / steak,All flatfish
1215101222,FLOUNDERS WITCH WHOLE,FLOUNDERS,FLOUNDERS,FLAT,GRND,Groundfish,whole / live,All flatfish
1215201160,FLOUNDERS WITCH FILLET,FLOUNDERS,FLOUNDERS,FLAT,GRND,Groundfish,fillet / steak,All flatfish
1220101160,FLOUNDERS LEMON SOLE FILLET,FLOUNDERS,FLOUNDERS,FLAT,GRND,Groundfish,fillet / steak,All flatfish
1220201160,FLOUNDERS LEMON SOLE FILLET,FLOUNDERS,FLOUNDERS,FLAT,GRND,Groundfish,fillet / steak,All flatfish
1230101040,FLOUNDERS YELLOWTAIL ROE,FLOUNDERS,FLOUNDERS,FLAT,GRND,Groundfish,roe,All flatfish
1230101160,FLOUNDERS YELLOWTAIL FILLET,FLOUNDERS,FLOUNDERS,FLAT,GRND,Groundfish,fillet / steak,All flatfish
1230101222,FLOUNDERS YELLOWTAIL WHOLE,FLOUNDERS,FLOUNDERS,FLAT,GRND,Groundfish,whole / live,All flatfish
1230201160,FLOUNDERS YELLOWTAIL FILLET,FLOUNDERS,FLOUNDERS,FLAT,GRND,Groundfish,fillet / steak,All flatfish
1230600000,FLOUNDERS YELLOWTAIL,FLOUNDERS,FLOUNDERS,FLAT,GRND,Groundfish,other / unclassified,All flatfish
1235101160,FLOUNDERS UNCL FILLET,FLOUNDERS,FLOUNDERS,FLAT,GRND,Groundfish,fillet / steak,All flatfish
1235101222,FLOUNDERS UNCL WHOLE,FLOUNDERS,FLOUNDERS,FLAT,GRND,Groundfish,whole / live,All flatfish
1235101223,FLOUNDERS UNCL DRESSED,FLOUNDERS,FLOUNDERS,FLAT,GRND,Groundfish,dressed / headed and gutted,All flatfish
1235111160,FLOUNDERS UNCL BREADED FILLET,FLOUNDERS,FLOUNDERS,FLAT,GRND,Groundfish,further processed,All flatfish
1235201051,FLOUNDERS UNCL STUFFED,FLOUNDERS,FLOUNDERS,FLAT,GRND,Groundfish,further processed,All flatfish
1235201160,FLOUNDERS UNCL FILLET,FLOUNDERS,FLOUNDERS,FLAT,GRND,Groundfish,fillet / steak,All flatfish
1235201161,FLOUNDERS UNCL BLOCKS,FLOUNDERS,FLOUNDERS,FLAT,GRND,Groundfish,further processed,All flatfish
1235201222,FLOUNDERS UNCL WHOLE,FLOUNDERS,FLOUNDERS,FLAT,GRND,Groundfish,whole / live,All flatfish
1235201223,FLOUNDERS UNCL DRESSED,FLOUNDERS,FLOUNDERS,FLAT,GRND,Groundfish,dressed / headed and gutted,All flatfish
1235201500,FLOUNDERS UNCL IN SAUCE,FLOUNDERS,FLOUNDERS,FLAT,GRND,Groundfish,further processed,All flatfish
1235202160,FLOUNDERS UNCL COOKED FILLET,FLOUNDERS,FLOUNDERS,FLAT,GRND,Groundfish,fillet / steak,All flatfish
1235202500,FLOUNDERS UNCL COOKED IN SAUCE,FLOUNDERS,FLOUNDERS,FLAT,GRND,Groundfish,further processed,All flatfish
1235211048,FLOUNDERS UNCL BREADED STEAKS,FLOUNDERS,FLOUNDERS,FLAT,GRND,Groundfish,further processed,All flatfish
1235211051,FLOUNDERS UNCL BREADED STUFFED,FLOUNDERS,FLOUNDERS,FLAT,GRND,Groundfish,further processed,All flatfish
1235211103,FLOUNDERS UNCL BREADED FORM FILLET,FLOUNDERS,FLOUNDERS,FLAT,GRND,Groundfish,further processed,All flatfish
1235211160,FLOUNDERS UNCL BREADED FILLET,FLOUNDERS,FLOUNDERS,FLAT,GRND,Groundfish,further processed,All flatfish
1235211500,FLOUNDERS UNCL BREADED IN SAUCE,FLOUNDERS,FLOUNDERS,FLAT,GRND,Groundfish,further processed,All flatfish
1235212160,FLOUNDERS UNCL BREADED CKD FILLET,FLOUNDERS,FLOUNDERS,FLAT,GRND,Groundfish,further processed,All flatfish
1235213160,FLOUNDERS UNCL BATTER DIP FILLET,FLOUNDERS,FLOUNDERS,FLAT,GRND,Groundfish,fillet / steak,All flatfish
1235600000,FLOUNDERS UNCL,FLOUNDERS,FLOUNDERS,FLAT,GRND,Groundfish,other / unclassified,All flatfish
1250101160,FLOUNDERS ARROWTOOTH FILLET,FLOUNDERS,FLOUNDERS,FLAT,GRND,Groundfish,fillet / steak,All flatfish
1250101222,FLOUNDERS ARROWTOOTH WHOLE,FLOUNDERS,FLOUNDERS,FLAT,GRND,Groundfish,whole / live,All flatfish
1250101223,FLOUNDERS ARROWTOOTH DRESSED,FLOUNDERS,FLOUNDERS,FLAT,GRND,Groundfish,dressed / headed and gutted,All flatfish
1250201021,FLOUNDERS ARROWTOOTH HEADS,FLOUNDERS,FLOUNDERS,FLAT,GRND,Groundfish,other / unclassified,All flatfish
1250201031,FLOUNDERS ARROWTOOTH SURIMI,FLOUNDERS,FLOUNDERS,FLAT,GRND,Groundfish,further processed,All flatfish
1250201160,FLOUNDERS ARROWTOOTH FILLET,FLOUNDERS,FLOUNDERS,FLAT,GRND,Groundfish,fillet / steak,All flatfish
1250201222,FLOUNDERS ARROWTOOTH WHOLE,FLOUNDERS,FLOUNDERS,FLAT,GRND,Groundfish,whole / live,All flatfish
1250201223,FLOUNDERS ARROWTOOTH DRESSED,FLOUNDERS,FLOUNDERS,FLAT,GRND,Groundfish,dressed / headed and gutted,All flatfish
1260101160,FLOUNDERS SANDDAB FILLET,FLOUNDERS,FLOUNDERS,FLAT,GRND,Groundfish,fillet / steak,All flatfish
1260201160,FLOUNDERS SANDDAB FILLET,FLOUNDERS,FLOUNDERS,FLAT,GRND,Groundfish,fillet / steak,All flatfish
1265101160,FLOUNDERS DOVER SOLE FILLET,FLOUNDERS,FLOUNDERS,FLAT,GRND,Groundfish,fillet / steak,All flatfish
1265101222,FLOUNDERS DOVER SOLE WHOLE,FLOUNDERS,FLOUNDERS,FLAT,GRND,Groundfish,whole / live,All flatfish
1265101223,FLOUNDERS DOVER SOLE DRESSED,FLOUNDERS,FLOUNDERS,FLAT,GRND,Groundfish,dressed / headed and gutted,All flatfish
1265201160,FLOUNDERS DOVER SOLE FILLET,FLOUNDERS,FLOUNDERS,FLAT,GRND,Groundfish,fillet / steak,All flatfish
1265201161,FLOUNDERS DOVER SOLE BLOCKS,FLOUNDERS,FLOUNDERS,FLAT,GRND,Groundfish,further processed,All flatfish
1265201222,FLOUNDERS DOVER SOLE WHOLE,FLOUNDERS,FLOUNDERS,FLAT,GRND,Groundfish,whole / live,All flatfish
1265201223,FLOUNDERS DOVER SOLE DRESSED,FLOUNDERS,FLOUNDERS,FLAT,GRND,Groundfish,dressed / headed and gutted,All flatfish
1270101160,FLOUNDERS ENGLISH SOLE FILLET,FLOUNDERS,FLOUNDERS,FLAT,GRND,Groundfish,fillet / steak,All flatfish
1270101223,FLOUNDERS ENGLISH SOLE DRESSED,FLOUNDERS,FLOUNDERS,FLAT,GRND,Groundfish,dressed / headed and gutted,All flatfish
1270201160,FLOUNDERS ENGLISH SOLE FILLET,FLOUNDERS,FLOUNDERS,FLAT,GRND,Groundfish,fillet / steak,All flatfish
1270201223,FLOUNDERS ENGLISH SOLE DRESSED,FLOUNDERS,FLOUNDERS,FLAT,GRND,Groundfish,dressed / headed and gutted,All flatfish
1270211160,FLOUNDERS ENGLISH SOLE BRD FILLET,FLOUNDERS,FLOUNDERS,FLAT,GRND,Groundfish,further processed,All flatfish
1272101160,FLOUNDERS FLATHEAD SOLE FILLET,FLOUNDERS,FLOUNDERS,FLAT,GRND,Groundfish,fillet / steak,All flatfish
1272101223,FLOUNDERS FLATHEAD SOLE DRESSED,FLOUNDERS,FLOUNDERS,FLAT,GRND,Groundfish,dressed / headed and gutted,All flatfish
1272201160,FLOUNDERS FLATHEAD SOLE FILLET,FLOUNDERS,FLOUNDERS,FLAT,GRND,Groundfish,fillet / steak,All flatfish
1272201222,FLOUNDERS FLATHEAD SOLE WHOLE,FLOUNDERS,FLOUNDERS,FLAT,GRND,Groundfish,whole / live,All flatfish
1272201223,FLOUNDERS FLATHEAD SOLE DRESSED,FLOUNDERS,FLOUNDERS,FLAT,GRND,Groundfish,dressed / headed and gutted,All flatfish
1275101160,FLOUNDERS PETRALE SOLE FILLET,FLOUNDERS,FLOUNDERS,FLAT,GRND,Groundfish,fillet / steak,All flatfish
1275101223,FLOUNDERS PETRALE SOLE DRESSED,FLOUNDERS,FLOUNDERS,FLAT,GRND,Groundfish,dressed / headed and gutted,All flatfish
1275201160,FLOUNDERS PETRALE SOLE FILLET,FLOUNDERS,FLOUNDERS,FLAT,GRND,Groundfish,fillet / steak,All flatfish
1275201223,FLOUNDERS PETRALE SOLE DRESSED,FLOUNDERS,FLOUNDERS,FLAT,GRND,Groundfish,dressed / headed and gutted,All flatfish
1280101160,FLOUNDERS REX SOLE FILLET,FLOUNDERS,FLOUNDERS,FLAT,GRND,Groundfish,fillet / steak,All flatfish
1280101223,FLOUNDERS REX SOLE DRESSED,FLOUNDERS,FLOUNDERS,FLAT,GRND,Groundfish,dressed / headed and gutted,All flatfish
1280201160,FLOUNDERS REX SOLE FILLET,FLOUNDERS,FLOUNDERS,FLAT,GRND,Groundfish,fillet / steak,All flatfish
1280201223,FLOUNDERS REX SOLE DRESSED,FLOUNDERS,FLOUNDERS,FLAT,GRND,Groundfish,dressed / headed and gutted,All flatfish
1282101160,FLOUNDERS ROCK SOLE FILLET,FLOUNDERS,FLOUNDERS,FLAT,GRND,Groundfish,fillet / steak,All flatfish
1282101222,FLOUNDERS ROCK SOLE WHOLE,FLOUNDERS,FLOUNDERS,FLAT,GRND,Groundfish,whole / live,All flatfish
1282101223,FLOUNDERS ROCK SOLE DRESSED,FLOUNDERS,FLOUNDERS,FLAT,GRND,Groundfish,dressed / headed and gutted,All flatfish
1282201040,FLOUNDERS ROCK SOLE ROE,FLOUNDERS,FLOUNDERS,FLAT,GRND,Groundfish,roe,All flatfish
1282201048,FLOUNDERS ROCK SOLE STEAKS,FLOUNDERS,FLOUNDERS,FLAT,GRND,Groundfish,fillet / steak,All flatfish
1282201160,FLOUNDERS ROCK SOLE FILLET,FLOUNDERS,FLOUNDERS,FLAT,GRND,Groundfish,fillet / steak,All flatfish
1282201222,FLOUNDERS ROCK SOLE WHOLE,FLOUNDERS,FLOUNDERS,FLAT,GRND,Groundfish,whole / live,All flatfish
1282201223,FLOUNDERS ROCK SOLE DRESSED,FLOUNDERS,FLOUNDERS,FLAT,GRND,Groundfish,dressed / headed and gutted,All flatfish
1285101160,FLOUNDERS SAND SOLE FILLET,FLOUNDERS,FLOUNDERS,FLAT,GRND,Groundfish,fillet / steak,All flatfish
1285201160,FLOUNDERS SAND SOLE FILLET,FLOUNDERS,FLOUNDERS,FLAT,GRND,Groundfish,fillet / steak,All flatfish
1285201223,FLOUNDERS SAND SOLE DRESSED,FLOUNDERS,FLOUNDERS,FLAT,GRND,Groundfish,dressed / headed and gutted,All flatfish
1285600000,FLOUNDERS SAND SOLE,FLOUNDERS,FLOUNDERS,FLAT,GRND,Groundfish,other / unclassified,All flatfish
1287101160,FLOUNDERS YELLOWFIN SOLE FILLET,FLOUNDERS,FLOUNDERS,FLAT,GRND,Groundfish,fillet / steak,All flatfish
1287101223,FLOUNDERS YELLOWFIN SOLE DRESSED,FLOUNDERS,FLOUNDERS,FLAT,GRND,Groundfish,dressed / headed and gutted,All flatfish
1287201031,FLOUNDERS YELLOWFIN SOLE SURIMI,FLOUNDERS,FLOUNDERS,FLAT,GRND,Groundfish,further processed,All flatfish
1287201048,FLOUNDERS YELLOWFIN SOLE STEAKS,FLOUNDERS,FLOUNDERS,FLAT,GRND,Groundfish,fillet / steak,All flatfish
1287201090,FLOUNDERS YELLOWFIN SOLE FOR BAIT,FLOUNDERS,FLOUNDERS,FLAT,GRND,Groundfish,"meal, oil, bait, pet food",All flatfish
1287201160,FLOUNDERS YELLOWFIN SOLE FILLET,FLOUNDERS,FLOUNDERS,FLAT,GRND,Groundfish,fillet / steak,All flatfish
1287201222,FLOUNDERS YELLOWFIN SOLE WHOLE,FLOUNDERS,FLOUNDERS,FLAT,GRND,Groundfish,whole / live,All flatfish
1287201223,FLOUNDERS YELLOWFIN SOLE DRESSED,FLOUNDERS,FLOUNDERS,FLAT,GRND,Groundfish,dressed / headed and gutted,All flatfish
1289101160,FLOUNDERS STARRY FILLET,FLOUNDERS,FLOUNDERS,FLAT,GRND,Groundfish,fillet / steak,All flatfish
1289101223,FLOUNDERS STARRY DRESSED,FLOUNDERS,FLOUNDERS,FLAT,GRND,Groundfish,dressed / headed and gutted,All flatfish
1289201031,FLOUNDERS STARRY SURIMI,FLOUNDERS,FLOUNDERS,FLAT,GRND,Groundfish,further processed,All flatfish
1289201160,FLOUNDERS STARRY FILLET,FLOUNDERS,FLOUNDERS,FLAT,GRND,Groundfish,fillet / steak,All flatfish
1289201223,FLOUNDERS STARRY DRESSED,FLOUNDERS,FLOUNDERS,FLAT,GRND,Groundfish,dressed / headed and gutted,All flatfish
1295101048,FLOUNDERS PAC STEAKS,FLOUNDERS,FLOUNDERS,FLAT,GRND,Groundfish,fillet / steak,All flatfish
1295101051,FLOUNDERS PAC STUFFED,FLOUNDERS,FLOUNDERS,FLAT,GRND,Groundfish,further processed,All flatfish
1295101090,FLOUNDERS PAC FOR BAIT,FLOUNDERS,FLOUNDERS,FLAT,GRND,Groundfish,"meal, oil, bait, pet food",All flatfish
1295101160,FLOUNDERS PAC FILLET,FLOUNDERS,FLOUNDERS,FLAT,GRND,Groundfish,fillet / steak,All flatfish
1295101222,FLOUNDERS PAC WHOLE,FLOUNDERS,FLOUNDERS,FLAT,GRND,Groundfish,whole / live,All flatfish
1295101223,FLOUNDERS PAC DRESSED,FLOUNDERS,FLOUNDERS,FLAT,GRND,Groundfish,dressed / headed and gutted,All flatfish
1295201014,FLOUNDERS PAC BONES,FLOUNDERS,FLOUNDERS,FLAT,GRND,Groundfish,other / unclassified,All flatfish
1295201018,FLOUNDERS PAC PECTORAL GIRDLES,FLOUNDERS,FLOUNDERS,FLAT,GRND,Groundfish,other / unclassified,All flatfish
1295201021,FLOUNDERS PAC HEADS,FLOUNDERS,FLOUNDERS,FLAT,GRND,Groundfish,other / unclassified,All flatfish
1295201031,FLOUNDERS PAC SURIMI,FLOUNDERS,FLOUNDERS,FLAT,GRND,Groundfish,further processed,All flatfish
1295201048,FLOUNDERS PAC STEAKS,FLOUNDERS,FLOUNDERS,FLAT,GRND,Groundfish,fillet / steak,All flatfish
1295201051,FLOUNDERS PAC STUFFED,FLOUNDERS,FLOUNDERS,FLAT,GRND,Groundfish,further processed,All flatfish
1295201090,FLOUNDERS PAC FOR BAIT,FLOUNDERS,FLOUNDERS,FLAT,GRND,Groundfish,"meal, oil, bait, pet food",All flatfish
1295201160,FLOUNDERS PAC FILLET,FLOUNDERS,FLOUNDERS,FLAT,GRND,Groundfish,fillet / steak,All flatfish
1295201161,FLOUNDERS PAC BLOCKS,FLOUNDERS,FLOUNDERS,FLAT,GRND,Groundfish,further processed,All flatfish
1295201162,FLOUNDERS PAC CHEEKS,FLOUNDERS,FLOUNDERS,FLAT,GRND,Groundfish,other / unclassified,All flatfish
1295201210,FLOUNDERS PAC MINCED,FLOUNDERS,FLOUNDERS,FLAT,GRND,Groundfish,further processed,All flatfish
1295201222,FLOUNDERS PAC WHOLE,FLOUNDERS,FLOUNDERS,FLAT,GRND,Groundfish,whole / live,All flatfish
1295201223,FLOUNDERS PAC DRESSED,FLOUNDERS,FLOUNDERS,FLAT,GRND,Groundfish,dressed / headed and gutted,All flatfish
1295211051,FLOUNDERS PAC BREADED STUFFED,FLOUNDERS,FLOUNDERS,FLAT,GRND,Groundfish,further processed,All flatfish
1295500301,FLOUNDERS PAC MEAL,FLOUNDERS,FLOUNDERS,FLAT,GRND,Groundfish,"meal, oil, bait, pet food",All flatfish
1295500401,FLOUNDERS PAC BODY OIL,FLOUNDERS,FLOUNDERS,FLAT,GRND,Groundfish,"meal, oil, bait, pet food",All flatfish
1295600000,FLOUNDERS PAC,FLOUNDERS,FLOUNDERS,FLAT,GRND,Groundfish,other / unclassified,All flatfish
1380101160,GRENADIER FILLET,GRENADIER,GRENADIER,GRDR,GRND,Groundfish,fillet / steak,Grenadiers
1380201160,GRENADIER FILLET,GRENADIER,GRENADIER,GRDR,GRND,Groundfish,fillet / steak,Grenadiers
1400101160,GROUNDFISH FILLET,GROUNDFISH,GROUNDFISH,GRND,GRND,Groundfish,fillet / steak,Unspecified groundfish
1400101222,GROUNDFISH WHOLE,GROUNDFISH,GROUNDFISH,GRND,GRND,Groundfish,whole / live,Unspecified groundfish
1400101223,GROUNDFISH DRESSED,GROUNDFISH,GROUNDFISH,GRND,GRND,Groundfish,dressed / headed and gutted,Unspecified groundfish
1400201160,GROUNDFISH FILLET,GROUNDFISH,GROUNDFISH,GRND,GRND,Groundfish,fillet / steak,Unspecified groundfish
1400600000,GROUNDFISH,GROUNDFISH,GROUNDFISH,GRND,GRND,Groundfish,other / unclassified,Unspecified groundfish
1520101160,HAKE RED FILLET,HAKE,HAKE,PWHT,GRND,Groundfish,fillet / steak,Pacific whiting/hake
1520101222,HAKE RED WHOLE,HAKE,HAKE,PWHT,GRND,Groundfish,whole / live,Pacific whiting/hake
1520101223,HAKE RED DRESSED,HAKE,HAKE,PWHT,GRND,Groundfish,dressed / headed and gutted,Pacific whiting/hake
1520430220,HAKE RED SMOKED,HAKE,HAKE,PWHT,GRND,Groundfish,smoked / cured,Pacific whiting/hake
1520600000,HAKE RED,HAKE,HAKE,PWHT,GRND,Groundfish,other / unclassified,Pacific whiting/hake
1540101160,HAKE WHITE FILLET,HAKE,HAKE,PWHT,GRND,Groundfish,fillet / steak,Pacific whiting/hake
1540101222,HAKE WHITE WHOLE,HAKE,HAKE,PWHT,GRND,Groundfish,whole / live,Pacific whiting/hake
1540101223,HAKE WHITE DRESSED,HAKE,HAKE,PWHT,GRND,Groundfish,dressed / headed and gutted,Pacific whiting/hake
1540201160,HAKE WHITE FILLET,HAKE,HAKE,PWHT,GRND,Groundfish,fillet / steak,Pacific whiting/hake
1540201222,HAKE WHITE WHOLE,HAKE,HAKE,PWHT,GRND,Groundfish,whole / live,Pacific whiting/hake
1540201223,HAKE WHITE DRESSED,HAKE,HAKE,PWHT,GRND,Groundfish,dressed / headed and gutted,Pacific whiting/hake
1540420220,HAKE WHITE SALTED,HAKE,HAKE,PWHT,GRND,Groundfish,smoked / cured,Pacific whiting/hake
1540430220,HAKE WHITE SMOKED,HAKE,HAKE,PWHT,GRND,Groundfish,smoked / cured,Pacific whiting/hake
1542101160,HAKE PACIFIC FILLET,HAKE,HAKE,PWHT,GRND,Groundfish,fillet / steak,Pacific whiting/hake
1542101223,HAKE PACIFIC DRESSED,HAKE,HAKE,PWHT,GRND,Groundfish,dressed / headed and gutted,Pacific whiting/hake
1542201031,HAKE PACIFIC SURIMI,HAKE,HAKE,PWHT,GRND,Groundfish,further processed,Pacific whiting/hake
1542201090,HAKE PACIFIC FOR BAIT,HAKE,HAKE,PWHT,GRND,Groundfish,"meal, oil, bait, pet food",Pacific whiting/hake
1542201160,HAKE PACIFIC FILLET,HAKE,HAKE,PWHT,GRND,Groundfish,fillet / steak,Pacific whiting/hake
1542201161,HAKE PACIFIC BLOCKS,HAKE,HAKE,PWHT,GRND,Groundfish,further processed,Pacific whiting/hake
1542201210,HAKE PACIFIC MINCED,HAKE,HAKE,PWHT,GRND,Groundfish,further processed,Pacific whiting/hake
1542201223,HAKE PACIFIC DRESSED,HAKE,HAKE,PWHT,GRND,Groundfish,dressed / headed and gutted,Pacific whiting/hake
1542202042,HAKE PACIFIC SURIMI ANALOG,HAKE,HAKE,PWHT,GRND,Groundfish,further processed,Pacific whiting/hake
1542500301,HAKE PACIFIC MEAL,HAKE,HAKE,PWHT,GRND,Groundfish,"meal, oil, bait, pet food",Pacific whiting/hake
1542500401,HAKE PACIFIC BODY OIL,HAKE,HAKE,PWHT,GRND,Groundfish,"meal, oil, bait, pet food",Pacific whiting/hake
1542600000,HAKE PACIFIC,HAKE,HAKE,PWHT,GRND,Groundfish,other / unclassified,Pacific whiting/hake
5090101160,HAKE SILVER FILLET,HAKE,HAKE,PWHT,GRND,Groundfish,fillet / steak,Pacific whiting/hake
5090101222,HAKE SILVER WHOLE,HAKE,HAKE,PWHT,GRND,Groundfish,whole / live,Pacific whiting/hake
5090101223,HAKE SILVER DRESSED,HAKE,HAKE,PWHT,GRND,Groundfish,dressed / headed and gutted,Pacific whiting/hake
5090101225,HAKE SILVER HEADED & DRESSED,HAKE,HAKE,PWHT,GRND,Groundfish,dressed / headed and gutted,Pacific whiting/hake
5090201160,HAKE SILVER FILLET,HAKE,HAKE,PWHT,GRND,Groundfish,fillet / steak,Pacific whiting/hake
5090201161,HAKE SILVER BLOCKS,HAKE,HAKE,PWHT,GRND,Groundfish,further processed,Pacific whiting/hake
5090201222,HAKE SILVER WHOLE,HAKE,HAKE,PWHT,GRND,Groundfish,whole / live,Pacific whiting/hake
5090201223,HAKE SILVER DRESSED,HAKE,HAKE,PWHT,GRND,Groundfish,dressed / headed and gutted,Pacific whiting/hake
5090201225,HAKE SILVER HEADED & DRESSED,HAKE,HAKE,PWHT,GRND,Groundfish,dressed / headed and gutted,Pacific whiting/hake
5090212039,HAKE SILVER BREADED CKD PORTIONS,HAKE,HAKE,PWHT,GRND,Groundfish,further processed,Pacific whiting/hake
5090212049,HAKE SILVER BREADED COOKED STICKS,HAKE,HAKE,PWHT,GRND,Groundfish,further processed,Pacific whiting/hake
5090213039,HAKE SILVER BATTER DIP PORTIONS,HAKE,HAKE,PWHT,GRND,Groundfish,further processed,Pacific whiting/hake
5090300110,HAKE SILVER CHOWDERS,HAKE,HAKE,PWHT,GRND,Groundfish,canned,Pacific whiting/hake
5090430220,HAKE SILVER SMOKED,HAKE,HAKE,PWHT,GRND,Groundfish,smoked / cured,Pacific whiting/hake
5090600000,HAKE SILVER,HAKE,HAKE,PWHT,GRND,Groundfish,other / unclassified,Pacific whiting/hake
2090101160,LINGCOD FILLET,LINGCOD,LINGCOD,LCOD,GRND,Groundfish,fillet / steak,Lingcod
2090101222,LINGCOD WHOLE,LINGCOD,LINGCOD,LCOD,GRND,Groundfish,whole / live,Lingcod
2090101223,LINGCOD DRESSED,LINGCOD,LINGCOD,LCOD,GRND,Groundfish,dressed / headed and gutted,Lingcod
2090201160,LINGCOD FILLET,LINGCOD,LINGCOD,LCOD,GRND,Groundfish,fillet / steak,Lingcod
2090201222,LINGCOD WHOLE,LINGCOD,LINGCOD,LCOD,GRND,Groundfish,whole / live,Lingcod
2090201223,LINGCOD DRESSED,LINGCOD,LINGCOD,LCOD,GRND,Groundfish,dressed / headed and gutted,Lingcod
2090430220,LINGCOD SMOKED,LINGCOD,LINGCOD,LCOD,GRND,Groundfish,smoked / cured,Lingcod
2400101160,OCEAN PERCH ATLANTIC FILLET,OCEAN,OCEAN PERCH,POP,GRND,Groundfish,fillet / steak,Ocean perch (Pacific ocean perch)
2400101222,OCEAN PERCH ATLANTIC WHOLE,OCEAN,OCEAN PERCH,POP,GRND,Groundfish,whole / live,Ocean perch (Pacific ocean perch)
2400101223,OCEAN PERCH ATLANTIC DRESSED,OCEAN,OCEAN PERCH,POP,GRND,Groundfish,dressed / headed and gutted,Ocean perch (Pacific ocean perch)
2400111160,OCEAN PERCH ATL BREADED FILLET,OCEAN,OCEAN PERCH,POP,GRND,Groundfish,further processed,Ocean perch (Pacific ocean perch)
2400112160,OCEAN PERCH ATL BREADED CKD FILLET,OCEAN,OCEAN PERCH,POP,GRND,Groundfish,further processed,Ocean perch (Pacific ocean perch)
2400201160,OCEAN PERCH ATLANTIC FILLET,OCEAN,OCEAN PERCH,POP,GRND,Groundfish,fillet / steak,Ocean perch (Pacific ocean perch)
2400201161,OCEAN PERCH ATLANTIC BLOCKS,OCEAN,OCEAN PERCH,POP,GRND,Groundfish,further processed,Ocean perch (Pacific ocean perch)
2400201223,OCEAN PERCH ATLANTIC DRESSED,OCEAN,OCEAN PERCH,POP,GRND,Groundfish,dressed / headed and gutted,Ocean perch (Pacific ocean perch)
2400211103,OCEAN PERCH ATL BREAD FORM FILLET,OCEAN,OCEAN PERCH,POP,GRND,Groundfish,fillet / steak,Ocean perch (Pacific ocean perch)
2400211160,OCEAN PERCH ATL BREADED FILLET,OCEAN,OCEAN PERCH,POP,GRND,Groundfish,further processed,Ocean perch (Pacific ocean perch)
2400212039,OCEAN PERCH ATL BRD CKD PORTIONS,OCEAN,OCEAN PERCH,POP,GRND,Groundfish,further processed,Ocean perch (Pacific ocean perch)
2400212160,OCEAN PERCH ATL BREADED CKD FILLET,OCEAN,OCEAN PERCH,POP,GRND,Groundfish,further processed,Ocean perch (Pacific ocean perch)
2400213160,OCEAN PERCH ATL BATTER DIP FILLET,OCEAN,OCEAN PERCH,POP,GRND,Groundfish,fillet / steak,Ocean perch (Pacific ocean perch)
2410101160,OCEAN PERCH PACIFIC FILLET,OCEAN,OCEAN PERCH,POP,GRND,Groundfish,fillet / steak,Ocean perch (Pacific ocean perch)
2410101222,OCEAN PERCH PACIFIC WHOLE,OCEAN,OCEAN PERCH,POP,GRND,Groundfish,whole / live,Ocean perch (Pacific ocean perch)
2410101223,OCEAN PERCH PACIFIC DRESSED,OCEAN,OCEAN PERCH,POP,GRND,Groundfish,dressed / headed and gutted,Ocean perch (Pacific ocean perch)
2410201018,OCEAN PERCH PAC PECTORAL GIRDLES,OCEAN,OCEAN PERCH,POP,GRND,Groundfish,other / unclassified,Ocean perch (Pacific ocean perch)
2410201021,OCEAN PERCH PACIFIC HEADS,OCEAN,OCEAN PERCH,POP,GRND,Groundfish,other / unclassified,Ocean perch (Pacific ocean perch)
2410201031,OCEAN PERCH PACIFIC SURIMI,OCEAN,OCEAN PERCH,POP,GRND,Groundfish,further processed,Ocean perch (Pacific ocean perch)
2410201160,OCEAN PERCH PACIFIC FILLET,OCEAN,OCEAN PERCH,POP,GRND,Groundfish,fillet / steak,Ocean perch (Pacific ocean perch)
2410201162,OCEAN PERCH PACIFIC CHEEKS,OCEAN,OCEAN PERCH,POP,GRND,Groundfish,other / unclassified,Ocean perch (Pacific ocean perch)
2410201222,OCEAN PERCH PACIFIC WHOLE,OCEAN,OCEAN PERCH,POP,GRND,Groundfish,whole / live,Ocean perch (Pacific ocean perch)
2410201223,OCEAN PERCH PACIFIC DRESSED,OCEAN,OCEAN PERCH,POP,GRND,Groundfish,dressed / headed and gutted,Ocean perch (Pacific ocean perch)
2410211160,OCEAN PERCH PACIFIC BREADED FILLET,OCEAN,OCEAN PERCH,POP,GRND,Groundfish,further processed,Ocean perch (Pacific ocean perch)
2410500301,OCEAN PERCH PACIFIC MEAL,OCEAN,OCEAN PERCH,POP,GRND,Groundfish,"meal, oil, bait, pet food",Ocean perch (Pacific ocean perch)
2410500401,OCEAN PERCH PACIFIC BODY OIL,OCEAN,OCEAN PERCH,POP,GRND,Groundfish,"meal, oil, bait, pet food",Ocean perch (Pacific ocean perch)
2410600000,OCEAN PERCH PACIFIC,OCEAN,OCEAN PERCH,POP,GRND,Groundfish,other / unclassified,Ocean perch (Pacific ocean perch)
2500101160,OCEAN POUT FILLET,OCEAN,OCEAN PERCH,POP,GRND,Groundfish,fillet / steak,Ocean perch (Pacific ocean perch)
2500201160,OCEAN POUT FILLET,OCEAN,OCEAN PERCH,POP,GRND,Groundfish,fillet / steak,Ocean perch (Pacific ocean perch)
2500430220,OCEAN POUT SMOKED,OCEAN,OCEAN PERCH,POP,GRND,Groundfish,smoked / cured,Ocean perch (Pacific ocean perch)
2690101160,POLLOCK ATLANTIC FILLET,POLLOCK,POLLOCK,PLCK,GRND,Groundfish,fillet / steak,Walleye pollock
2690101210,POLLOCK ATLANTIC MINCED,POLLOCK,POLLOCK,PLCK,GRND,Groundfish,further processed,Walleye pollock
2690101223,POLLOCK ATLANTIC DRESSED,POLLOCK,POLLOCK,PLCK,GRND,Groundfish,dressed / headed and gutted,Walleye pollock
2690201048,POLLOCK ATLANTIC STEAKS,POLLOCK,POLLOCK,PLCK,GRND,Groundfish,fillet / steak,Walleye pollock
2690201160,POLLOCK ATLANTIC FILLET,POLLOCK,POLLOCK,PLCK,GRND,Groundfish,fillet / steak,Walleye pollock
2690201161,POLLOCK ATLANTIC BLOCKS,POLLOCK,POLLOCK,PLCK,GRND,Groundfish,further processed,Walleye pollock
2690201223,POLLOCK ATLANTIC DRESSED,POLLOCK,POLLOCK,PLCK,GRND,Groundfish,dressed / headed and gutted,Walleye pollock
2690211103,POLLOCK ATLANTIC BREAD FORM FILLET,POLLOCK,POLLOCK,PLCK,GRND,Groundfish,fillet / steak,Walleye pollock
2690211160,POLLOCK ATLANTIC BREADED FILLET,POLLOCK,POLLOCK,PLCK,GRND,Groundfish,further processed,Walleye pollock
2690212039,POLLOCK ATLANTIC BRD CKD PORTIONS,POLLOCK,POLLOCK,PLCK,GRND,Groundfish,further processed,Walleye pollock
2690212049,POLLOCK ATLANTIC BREAD CKD STICKS,POLLOCK,POLLOCK,PLCK,GRND,Groundfish,further processed,Walleye pollock
2690213039,POLLOCK ATL BATTER DIP PORTIONS,POLLOCK,POLLOCK,PLCK,GRND,Groundfish,further processed,Walleye pollock
2690420220,POLLOCK ATLANTIC SALTED,POLLOCK,POLLOCK,PLCK,GRND,Groundfish,smoked / cured,Walleye pollock
2690430220,POLLOCK ATLANTIC SMOKED,POLLOCK,POLLOCK,PLCK,GRND,Groundfish,smoked / cured,Walleye pollock
2690440220,POLLOCK ATLANTIC DRIED,POLLOCK,POLLOCK,PLCK,GRND,Groundfish,smoked / cured,Walleye pollock
2690600000,POLLOCK ATLANTIC,POLLOCK,POLLOCK,PLCK,GRND,Groundfish,other / unclassified,Walleye pollock
2692101039,POLLOCK PAC PORTIONS,POLLOCK,POLLOCK,PLCK,GRND,Groundfish,further processed,Walleye pollock
2692101040,POLLOCK PAC ROE,POLLOCK,POLLOCK,PLCK,GRND,Groundfish,roe,Walleye pollock
2692101090,POLLOCK PAC FOR BAIT,POLLOCK,POLLOCK,PLCK,GRND,Groundfish,"meal, oil, bait, pet food",Walleye pollock
2692101160,POLLOCK PAC FILLET,POLLOCK,POLLOCK,PLCK,GRND,Groundfish,fillet / steak,Walleye pollock
2692101222,POLLOCK PAC WHOLE,POLLOCK,POLLOCK,PLCK,GRND,Groundfish,whole / live,Walleye pollock
2692101223,POLLOCK PAC DRESSED,POLLOCK,POLLOCK,PLCK,GRND,Groundfish,dressed / headed and gutted,Walleye pollock
2692102042,POLLOCK PAC SURIMI ANALOG,POLLOCK,POLLOCK,PLCK,GRND,Groundfish,further processed,Walleye pollock
2692111160,POLLOCK PAC BREADED FILLET,POLLOCK,POLLOCK,PLCK,GRND,Groundfish,further processed,Walleye pollock
2692201014,POLLOCK PAC BONES,POLLOCK,POLLOCK,PLCK,GRND,Groundfish,other / unclassified,Walleye pollock
2692201021,POLLOCK PAC HEADS,POLLOCK,POLLOCK,PLCK,GRND,Groundfish,other / unclassified,Walleye pollock
2692201031,POLLOCK PAC SURIMI,POLLOCK,POLLOCK,PLCK,GRND,Groundfish,further processed,Walleye pollock
2692201039,POLLOCK PAC PORTIONS,POLLOCK,POLLOCK,PLCK,GRND,Groundfish,further processed,Walleye pollock
2692201040,POLLOCK PAC ROE,POLLOCK,POLLOCK,PLCK,GRND,Groundfish,roe,Walleye pollock
2692201048,POLLOCK PAC STEAKS,POLLOCK,POLLOCK,PLCK,GRND,Groundfish,fillet / steak,Walleye pollock
2692201090,POLLOCK PAC FOR BAIT,POLLOCK,POLLOCK,PLCK,GRND,Groundfish,"meal, oil, bait, pet food",Walleye pollock
2692201155,POLLOCK PAC MILT,POLLOCK,POLLOCK,PLCK,GRND,Groundfish,roe,Walleye pollock
2692201160,POLLOCK PAC FILLET,POLLOCK,POLLOCK,PLCK,GRND,Groundfish,fillet / steak,Walleye pollock
2692201161,POLLOCK PAC BLOCKS,POLLOCK,POLLOCK,PLCK,GRND,Groundfish,further processed,Walleye pollock
2692201210,POLLOCK PAC MINCED,POLLOCK,POLLOCK,PLCK,GRND,Groundfish,further processed,Walleye pollock
2692201222,POLLOCK PAC WHOLE,POLLOCK,POLLOCK,PLCK,GRND,Groundfish,whole / live,Walleye pollock
2692201223,POLLOCK PAC DRESSED,POLLOCK,POLLOCK,PLCK,GRND,Groundfish,dressed / headed and gutted,Walleye pollock
2692202042,POLLOCK PAC SURIMI ANALOG,POLLOCK,POLLOCK,PLCK,GRND,Groundfish,further processed,Walleye pollock
2692211007,POLLOCK PAC BREADED NUGGETS,POLLOCK,POLLOCK,PLCK,GRND,Groundfish,further processed,Walleye pollock
2692211039,POLLOCK PAC BREADED PORTIONS,POLLOCK,POLLOCK,PLCK,GRND,Groundfish,further processed,Walleye pollock
2692211042,POLLOCK PAC BREADED SURIMI ANALOG,POLLOCK,POLLOCK,PLCK,GRND,Groundfish,further processed,Walleye pollock
2692211051,POLLOCK PAC BREADED STUFFED,POLLOCK,POLLOCK,PLCK,GRND,Groundfish,further processed,Walleye pollock
2692211103,POLLOCK PAC BREADED FORM FILLET,POLLOCK,POLLOCK,PLCK,GRND,Groundfish,further processed,Walleye pollock
2692211160,POLLOCK PAC BREADED FILLET,POLLOCK,POLLOCK,PLCK,GRND,Groundfish,further processed,Walleye pollock
2692212039,POLLOCK PAC BREADED CKD PORTIONS,POLLOCK,POLLOCK,PLCK,GRND,Groundfish,further processed,Walleye pollock
2692212049,POLLOCK PAC BREADED COOKED STICKS,POLLOCK,POLLOCK,PLCK,GRND,Groundfish,further processed,Walleye pollock
2692212160,POLLOCK PAC BREADED COOKED FILLET,POLLOCK,POLLOCK,PLCK,GRND,Groundfish,further processed,Walleye pollock
2692213039,POLLOCK PAC BATTER DIP PORTIONS,POLLOCK,POLLOCK,PLCK,GRND,Groundfish,further processed,Walleye pollock
2692213049,POLLOCK PAC BATTER DIP STICKS,POLLOCK,POLLOCK,PLCK,GRND,Groundfish,further processed,Walleye pollock
2692213160,POLLOCK PAC BATTER DIP FILLET,POLLOCK,POLLOCK,PLCK,GRND,Groundfish,fillet / steak,Walleye pollock
2692300042,POLLOCK PAC SURIMI ANALOG,POLLOCK,POLLOCK,PLCK,GRND,Groundfish,canned,Walleye pollock
2692420040,POLLOCK PAC SALTED ROE,POLLOCK,POLLOCK,PLCK,GRND,Groundfish,roe,Walleye pollock
2692420220,POLLOCK PAC SALTED,POLLOCK,POLLOCK,PLCK,GRND,Groundfish,smoked / cured,Walleye pollock
2692440220,POLLOCK PAC DRIED,POLLOCK,POLLOCK,PLCK,GRND,Groundfish,smoked / cured,Walleye pollock
2692500301,POLLOCK PAC MEAL,POLLOCK,POLLOCK,PLCK,GRND,Groundfish,"meal, oil, bait, pet food",Walleye pollock
2692500401,POLLOCK PAC BODY OIL,POLLOCK,POLLOCK,PLCK,GRND,Groundfish,"meal, oil, bait, pet food",Walleye pollock
2692600000,POLLOCK PAC,POLLOCK,POLLOCK,PLCK,GRND,Groundfish,other / unclassified,Walleye pollock
2900101160,ROCK BASS FRESHWATER FILLET,ROCK,ROCK BASS,ORCK,GRND,Groundfish,fillet / steak,Rock fish (other rockfish)
2900101223,ROCK BASS FRESHWATER DRESSED,ROCK,ROCK BASS,ORCK,GRND,Groundfish,dressed / headed and gutted,Rock fish (other rockfish)
2960101160,ROCKFISHES FILLET,ROCKFISHES,ROCKFISHES,ROCK,GRND,Groundfish,fillet / steak,All rockfish
2960101222,ROCKFISHES WHOLE,ROCKFISHES,ROCKFISHES,ROCK,GRND,Groundfish,whole / live,All rockfish
2960101223,ROCKFISHES DRESSED,ROCKFISHES,ROCKFISHES,ROCK,GRND,Groundfish,dressed / headed and gutted,All rockfish
2960201005,ROCKFISHES BELLIES,ROCKFISHES,ROCKFISHES,ROCK,GRND,Groundfish,other / unclassified,All rockfish
2960201018,ROCKFISHES PECTORAL GIRDLES,ROCKFISHES,ROCKFISHES,ROCK,GRND,Groundfish,other / unclassified,All rockfish
2960201021,ROCKFISHES HEADS,ROCKFISHES,ROCKFISHES,ROCK,GRND,Groundfish,other / unclassified,All rockfish
2960201031,ROCKFISHES SURIMI,ROCKFISHES,ROCKFISHES,ROCK,GRND,Groundfish,further processed,All rockfish
2960201090,ROCKFISHES FOR BAIT,ROCKFISHES,ROCKFISHES,ROCK,GRND,Groundfish,"meal, oil, bait, pet food",All rockfish
2960201160,ROCKFISHES FILLET,ROCKFISHES,ROCKFISHES,ROCK,GRND,Groundfish,fillet / steak,All rockfish
2960201162,ROCKFISHES CHEEKS,ROCKFISHES,ROCKFISHES,ROCK,GRND,Groundfish,other / unclassified,All rockfish
2960201222,ROCKFISHES WHOLE,ROCKFISHES,ROCKFISHES,ROCK,GRND,Groundfish,whole / live,All rockfish
2960201223,ROCKFISHES DRESSED,ROCKFISHES,ROCKFISHES,ROCK,GRND,Groundfish,dressed / headed and gutted,All rockfish
2960211051,ROCKFISHES BREADED STUFFED,ROCKFISHES,ROCKFISHES,ROCK,GRND,Groundfish,further processed,All rockfish
2960430220,ROCKFISHES SMOKED,ROCKFISHES,ROCKFISHES,ROCK,GRND,Groundfish,smoked / cured,All rockfish
2960500301,ROCKFISHES MEAL,ROCKFISHES,ROCKFISHES,ROCK,GRND,Groundfish,"meal, oil, bait, pet food",All rockfish
2960600000,ROCKFISHES,ROCKFISHES,ROCKFISHES,ROCK,GRND,Groundfish,other / unclassified,All rockfish
3020101048,SABLEFISH STEAKS,SABLEFISH,SABLEFISH,SABL,GRND,Groundfish,fillet / steak,Sablefish/black cod
3020101160,SABLEFISH FILLET,SABLEFISH,SABLEFISH,SABL,GRND,Groundfish,fillet / steak,Sablefish/black cod
3020101222,SABLEFISH WHOLE,SABLEFISH,SABLEFISH,SABL,GRND,Groundfish,whole / live,Sablefish/black cod
3020101223,SABLEFISH DRESSED,SABLEFISH,SABLEFISH,SABL,GRND,Groundfish,dressed / headed and gutted,Sablefish/black cod
3020102500,SABLEFISH IN SAUCE,SABLEFISH,SABLEFISH,SABL,GRND,Groundfish,further processed,Sablefish/black cod
3020201018,SABLEFISH PECTORAL GIRDLES,SABLEFISH,SABLEFISH,SABL,GRND,Groundfish,other / unclassified,Sablefish/black cod
3020201019,SABLEFISH STOMACHS,SABLEFISH,SABLEFISH,SABL,GRND,Groundfish,other / unclassified,Sablefish/black cod
3020201021,SABLEFISH HEADS,SABLEFISH,SABLEFISH,SABL,GRND,Groundfish,other / unclassified,Sablefish/black cod
3020201040,SABLEFISH ROE,SABLEFISH,SABLEFISH,SABL,GRND,Groundfish,roe,Sablefish/black cod
3020201048,SABLEFISH STEAKS,SABLEFISH,SABLEFISH,SABL,GRND,Groundfish,fillet / steak,Sablefish/black cod
3020201090,SABLEFISH FOR BAIT,SABLEFISH,SABLEFISH,SABL,GRND,Groundfish,"meal, oil, bait, pet food",Sablefish/black cod
3020201160,SABLEFISH FILLET,SABLEFISH,SABLEFISH,SABL,GRND,Groundfish,fillet / steak,Sablefish/black cod
3020201161,SABLEFISH BLOCKS,SABLEFISH,SABLEFISH,SABL,GRND,Groundfish,further processed,Sablefish/black cod
3020201162,SABLEFISH CHEEKS,SABLEFISH,SABLEFISH,SABL,GRND,Groundfish,other / unclassified,Sablefish/black cod
3020201222,SABLEFISH WHOLE,SABLEFISH,SABLEFISH,SABL,GRND,Groundfish,whole / live,Sablefish/black cod
3020201223,SABLEFISH DRESSED,SABLEFISH,SABLEFISH,SABL,GRND,Groundfish,dressed / headed and gutted,Sablefish/black cod
3020420220,SABLEFISH SALTED,SABLEFISH,SABLEFISH,SABL,GRND,Groundfish,smoked / cured,Sablefish/black cod
3020420500,SABLEFISH SALTED IN SAUCE,SABLEFISH,SABLEFISH,SABL,GRND,Groundfish,smoked / cured,Sablefish/black cod
3020421220,SABLEFISH PICKLED,SABLEFISH,SABLEFISH,SABL,GRND,Groundfish,smoked / cured,Sablefish/black cod
3020430220,SABLEFISH SMOKED,SABLEFISH,SABLEFISH,SABL,GRND,Groundfish,smoked / cured,Sablefish/black cod
3020431220,SABLEFISH KIPPERED,SABLEFISH,SABLEFISH,SABL,GRND,Groundfish,smoked / cured,Sablefish/black cod
3020440220,SABLEFISH DRIED,SABLEFISH,SABLEFISH,SABL,GRND,Groundfish,smoked / cured,Sablefish/black cod
3020600000,SABLEFISH,SABLEFISH,SABLEFISH,SABL,GRND,Groundfish,other / unclassified,Sablefish/black cod
3110101223,SAND PERCH DRESSED,SAND,SAND PERCH,PDAB,GRND,Groundfish,dressed / headed and gutted,Sand dab (Pacific sanddab)
3110600000,SAND PERCH,SAND,SAND PERCH,PDAB,GRND,Groundfish,other / unclassified,Sand dab (Pacific sanddab)
3503101223,SHARK DOGFISH DRESSED,SHARK,SHARK,DSRK,GRND,Groundfish,dressed / headed and gutted,"All sharks (HMS managed) [description-level override, audit 2026-10-01]"
3503201003,SHARK DOGFISH BACKS,SHARK,SHARK,DSRK,GRND,Groundfish,other / unclassified,"All sharks (HMS managed) [description-level override, audit 2026-10-01]"
3503201223,SHARK DOGFISH DRESSED,SHARK,SHARK,DSRK,GRND,Groundfish,dressed / headed and gutted,"All sharks (HMS managed) [description-level override, audit 2026-10-01]"
3650101085,SKATES WINGS,SKATES,SKATES,SKAT,GRND,Groundfish,fillet / steak,All skates
3650201085,SKATES WINGS,SKATES,SKATES,SKAT,GRND,Groundfish,fillet / steak,All skates
3650201222,SKATES WHOLE,SKATES,SKATES,SKAT,GRND,Groundfish,whole / live,All skates
4681101160,TURBOT FILLET,TURBOT,TURBOT,ARTH,GRND,Groundfish,fillet / steak,Arrowtooth flounder/turbot
4681101223,TURBOT DRESSED,TURBOT,TURBOT,ARTH,GRND,Groundfish,dressed / headed and gutted,Arrowtooth flounder/turbot
4681201160,TURBOT FILLET,TURBOT,TURBOT,ARTH,GRND,Groundfish,fillet / steak,Arrowtooth flounder/turbot
4681201222,TURBOT WHOLE,TURBOT,TURBOT,ARTH,GRND,Groundfish,whole / live,Arrowtooth flounder/turbot
4681201223,TURBOT DRESSED,TURBOT,TURBOT,ARTH,GRND,Groundfish,dressed / headed and gutted,Arrowtooth flounder/turbot
4681201500,TURBOT IN SAUCE,TURBOT,TURBOT,ARTH,GRND,Groundfish,further processed,Arrowtooth flounder/turbot
4681211160,TURBOT BREADED FILLET,TURBOT,TURBOT,ARTH,GRND,Groundfish,further processed,Arrowtooth flounder/turbot
4681430220,TURBOT SMOKED,TURBOT,TURBOT,ARTH,GRND,Groundfish,smoked / cured,Arrowtooth flounder/turbot
4681600000,TURBOT,TURBOT,TURBOT,ARTH,GRND,Groundfish,other / unclassified,Arrowtooth flounder/turbot
130440220,BIGEYE SCAD DRIED,BIGEYE,BIGEYE SCAD,ETNA,HMSP,Highly migratory,smoked / cured,Bigeye tuna - HMS
130600000,BIGEYE SCAD,BIGEYE,BIGEYE SCAD,ETNA,HMSP,Highly migratory,other / unclassified,Bigeye tuna - HMS
1050101048,DOLPHINFISH STEAKS,DOLPHINFISH,DOLPHINFISH,DRDO,HMSP,Highly migratory,fillet / steak,Dorado/mahi-mahi
1050101160,DOLPHINFISH FILLET,DOLPHINFISH,DOLPHINFISH,DRDO,HMSP,Highly migratory,fillet / steak,Dorado/mahi-mahi
1050101223,DOLPHINFISH DRESSED,DOLPHINFISH,DOLPHINFISH,DRDO,HMSP,Highly migratory,dressed / headed and gutted,Dorado/mahi-mahi
1050111101,DOLPHINFISH BREADED CAKES/PATTY,DOLPHINFISH,DOLPHINFISH,DRDO,HMSP,Highly migratory,further processed,Dorado/mahi-mahi
1050201048,DOLPHINFISH STEAKS,DOLPHINFISH,DOLPHINFISH,DRDO,HMSP,Highly migratory,fillet / steak,Dorado/mahi-mahi
1050201160,DOLPHINFISH FILLET,DOLPHINFISH,DOLPHINFISH,DRDO,HMSP,Highly migratory,fillet / steak,Dorado/mahi-mahi
1050201223,DOLPHINFISH DRESSED,DOLPHINFISH,DOLPHINFISH,DRDO,HMSP,Highly migratory,dressed / headed and gutted,Dorado/mahi-mahi
1050430220,DOLPHINFISH SMOKED,DOLPHINFISH,DOLPHINFISH,DRDO,HMSP,Highly migratory,smoked / cured,Dorado/mahi-mahi
1050440220,DOLPHINFISH DRIED,DOLPHINFISH,DOLPHINFISH,DRDO,HMSP,Highly migratory,smoked / cured,Dorado/mahi-mahi
1050600000,DOLPHINFISH,DOLPHINFISH,DOLPHINFISH,DRDO,HMSP,Highly migratory,other / unclassified,Dorado/mahi-mahi
2501101160,ESCOLAR FILLET,ESCOLAR,ESCOLAR,HMSP,HMSP,Highly migratory,fillet / steak,Escolar - often caught with HMS
2180101048,MARLIN STEAKS,MARLIN,MARLIN,MRLN,HMSP,Highly migratory,fillet / steak,Striped marlin
2180101160,MARLIN FILLET,MARLIN,MARLIN,MRLN,HMSP,Highly migratory,fillet / steak,Striped marlin
2180101223,MARLIN DRESSED,MARLIN,MARLIN,MRLN,HMSP,Highly migratory,dressed / headed and gutted,Striped marlin
2180201048,MARLIN STEAKS,MARLIN,MARLIN,MRLN,HMSP,Highly migratory,fillet / steak,Striped marlin
2180430220,MARLIN SMOKED,MARLIN,MARLIN,MRLN,HMSP,Highly migratory,smoked / cured,Striped marlin
2180600000,MARLIN,MARLIN,MARLIN,MRLN,HMSP,Highly migratory,other / unclassified,Striped marlin
3508101003,SHARK BACKS,SHARK,SHARK,SHRK,HMSP,Highly migratory,other / unclassified,All sharks (HMS managed)
3508101005,SHARK BELLIES,SHARK,SHARK,SHRK,HMSP,Highly migratory,other / unclassified,All sharks (HMS managed)
3508101048,SHARK STEAKS,SHARK,SHARK,SHRK,HMSP,Highly migratory,fillet / steak,All sharks (HMS managed)
3508101090,SHARK FOR BAIT,SHARK,SHARK,SHRK,HMSP,Highly migratory,"meal, oil, bait, pet food",All sharks (HMS managed)
3508101160,SHARK FILLET,SHARK,SHARK,SHRK,HMSP,Highly migratory,fillet / steak,All sharks (HMS managed)
3508101222,SHARK WHOLE,SHARK,SHARK,SHRK,HMSP,Highly migratory,whole / live,All sharks (HMS managed)
3508101223,SHARK DRESSED,SHARK,SHARK,SHRK,HMSP,Highly migratory,dressed / headed and gutted,All sharks (HMS managed)
3508201003,SHARK BACKS,SHARK,SHARK,SHRK,HMSP,Highly migratory,other / unclassified,All sharks (HMS managed)
3508201005,SHARK BELLIES,SHARK,SHARK,SHRK,HMSP,Highly migratory,other / unclassified,All sharks (HMS managed)
3508201020,SHARK FINS,SHARK,SHARK,SHRK,HMSP,Highly migratory,other / unclassified,All sharks (HMS managed)
3508201048,SHARK STEAKS,SHARK,SHARK,SHRK,HMSP,Highly migratory,fillet / steak,All sharks (HMS managed)
3508201090,SHARK FOR BAIT,SHARK,SHARK,SHRK,HMSP,Highly migratory,"meal, oil, bait, pet food",All sharks (HMS managed)
3508201160,SHARK FILLET,SHARK,SHARK,SHRK,HMSP,Highly migratory,fillet / steak,All sharks (HMS managed)
3508201223,SHARK DRESSED,SHARK,SHARK,SHRK,HMSP,Highly migratory,dressed / headed and gutted,All sharks (HMS managed)
3508430220,SHARK SMOKED,SHARK,SHARK,SHRK,HMSP,Highly migratory,smoked / cured,All sharks (HMS managed)
3508440020,SHARK FINS DRIED,SHARK,SHARK,SHRK,HMSP,Highly migratory,smoked / cured,All sharks (HMS managed)
3508500028,SHARK HIDES,SHARK,SHARK,SHRK,HMSP,Highly migratory,other / unclassified,All sharks (HMS managed)
3508500034,SHARK JAWS,SHARK,SHARK,SHRK,HMSP,Highly migratory,other / unclassified,All sharks (HMS managed)
3508500301,SHARK MEAL,SHARK,SHARK,SHRK,HMSP,Highly migratory,"meal, oil, bait, pet food",All sharks (HMS managed)
3508500402,SHARK LIVER OIL,SHARK,SHARK,SHRK,HMSP,Highly migratory,"meal, oil, bait, pet food",All sharks (HMS managed)
3508500635,SHARK FOR ANIMAL FEEDS,SHARK,SHARK,SHRK,HMSP,Highly migratory,"meal, oil, bait, pet food",All sharks (HMS managed)
3508500650,SHARK FOR SCIENTIFIC SPECIMENS,SHARK,SHARK,SHRK,HMSP,Highly migratory,other / unclassified,All sharks (HMS managed)
3508600000,SHARK,SHARK,SHARK,SHRK,HMSP,Highly migratory,other / unclassified,All sharks (HMS managed)
4000101160,SPEARFISH FILLET,SPEARFISH,SPEARFISH,SSPF,HMSP,Highly migratory,fillet / steak,Shortbill spearfish
4320101048,SWORDFISH STEAKS,SWORDFISH,SWORDFISH,SWRD,HMSP,Highly migratory,fillet / steak,Swordfish
4320101160,SWORDFISH FILLET,SWORDFISH,SWORDFISH,SWRD,HMSP,Highly migratory,fillet / steak,Swordfish
4320101164,SWORDFISH LOINS,SWORDFISH,SWORDFISH,SWRD,HMSP,Highly migratory,fillet / steak,Swordfish
4320101222,SWORDFISH WHOLE,SWORDFISH,SWORDFISH,SWRD,HMSP,Highly migratory,whole / live,Swordfish
4320101223,SWORDFISH DRESSED,SWORDFISH,SWORDFISH,SWRD,HMSP,Highly migratory,dressed / headed and gutted,Swordfish
4320201048,SWORDFISH STEAKS,SWORDFISH,SWORDFISH,SWRD,HMSP,Highly migratory,fillet / steak,Swordfish
4320201160,SWORDFISH FILLET,SWORDFISH,SWORDFISH,SWRD,HMSP,Highly migratory,fillet / steak,Swordfish
4320201164,SWORDFISH LOINS,SWORDFISH,SWORDFISH,SWRD,HMSP,Highly migratory,fillet / steak,Swordfish
4320201223,SWORDFISH DRESSED,SWORDFISH,SWORDFISH,SWRD,HMSP,Highly migratory,dressed / headed and gutted,Swordfish
4320430220,SWORDFISH SMOKED,SWORDFISH,SWORDFISH,SWRD,HMSP,Highly migratory,smoked / cured,Swordfish
4320500402,SWORDFISH LIVER OIL,SWORDFISH,SWORDFISH,SWRD,HMSP,Highly migratory,"meal, oil, bait, pet food",Swordfish
4320600000,SWORDFISH,SWORDFISH,SWORDFISH,SWRD,HMSP,Highly migratory,other / unclassified,Swordfish
4651101048,TUNA ALBACORE STEAKS,TUNA,TUNA,TUNA,HMSP,Highly migratory,fillet / steak,All tunas
4651101160,TUNA ALBACORE FILLET,TUNA,TUNA,TUNA,HMSP,Highly migratory,fillet / steak,All tunas
4651101223,TUNA ALBACORE DRESSED,TUNA,TUNA,TUNA,HMSP,Highly migratory,dressed / headed and gutted,All tunas
4651102039,TUNA ALBACORE COOKED PORTIONS,TUNA,TUNA,TUNA,HMSP,Highly migratory,further processed,All tunas
4651201048,TUNA ALBACORE STEAKS,TUNA,TUNA,TUNA,HMSP,Highly migratory,fillet / steak,All tunas
4651201160,TUNA ALBACORE FILLET,TUNA,TUNA,TUNA,HMSP,Highly migratory,fillet / steak,All tunas
4651201222,TUNA ALBACORE WHOLE,TUNA,TUNA,TUNA,HMSP,Highly migratory,whole / live,All tunas
4651201223,TUNA ALBACORE DRESSED,TUNA,TUNA,TUNA,HMSP,Highly migratory,dressed / headed and gutted,All tunas
4651430220,TUNA ALBACORE SMOKED,TUNA,TUNA,TUNA,HMSP,Highly migratory,smoked / cured,All tunas
4651600000,TUNA ALBACORE,TUNA,TUNA,TUNA,HMSP,Highly migratory,other / unclassified,All tunas
4652101160,TUNA BLUEFIN FILLET,TUNA,TUNA,TUNA,HMSP,Highly migratory,fillet / steak,All tunas
4652101223,TUNA BLUEFIN DRESSED,TUNA,TUNA,TUNA,HMSP,Highly migratory,dressed / headed and gutted,All tunas
4652600000,TUNA BLUEFIN,TUNA,TUNA,TUNA,HMSP,Highly migratory,other / unclassified,All tunas
4653600000,TUNA LITTLE,TUNA,TUNA,TUNA,HMSP,Highly migratory,other / unclassified,All tunas
4654101048,TUNA SKIPJACK STEAKS,TUNA,TUNA,TUNA,HMSP,Highly migratory,fillet / steak,All tunas
4654101160,TUNA SKIPJACK FILLET,TUNA,TUNA,TUNA,HMSP,Highly migratory,fillet / steak,All tunas
4654101223,TUNA SKIPJACK DRESSED,TUNA,TUNA,TUNA,HMSP,Highly migratory,dressed / headed and gutted,All tunas
4654201160,TUNA SKIPJACK FILLET,TUNA,TUNA,TUNA,HMSP,Highly migratory,fillet / steak,All tunas
4654440220,TUNA SKIPJACK DRIED,TUNA,TUNA,TUNA,HMSP,Highly migratory,smoked / cured,All tunas
4654600000,TUNA SKIPJACK,TUNA,TUNA,TUNA,HMSP,Highly migratory,other / unclassified,All tunas
4655101007,TUNA YELLOWFIN NUGGETS,TUNA,TUNA,TUNA,HMSP,Highly migratory,further processed,All tunas
4655101048,TUNA YELLOWFIN STEAKS,TUNA,TUNA,TUNA,HMSP,Highly migratory,fillet / steak,All tunas
4655101160,TUNA YELLOWFIN FILLET,TUNA,TUNA,TUNA,HMSP,Highly migratory,fillet / steak,All tunas
4655101223,TUNA YELLOWFIN DRESSED,TUNA,TUNA,TUNA,HMSP,Highly migratory,dressed / headed and gutted,All tunas
4655201039,TUNA YELLOWFIN PORTIONS,TUNA,TUNA,TUNA,HMSP,Highly migratory,further processed,All tunas
4655201048,TUNA YELLOWFIN STEAKS,TUNA,TUNA,TUNA,HMSP,Highly migratory,fillet / steak,All tunas
4655201160,TUNA YELLOWFIN FILLET,TUNA,TUNA,TUNA,HMSP,Highly migratory,fillet / steak,All tunas
4655201161,TUNA YELLOWFIN BLOCKS,TUNA,TUNA,TUNA,HMSP,Highly migratory,fillet / steak,All tunas
4655201164,TUNA YELLOWFIN LOINS,TUNA,TUNA,TUNA,HMSP,Highly migratory,fillet / steak,All tunas
4655212007,TUNA YELLOWFIN BRD CKD NUGGETS,TUNA,TUNA,TUNA,HMSP,Highly migratory,further processed,All tunas
4655430220,TUNA YELLOWFIN SMOKED,TUNA,TUNA,TUNA,HMSP,Highly migratory,smoked / cured,All tunas
4655440220,TUNA YELLOWFIN DRIED,TUNA,TUNA,TUNA,HMSP,Highly migratory,smoked / cured,All tunas
4655600000,TUNA YELLOWFIN,TUNA,TUNA,TUNA,HMSP,Highly migratory,other / unclassified,All tunas
4656101007,TUNA UNCL NUGGETS,TUNA,TUNA,TUNA,HMSP,Highly migratory,further processed,All tunas
4656101048,TUNA UNCL STEAKS,TUNA,TUNA,TUNA,HMSP,Highly migratory,fillet / steak,All tunas
4656101160,TUNA UNCL FILLET,TUNA,TUNA,TUNA,HMSP,Highly migratory,fillet / steak,All tunas
4656101222,TUNA UNCL WHOLE,TUNA,TUNA,TUNA,HMSP,Highly migratory,whole / live,All tunas
4656101223,TUNA UNCL DRESSED,TUNA,TUNA,TUNA,HMSP,Highly migratory,dressed / headed and gutted,All tunas
4656101500,TUNA UNCL IN SAUCE,TUNA,TUNA,TUNA,HMSP,Highly migratory,further processed,All tunas
4656102007,TUNA UNCL COOKED NUGGETS,TUNA,TUNA,TUNA,HMSP,Highly migratory,further processed,All tunas
4656201048,TUNA UNCL STEAKS,TUNA,TUNA,TUNA,HMSP,Highly migratory,fillet / steak,All tunas
4656201160,TUNA UNCL FILLET,TUNA,TUNA,TUNA,HMSP,Highly migratory,fillet / steak,All tunas
4656201223,TUNA UNCL DRESSED,TUNA,TUNA,TUNA,HMSP,Highly migratory,dressed / headed and gutted,All tunas
4656202500,TUNA UNCL COOKED IN SAUCE,TUNA,TUNA,TUNA,HMSP,Highly migratory,further processed,All tunas
4656300017,TUNA UNCL DIPS & SPREADS,TUNA,TUNA,TUNA,HMSP,Highly migratory,canned,All tunas
4656300500,TUNA UNCL IN SAUCE,TUNA,TUNA,TUNA,HMSP,Highly migratory,canned,All tunas
4656300613,TUNA UNCL FOR PET FOOD,TUNA,TUNA,TUNA,HMSP,Highly migratory,canned,All tunas
4656330220,TUNA UNCL SMOKED,TUNA,TUNA,TUNA,HMSP,Highly migratory,canned,All tunas
4656375220,TUNA ALBACORE SOLID,TUNA,TUNA,TUNA,HMSP,Highly migratory,canned,All tunas
4656375270,TUNA ALBACORE SOLID IN OIL,TUNA,TUNA,TUNA,HMSP,Highly migratory,canned,All tunas
4656375271,TUNA ALBACORE SOLID IN WATER,TUNA,TUNA,TUNA,HMSP,Highly migratory,canned,All tunas
4656375272,TUNA ALBACORE SOLID IN BRINE,TUNA,TUNA,TUNA,HMSP,Highly migratory,canned,All tunas
4656375273,TUNA ALBACORE SOLID IN BROTH,TUNA,TUNA,TUNA,HMSP,Highly migratory,canned,All tunas
4656375274,TUNA ALBACORE SOLID DIETETIC,TUNA,TUNA,TUNA,HMSP,Highly migratory,canned,All tunas
4656375280,TUNA ALBACORE CHUNK IN OIL,TUNA,TUNA,TUNA,HMSP,Highly migratory,canned,All tunas
4656375281,TUNA ALBACORE CHUNK IN WATER,TUNA,TUNA,TUNA,HMSP,Highly migratory,canned,All tunas
4656375282,TUNA ALBACORE CHUNK IN BRINE,TUNA,TUNA,TUNA,HMSP,Highly migratory,canned,All tunas
4656375283,TUNA ALBACORE CHUNK IN BROTH,TUNA,TUNA,TUNA,HMSP,Highly migratory,canned,All tunas
4656375284,TUNA ALBACORE CHUNK DIETETIC,TUNA,TUNA,TUNA,HMSP,Highly migratory,canned,All tunas
4656375290,TUNA ALBACORE FLAKE IN OIL,TUNA,TUNA,TUNA,HMSP,Highly migratory,canned,All tunas
4656375291,TUNA ALBACORE FLAKE IN WATER,TUNA,TUNA,TUNA,HMSP,Highly migratory,canned,All tunas
4656375292,TUNA ALBACORE FLAKE IN BRINE,TUNA,TUNA,TUNA,HMSP,Highly migratory,canned,All tunas
4656375293,TUNA ALBACORE FLAKE IN BROTH,TUNA,TUNA,TUNA,HMSP,Highly migratory,canned,All tunas
4656375500,TUNA ALBACORE IN SAUCE,TUNA,TUNA,TUNA,HMSP,Highly migratory,canned,All tunas
4656376220,TUNA LIGHTMEAT SOLID,TUNA,TUNA,TUNA,HMSP,Highly migratory,canned,All tunas
4656376270,TUNA LIGHTMEAT SOLID IN OIL,TUNA,TUNA,TUNA,HMSP,Highly migratory,canned,All tunas
4656376271,TUNA LIGHTMEAT SOLID IN WATER,TUNA,TUNA,TUNA,HMSP,Highly migratory,canned,All tunas
4656376272,TUNA LIGHTMEAT SOLID IN BRINE,TUNA,TUNA,TUNA,HMSP,Highly migratory,canned,All tunas
4656376273,TUNA LIGHTMEAT SOLID IN BROTH,TUNA,TUNA,TUNA,HMSP,Highly migratory,canned,All tunas
4656376274,TUNA LIGHTMEAT SOLID DIETETIC,TUNA,TUNA,TUNA,HMSP,Highly migratory,canned,All tunas
4656376280,TUNA LIGHTMEAT CHUNK IN OIL,TUNA,TUNA,TUNA,HMSP,Highly migratory,canned,All tunas
4656376281,TUNA LIGHTMEAT CHUNK IN WATER,TUNA,TUNA,TUNA,HMSP,Highly migratory,canned,All tunas
4656376282,TUNA LIGHTMEAT CHUNK IN BRINE,TUNA,TUNA,TUNA,HMSP,Highly migratory,canned,All tunas
4656376283,TUNA LIGHTMEAT CHUNK IN BROTH,TUNA,TUNA,TUNA,HMSP,Highly migratory,canned,All tunas
4656376284,TUNA LIGHTMEAT CHUNK DIETETIC,TUNA,TUNA,TUNA,HMSP,Highly migratory,canned,All tunas
4656376290,TUNA LIGHTMEAT FLAKE IN OIL,TUNA,TUNA,TUNA,HMSP,Highly migratory,canned,All tunas
4656376291,TUNA LIGHTMEAT FLAKE IN WATER,TUNA,TUNA,TUNA,HMSP,Highly migratory,canned,All tunas
4656376292,TUNA LIGHTMEAT FLAKE IN BRINE,TUNA,TUNA,TUNA,HMSP,Highly migratory,canned,All tunas
4656376293,TUNA LIGHTMEAT FLAKE IN BROTH,TUNA,TUNA,TUNA,HMSP,Highly migratory,canned,All tunas
4656420220,TUNA UNCL SALTED,TUNA,TUNA,TUNA,HMSP,Highly migratory,smoked / cured,All tunas
4656430220,TUNA UNCL SMOKED,TUNA,TUNA,TUNA,HMSP,Highly migratory,smoked / cured,All tunas
4656440220,TUNA UNCL DRIED,TUNA,TUNA,TUNA,HMSP,Highly migratory,smoked / cured,All tunas
4656500046,TUNA UNCL SOLUBLES,TUNA,TUNA,TUNA,HMSP,Highly migratory,"meal, oil, bait, pet food",All tunas
4656500301,TUNA UNCL MEAL,TUNA,TUNA,TUNA,HMSP,Highly migratory,"meal, oil, bait, pet food",All tunas
4656500401,TUNA UNCL BODY OIL,TUNA,TUNA,TUNA,HMSP,Highly migratory,"meal, oil, bait, pet food",All tunas
4656500402,TUNA UNCL LIVER OIL,TUNA,TUNA,TUNA,HMSP,Highly migratory,"meal, oil, bait, pet food",All tunas
4656600000,TUNA,TUNA,TUNA,TUNA,HMSP,Highly migratory,other / unclassified,All tunas
4657101160,TUNA BIGEYE FILLET,TUNA,TUNA,TUNA,HMSP,Highly migratory,fillet / steak,All tunas
4657101223,TUNA BIGEYE DRESSED,TUNA,TUNA,TUNA,HMSP,Highly migratory,dressed / headed and gutted,All tunas
4657600000,TUNA BIGEYE,TUNA,TUNA,TUNA,HMSP,Highly migratory,other / unclassified,All tunas
4658430220,TUNA BLACKFIN SMOKED,TUNA,TUNA,TUNA,HMSP,Highly migratory,smoked / cured,All tunas
4658600000,TUNA BLACKFIN,TUNA,TUNA,TUNA,HMSP,Highly migratory,other / unclassified,All tunas
10101090,ALEWIVES FOR BAIT,ALEWIVES,ALEWIVES,OTHR,OTHR,Other / non-FMP,"meal, oil, bait, pet food",Atlantic species
10101222,ALEWIVES WHOLE,ALEWIVES,ALEWIVES,OTHR,OTHR,Other / non-FMP,whole / live,Atlantic species
10101223,ALEWIVES DRESSED,ALEWIVES,ALEWIVES,OTHR,OTHR,Other / non-FMP,dressed / headed and gutted,Atlantic species
10201090,ALEWIVES FOR BAIT,ALEWIVES,ALEWIVES,OTHR,OTHR,Other / non-FMP,"meal, oil, bait, pet food",Atlantic species
10300040,ALEWIVES ROE,ALEWIVES,ALEWIVES,OTHR,OTHR,Other / non-FMP,canned,Atlantic species
10300220,ALEWIVES,ALEWIVES,ALEWIVES,OTHR,OTHR,Other / non-FMP,canned,Atlantic species
10300613,ALEWIVES FOR PET FOOD,ALEWIVES,ALEWIVES,OTHR,OTHR,Other / non-FMP,canned,Atlantic species
10420220,ALEWIVES SALTED,ALEWIVES,ALEWIVES,OTHR,OTHR,Other / non-FMP,smoked / cured,Atlantic species
10430220,ALEWIVES SMOKED,ALEWIVES,ALEWIVES,OTHR,OTHR,Other / non-FMP,smoked / cured,Atlantic species
10500141,ALEWIVES FERTILIZER DRY,ALEWIVES,ALEWIVES,OTHR,OTHR,Other / non-FMP,"meal, oil, bait, pet food",Atlantic species
10500142,ALEWIVES FERTILIZER LIQUID,ALEWIVES,ALEWIVES,OTHR,OTHR,Other / non-FMP,"meal, oil, bait, pet food",Atlantic species
10500301,ALEWIVES MEAL,ALEWIVES,ALEWIVES,OTHR,OTHR,Other / non-FMP,"meal, oil, bait, pet food",Atlantic species
10500401,ALEWIVES BODY OIL,ALEWIVES,ALEWIVES,OTHR,OTHR,Other / non-FMP,"meal, oil, bait, pet food",Atlantic species
10500635,ALEWIVES FOR ANIMAL FEEDS,ALEWIVES,ALEWIVES,OTHR,OTHR,Other / non-FMP,"meal, oil, bait, pet food",Atlantic species
9007101200,ALLIGATOR MEAT,ALLIGATOR,ALLIGATOR,OTHR,OTHR,Other / non-FMP,"meat, peeled, shucked, sections",Non-fish
9007201106,ALLIGATOR SAUSAGE,ALLIGATOR,ALLIGATOR,OTHR,OTHR,Other / non-FMP,other / unclassified,Non-fish
9007201200,ALLIGATOR MEAT,ALLIGATOR,ALLIGATOR,OTHR,OTHR,Other / non-FMP,"meat, peeled, shucked, sections",Non-fish
9007500028,ALLIGATOR HIDES,ALLIGATOR,ALLIGATOR,OTHR,OTHR,Other / non-FMP,other / unclassified,Non-fish
9007600000,ALLIGATOR,ALLIGATOR,ALLIGATOR,OTHR,OTHR,Other / non-FMP,other / unclassified,Non-fish
30101160,AMBERJACK FILLET,AMBERJACK,AMBERJACK,OTHR,OTHR,Other / non-FMP,fillet / steak,Not common Pacific species
30101222,AMBERJACK WHOLE,AMBERJACK,AMBERJACK,OTHR,OTHR,Other / non-FMP,whole / live,Not common Pacific species
30101223,AMBERJACK DRESSED,AMBERJACK,AMBERJACK,OTHR,OTHR,Other / non-FMP,dressed / headed and gutted,Not common Pacific species
30201160,AMBERJACK FILLET,AMBERJACK,AMBERJACK,OTHR,OTHR,Other / non-FMP,fillet / steak,Not common Pacific species
30201222,AMBERJACK WHOLE,AMBERJACK,AMBERJACK,OTHR,OTHR,Other / non-FMP,whole / live,Not common Pacific species
30201223,AMBERJACK DRESSED,AMBERJACK,AMBERJACK,OTHR,OTHR,Other / non-FMP,dressed / headed and gutted,Not common Pacific species
30430220,AMBERJACK SMOKED,AMBERJACK,AMBERJACK,OTHR,OTHR,Other / non-FMP,smoked / cured,Not common Pacific species
30440220,AMBERJACK DRIED,AMBERJACK,AMBERJACK,OTHR,OTHR,Other / non-FMP,smoked / cured,Not common Pacific species
120101032,ANGLERFISH LIVERS,ANGLERFISH,ANGLERFISH,OTHR,OTHR,Other / non-FMP,whole / live,Monkfish - primarily Atlantic
120101053,ANGLERFISH TAILS,ANGLERFISH,ANGLERFISH,OTHR,OTHR,Other / non-FMP,"meat, peeled, shucked, sections",Monkfish - primarily Atlantic
120101160,ANGLERFISH FILLET,ANGLERFISH,ANGLERFISH,OTHR,OTHR,Other / non-FMP,fillet / steak,Monkfish - primarily Atlantic
120101223,ANGLERFISH DRESSED,ANGLERFISH,ANGLERFISH,OTHR,OTHR,Other / non-FMP,dressed / headed and gutted,Monkfish - primarily Atlantic
120201032,ANGLERFISH LIVERS,ANGLERFISH,ANGLERFISH,OTHR,OTHR,Other / non-FMP,whole / live,Monkfish - primarily Atlantic
120201053,ANGLERFISH TAILS,ANGLERFISH,ANGLERFISH,OTHR,OTHR,Other / non-FMP,"meat, peeled, shucked, sections",Monkfish - primarily Atlantic
120201160,ANGLERFISH FILLET,ANGLERFISH,ANGLERFISH,OTHR,OTHR,Other / non-FMP,fillet / steak,Monkfish - primarily Atlantic
120201222,ANGLERFISH WHOLE,ANGLERFISH,ANGLERFISH,OTHR,OTHR,Other / non-FMP,whole / live,Monkfish - primarily Atlantic
120201223,ANGLERFISH DRESSED,ANGLERFISH,ANGLERFISH,OTHR,OTHR,Other / non-FMP,dressed / headed and gutted,Monkfish - primarily Atlantic
120430220,ANGLERFISH SMOKED,ANGLERFISH,ANGLERFISH,OTHR,OTHR,Other / non-FMP,smoked / cured,Monkfish - primarily Atlantic
120600000,ANGLERFISH,ANGLERFISH,ANGLERFISH,OTHR,OTHR,Other / non-FMP,other / unclassified,Monkfish - primarily Atlantic
9564600000,AQUACULTURE,AQUACULTURE,AQUACULTURE,NA,OTHR,Other / non-FMP,other / unclassified,Business type - exclude
9549600000,AUCTION HOUSE,AUCTION,AUCTION,NA,OTHR,Other / non-FMP,other / unclassified,Business type - exclude
150101090,BALLYHOO FOR BAIT,BALLYHOO,BALLYHOO,OTHR,OTHR,Other / non-FMP,"meal, oil, bait, pet food",Baitfish - Atlantic/tropical
150201090,BALLYHOO FOR BAIT,BALLYHOO,BALLYHOO,OTHR,OTHR,Other / non-FMP,"meal, oil, bait, pet food",Baitfish - Atlantic/tropical
150600000,BALLYHOO,BALLYHOO,BALLYHOO,OTHR,OTHR,Other / non-FMP,other / unclassified,Baitfish - Atlantic/tropical
180101160,BARRACUDA FILLET,BARRACUDA,BARRACUDA,CUDA,OTHR,Other / non-FMP,fillet / steak,Pacific barracuda
180430220,BARRACUDA SMOKED,BARRACUDA,BARRACUDA,CUDA,OTHR,Other / non-FMP,smoked / cured,Pacific barracuda
3910201160,BARRAMUNDI FILLET,BARRAMUNDI,BARRAMUNDI,OTHR,OTHR,Other / non-FMP,fillet / steak,Australian species - aquaculture
8230101090,BLOODWORMS FOR BAIT,BLOODWORMS,BLOODWORMS,OTHR,OTHR,Other / non-FMP,other / unclassified,Bait - not fish
220212049,BLUE WHITING BREADED COOKED STICKS,BLUE,BLUE WHITING,OTHR,OTHR,Other / non-FMP,further processed,Blue-prefixed species
230101017,BLUEFISH DIPS AND SPREADS,BLUEFISH,BLUEFISH,OTHR,OTHR,Other / non-FMP,further processed,Atlantic species
230101160,BLUEFISH FILLET,BLUEFISH,BLUEFISH,OTHR,OTHR,Other / non-FMP,fillet / steak,Atlantic species
230101222,BLUEFISH WHOLE,BLUEFISH,BLUEFISH,OTHR,OTHR,Other / non-FMP,whole / live,Atlantic species
230101223,BLUEFISH DRESSED,BLUEFISH,BLUEFISH,OTHR,OTHR,Other / non-FMP,dressed / headed and gutted,Atlantic species
230201160,BLUEFISH FILLET,BLUEFISH,BLUEFISH,OTHR,OTHR,Other / non-FMP,fillet / steak,Atlantic species
230430220,BLUEFISH SMOKED,BLUEFISH,BLUEFISH,OTHR,OTHR,Other / non-FMP,smoked / cured,Atlantic species
230600000,BLUEFISH,BLUEFISH,BLUEFISH,OTHR,OTHR,Other / non-FMP,other / unclassified,Atlantic species
270101222,BLUERUNNER WHOLE,BLUERUNNER,BLUERUNNER,OTHR,OTHR,Other / non-FMP,whole / live,Atlantic species
270101223,BLUERUNNER DRESSED,BLUERUNNER,BLUERUNNER,OTHR,OTHR,Other / non-FMP,dressed / headed and gutted,Atlantic species
360101040,BOWFIN ROE,BOWFIN,BOWFIN,OTHR,OTHR,Other / non-FMP,roe,Freshwater species
360101223,BOWFIN DRESSED,BOWFIN,BOWFIN,OTHR,OTHR,Other / non-FMP,dressed / headed and gutted,Freshwater species
9551600000,BROKER,BROKER,BROKER,NA,OTHR,Other / non-FMP,other / unclassified,Business type - exclude
420000000,BUFFALOFISH LIVE,BUFFALOFISH,BUFFALOFISH,OTHR,OTHR,Other / non-FMP,other / unclassified,Freshwater species
420101160,BUFFALOFISH FILLET,BUFFALOFISH,BUFFALOFISH,OTHR,OTHR,Other / non-FMP,fillet / steak,Freshwater species
420101223,BUFFALOFISH DRESSED,BUFFALOFISH,BUFFALOFISH,OTHR,OTHR,Other / non-FMP,dressed / headed and gutted,Freshwater species
420201160,BUFFALOFISH FILLET,BUFFALOFISH,BUFFALOFISH,OTHR,OTHR,Other / non-FMP,fillet / steak,Freshwater species
420430220,BUFFALOFISH SMOKED,BUFFALOFISH,BUFFALOFISH,OTHR,OTHR,Other / non-FMP,smoked / cured,Freshwater species
420600000,BUFFALOFISH,BUFFALOFISH,BUFFALOFISH,OTHR,OTHR,Other / non-FMP,other / unclassified,Freshwater species
480101223,BURBOT DRESSED,BURBOT,BURBOT,OTHR,OTHR,Other / non-FMP,dressed / headed and gutted,Freshwater species
521101160,BUTTERFISH FILLET,BUTTERFISH,BUTTERFISH,PBTR,OTHR,Other / non-FMP,fillet / steak,Pacific butterfish
521101222,BUTTERFISH WHOLE,BUTTERFISH,BUTTERFISH,PBTR,OTHR,Other / non-FMP,whole / live,Pacific butterfish
521101223,BUTTERFISH DRESSED,BUTTERFISH,BUTTERFISH,PBTR,OTHR,Other / non-FMP,dressed / headed and gutted,Pacific butterfish
521201090,BUTTERFISH FOR BAIT,BUTTERFISH,BUTTERFISH,PBTR,OTHR,Other / non-FMP,"meal, oil, bait, pet food",Pacific butterfish
521201222,BUTTERFISH WHOLE,BUTTERFISH,BUTTERFISH,PBTR,OTHR,Other / non-FMP,whole / live,Pacific butterfish
521201223,BUTTERFISH DRESSED,BUTTERFISH,BUTTERFISH,PBTR,OTHR,Other / non-FMP,dressed / headed and gutted,Pacific butterfish
521430220,BUTTERFISH SMOKED,BUTTERFISH,BUTTERFISH,PBTR,OTHR,Other / non-FMP,smoked / cured,Pacific butterfish
521600000,BUTTERFISH,BUTTERFISH,BUTTERFISH,PBTR,OTHR,Other / non-FMP,other / unclassified,Pacific butterfish
9557600000,BUYING STATION,BUYING,BUYING,NA,OTHR,Other / non-FMP,other / unclassified,Business type - exclude
630000000,CARP,CARP,CARP,OTHR,OTHR,Other / non-FMP,other / unclassified,Freshwater species
630101040,CARP ROE,CARP,CARP,OTHR,OTHR,Other / non-FMP,roe,Freshwater species
630101160,CARP FILLET,CARP,CARP,OTHR,OTHR,Other / non-FMP,fillet / steak,Freshwater species
630101223,CARP DRESSED,CARP,CARP,OTHR,OTHR,Other / non-FMP,dressed / headed and gutted,Freshwater species
630201160,CARP FILLET,CARP,CARP,OTHR,OTHR,Other / non-FMP,fillet / steak,Freshwater species
630201210,CARP MINCED,CARP,CARP,OTHR,OTHR,Other / non-FMP,further processed,Freshwater species
630201223,CARP DRESSED,CARP,CARP,OTHR,OTHR,Other / non-FMP,dressed / headed and gutted,Freshwater species
630420040,CARP SALTED ROE,CARP,CARP,OTHR,OTHR,Other / non-FMP,roe,Freshwater species
630430220,CARP SMOKED,CARP,CARP,OTHR,OTHR,Other / non-FMP,smoked / cured,Freshwater species
630500028,CARP SKINS,CARP,CARP,OTHR,OTHR,Other / non-FMP,other / unclassified,Freshwater species
630500301,CARP MEAL,CARP,CARP,OTHR,OTHR,Other / non-FMP,"meal, oil, bait, pet food",Freshwater species
630500401,CARP BODY OIL,CARP,CARP,OTHR,OTHR,Other / non-FMP,"meal, oil, bait, pet food",Freshwater species
630600000,CARP,CARP,CARP,OTHR,OTHR,Other / non-FMP,other / unclassified,Freshwater species
660000000,CATFISH RAISED,CATFISH,CATFISH,OTHR,OTHR,Other / non-FMP,other / unclassified,Not Pacific species
660101007,CATFISH RAISED NUGGETS,CATFISH,CATFISH,OTHR,OTHR,Other / non-FMP,further processed,Not Pacific species
660101048,CATFISH RAISED STEAKS,CATFISH,CATFISH,OTHR,OTHR,Other / non-FMP,further processed,Not Pacific species
660101160,CATFISH RAISED FILLET,CATFISH,CATFISH,OTHR,OTHR,Other / non-FMP,fillet / steak,Not Pacific species
660101228,CATFISH RAISED DRESSED & SKINNED,CATFISH,CATFISH,OTHR,OTHR,Other / non-FMP,dressed / headed and gutted,Not Pacific species
660101500,CATFISH RAISED IN SAUCE,CATFISH,CATFISH,OTHR,OTHR,Other / non-FMP,further processed,Not Pacific species
660104160,CATFISH RAISED MARINATED FILLET,CATFISH,CATFISH,OTHR,OTHR,Other / non-FMP,fillet / steak,Not Pacific species
660201007,CATFISH RAISED NUGGETS,CATFISH,CATFISH,OTHR,OTHR,Other / non-FMP,further processed,Not Pacific species
660201028,CATFISH RAISED SKINS,CATFISH,CATFISH,OTHR,OTHR,Other / non-FMP,other / unclassified,Not Pacific species
660201048,CATFISH RAISED STEAKS,CATFISH,CATFISH,OTHR,OTHR,Other / non-FMP,further processed,Not Pacific species
660201050,CATFISH RAISED STRIPS,CATFISH,CATFISH,OTHR,OTHR,Other / non-FMP,other / unclassified,Not Pacific species
660201051,CATFISH RAISED STUFFED,CATFISH,CATFISH,OTHR,OTHR,Other / non-FMP,further processed,Not Pacific species
660201160,CATFISH RAISED FILLET,CATFISH,CATFISH,OTHR,OTHR,Other / non-FMP,fillet / steak,Not Pacific species
660201228,CATFISH RAISED DRESSED & SKINNED,CATFISH,CATFISH,OTHR,OTHR,Other / non-FMP,dressed / headed and gutted,Not Pacific species
660201500,CATFISH RAISED IN SAUCE,CATFISH,CATFISH,OTHR,OTHR,Other / non-FMP,further processed,Not Pacific species
660201635,CATFISH RAISED FOR ANIMAL FEED,CATFISH,CATFISH,OTHR,OTHR,Other / non-FMP,"meal, oil, bait, pet food",Not Pacific species
660204160,CATFISH RAISED MARINATED FILLET,CATFISH,CATFISH,OTHR,OTHR,Other / non-FMP,fillet / steak,Not Pacific species
660211007,CATFISH RAISED BREADED NUGGETS,CATFISH,CATFISH,OTHR,OTHR,Other / non-FMP,further processed,Not Pacific species
660211050,CATFISH RAISED BREADED STRIPS,CATFISH,CATFISH,OTHR,OTHR,Other / non-FMP,other / unclassified,Not Pacific species
660211160,CATFISH RAISED BREADED FILLET,CATFISH,CATFISH,OTHR,OTHR,Other / non-FMP,further processed,Not Pacific species
660211228,CATFISH RAISED BRD DRESS/SKND CKD,CATFISH,CATFISH,OTHR,OTHR,Other / non-FMP,further processed,Not Pacific species
660212160,CATFISH RAISED BREADED FILLET CKD,CATFISH,CATFISH,OTHR,OTHR,Other / non-FMP,further processed,Not Pacific species
660430220,CATFISH RAISED SMOKED,CATFISH,CATFISH,OTHR,OTHR,Other / non-FMP,smoked / cured,Not Pacific species
661000000,CATFISH WILD,CATFISH,CATFISH,OTHR,OTHR,Other / non-FMP,other / unclassified,Not Pacific species
661101007,CATFISH WILD NUGGETS,CATFISH,CATFISH,OTHR,OTHR,Other / non-FMP,further processed,Not Pacific species
661101048,CATFISH WILD STEAKS,CATFISH,CATFISH,OTHR,OTHR,Other / non-FMP,further processed,Not Pacific species
661101160,CATFISH WILD FILLET,CATFISH,CATFISH,OTHR,OTHR,Other / non-FMP,fillet / steak,Not Pacific species
661101222,CATFISH WILD WHOLE,CATFISH,CATFISH,OTHR,OTHR,Other / non-FMP,whole / live,Not Pacific species
661101223,CATFISH WILD DRESSED,CATFISH,CATFISH,OTHR,OTHR,Other / non-FMP,dressed / headed and gutted,Not Pacific species
661101228,CATFISH WILD DRESSED & SKINNED,CATFISH,CATFISH,OTHR,OTHR,Other / non-FMP,dressed / headed and gutted,Not Pacific species
661201007,CATFISH WILD NUGGETS,CATFISH,CATFISH,OTHR,OTHR,Other / non-FMP,further processed,Not Pacific species
661201160,CATFISH WILD FILLET,CATFISH,CATFISH,OTHR,OTHR,Other / non-FMP,fillet / steak,Not Pacific species
661201228,CATFISH WILD DRESSED & SKINNED,CATFISH,CATFISH,OTHR,OTHR,Other / non-FMP,dressed / headed and gutted,Not Pacific species
661211160,CATFISH WILD BREADED FILLET,CATFISH,CATFISH,OTHR,OTHR,Other / non-FMP,further processed,Not Pacific species
661300240,CATFISH WILD STEWS,CATFISH,CATFISH,OTHR,OTHR,Other / non-FMP,canned,Not Pacific species
661430220,CATFISH WILD SMOKED,CATFISH,CATFISH,OTHR,OTHR,Other / non-FMP,smoked / cured,Not Pacific species
661600000,CATFISH WILD,CATFISH,CATFISH,OTHR,OTHR,Other / non-FMP,other / unclassified,Not Pacific species
720101160,CHUBS FILLET,CHUBS,CHUBS,OTHR,OTHR,Other / non-FMP,fillet / steak,Freshwater species
720101223,CHUBS DRESSED,CHUBS,CHUBS,OTHR,OTHR,Other / non-FMP,dressed / headed and gutted,Freshwater species
720201160,CHUBS FILLET,CHUBS,CHUBS,OTHR,OTHR,Other / non-FMP,fillet / steak,Freshwater species
720430220,CHUBS SMOKED,CHUBS,CHUBS,OTHR,OTHR,Other / non-FMP,smoked / cured,Freshwater species
570101160,COBIA FILLET,COBIA,COBIA,OTHR,OTHR,Other / non-FMP,fillet / steak,Atlantic/Gulf species
570101222,COBIA WHOLE,COBIA,COBIA,OTHR,OTHR,Other / non-FMP,whole / live,Atlantic/Gulf species
570101223,COBIA DRESSED,COBIA,COBIA,OTHR,OTHR,Other / non-FMP,dressed / headed and gutted,Atlantic/Gulf species
570430220,COBIA SMOKED,COBIA,COBIA,OTHR,OTHR,Other / non-FMP,smoked / cured,Atlantic/Gulf species
9550600000,COLD STORAGE,COLD,COLD,NA,OTHR,Other / non-FMP,other / unclassified,Cold storage - exclude
7750101133,CONCH IN SHELL,CONCH,CONCH,OMSK,OTHR,Other / non-FMP,whole / live,Other mollusks
7750101200,CONCH MEAT,CONCH,CONCH,OMSK,OTHR,Other / non-FMP,"meat, peeled, shucked, sections",Other mollusks
7750102200,CONCH COOKED MEAT,CONCH,CONCH,OMSK,OTHR,Other / non-FMP,"meat, peeled, shucked, sections",Other mollusks
7750112022,CONCH BREADED COOKED FRITTERS,CONCH,CONCH,OMSK,OTHR,Other / non-FMP,further processed,Other mollusks
7750201074,CONCH SALAD MIXES,CONCH,CONCH,OMSK,OTHR,Other / non-FMP,further processed,Other mollusks
7750201200,CONCH MEAT,CONCH,CONCH,OMSK,OTHR,Other / non-FMP,"meat, peeled, shucked, sections",Other mollusks
7750202200,CONCH COOKED MEAT,CONCH,CONCH,OMSK,OTHR,Other / non-FMP,"meat, peeled, shucked, sections",Other mollusks
7750211022,CONCH BREADED FRITTERS,CONCH,CONCH,OMSK,OTHR,Other / non-FMP,further processed,Other mollusks
7750213022,CONCH BATTER DIP FRITTERS,CONCH,CONCH,OMSK,OTHR,Other / non-FMP,further processed,Other mollusks
7750300110,CONCH CHOWDERS,CONCH,CONCH,OMSK,OTHR,Other / non-FMP,canned,Other mollusks
7750300200,CONCH NATURAL,CONCH,CONCH,OMSK,OTHR,Other / non-FMP,canned,Other mollusks
7750420215,CONCH SALTED,CONCH,CONCH,OMSK,OTHR,Other / non-FMP,smoked / cured,Other mollusks
7750600000,CONCH,CONCH,CONCH,OMSK,OTHR,Other / non-FMP,other / unclassified,Other mollusks
840101223,CRAPPIE DRESSED,CRAPPIE,CRAPPIE,OTHR,OTHR,Other / non-FMP,dressed / headed and gutted,Freshwater species
870101160,CREVALLE JACK FILLET,CREVALLE,CREVALLE,OTHR,OTHR,Other / non-FMP,fillet / steak,Atlantic jack species
870600000,CREVALLE,CREVALLE,CREVALLE,OTHR,OTHR,Other / non-FMP,other / unclassified,Atlantic jack species
925101160,CROAKER ATLANTIC FILLET,CROAKER,CROAKER,OCRK,OTHR,Other / non-FMP,fillet / steak,Other croaker
925101222,CROAKER ATLANTIC WHOLE,CROAKER,CROAKER,OCRK,OTHR,Other / non-FMP,whole / live,Other croaker
925101223,CROAKER ATLANTIC DRESSED,CROAKER,CROAKER,OCRK,OTHR,Other / non-FMP,dressed / headed and gutted,Other croaker
925201160,CROAKER ATLANTIC FILLET,CROAKER,CROAKER,OCRK,OTHR,Other / non-FMP,fillet / steak,Other croaker
925211101,CROAKER ATLANTIC BREAD CAKES/PATTY,CROAKER,CROAKER,OCRK,OTHR,Other / non-FMP,further processed,Other croaker
925600000,CROAKER ATLANTIC,CROAKER,CROAKER,OCRK,OTHR,Other / non-FMP,other / unclassified,Other croaker
960101160,CUSK FILLET,CUSK,CUSK,OTHR,OTHR,Other / non-FMP,fillet / steak,Atlantic species
960101223,CUSK DRESSED,CUSK,CUSK,OTHR,OTHR,Other / non-FMP,dressed / headed and gutted,Atlantic species
960201160,CUSK FILLET,CUSK,CUSK,OTHR,OTHR,Other / non-FMP,fillet / steak,Atlantic species
960201223,CUSK DRESSED,CUSK,CUSK,OTHR,OTHR,Other / non-FMP,dressed / headed and gutted,Atlantic species
9560600000,CUSTOM SMOKERY,CUSTOM,CUSTOM,NA,OTHR,Other / non-FMP,other / unclassified,Custom processing - exclude
7870201200,CUTTLEFISH MEAT,CUTTLEFISH,CUTTLEFISH,OCTP,OTHR,Other / non-FMP,"meat, peeled, shucked, sections",Cuttlefish - similar to octopus
9562600000,DEPURATION PLANT,DEPURATION,DEPURATION,NA,OTHR,Other / non-FMP,other / unclassified,Facility type - exclude
9565600000,DID NOT OPERATE LAST YEAR,DID,DID,NA,OTHR,Other / non-FMP,other / unclassified,Unknown - exclude
9566600000,DID NOT REPORT LAST YEAR,DID,DID,NA,OTHR,Other / non-FMP,other / unclassified,Unknown - exclude
1081101160,DRUM BLACK FILLET,DRUM,DRUM,OTHR,OTHR,Other / non-FMP,fillet / steak,Not common Pacific species
1081101222,DRUM BLACK WHOLE,DRUM,DRUM,OTHR,OTHR,Other / non-FMP,whole / live,Not common Pacific species
1081101223,DRUM BLACK DRESSED,DRUM,DRUM,OTHR,OTHR,Other / non-FMP,dressed / headed and gutted,Not common Pacific species
1081201160,DRUM BLACK FILLET,DRUM,DRUM,OTHR,OTHR,Other / non-FMP,fillet / steak,Not common Pacific species
1081201223,DRUM BLACK DRESSED,DRUM,DRUM,OTHR,OTHR,Other / non-FMP,dressed / headed and gutted,Not common Pacific species
1082101160,DRUM RED FILLET,DRUM,DRUM,OTHR,OTHR,Other / non-FMP,fillet / steak,Not common Pacific species
1082101222,DRUM RED WHOLE,DRUM,DRUM,OTHR,OTHR,Other / non-FMP,whole / live,Not common Pacific species
1082101223,DRUM RED DRESSED,DRUM,DRUM,OTHR,OTHR,Other / non-FMP,dressed / headed and gutted,Not common Pacific species
1082201160,DRUM RED FILLET,DRUM,DRUM,OTHR,OTHR,Other / non-FMP,fillet / steak,Not common Pacific species
1082600000,DRUM RED,DRUM,DRUM,OTHR,OTHR,Other / non-FMP,other / unclassified,Not common Pacific species
1141000000,EELS,EELS,EELS,EELS,OTHR,Other / non-FMP,other / unclassified,Unspecified eels
1141101090,EELS FOR BAIT,EELS,EELS,EELS,OTHR,Other / non-FMP,"meal, oil, bait, pet food",Unspecified eels
1141101222,EELS WHOLE,EELS,EELS,EELS,OTHR,Other / non-FMP,whole / live,Unspecified eels
1141101223,EELS DRESSED & SKINNED,EELS,EELS,EELS,OTHR,Other / non-FMP,dressed / headed and gutted,Unspecified eels
1141201090,EELS FOR BAIT,EELS,EELS,EELS,OTHR,Other / non-FMP,"meal, oil, bait, pet food",Unspecified eels
1141201160,EELS FILLET,EELS,EELS,EELS,OTHR,Other / non-FMP,fillet / steak,Unspecified eels
1141201222,EELS WHOLE,EELS,EELS,EELS,OTHR,Other / non-FMP,whole / live,Unspecified eels
1141202500,EELS IN SAUCE,EELS,EELS,EELS,OTHR,Other / non-FMP,further processed,Unspecified eels
1141421090,EELS PICKLED FOR BAIT,EELS,EELS,EELS,OTHR,Other / non-FMP,"meal, oil, bait, pet food",Unspecified eels
1141430220,EELS SMOKED,EELS,EELS,EELS,OTHR,Other / non-FMP,smoked / cured,Unspecified eels
1141500650,EELS FOR SCIENTIFIC SPECIMENS,EELS,EELS,EELS,OTHR,Other / non-FMP,other / unclassified,Unspecified eels
1141600000,EELS,EELS,EELS,EELS,OTHR,Other / non-FMP,other / unclassified,Unspecified eels
9561600000,EXPORTER,EXPORTER,EXPORTER,NA,OTHR,Other / non-FMP,other / unclassified,Business type - exclude
9554600000,FISH WASTE PURCHASER,FISH,FISH,OTHR,OTHR,Other / non-FMP,other / unclassified,Unspecified fish
1310101223,FLYINGFISH DRESSED,FLYINGFISH,FLYINGFISH,OTHR,OTHR,Other / non-FMP,dressed / headed and gutted,Tropical species
1310201040,FLYINGFISH ROE,FLYINGFISH,FLYINGFISH,OTHR,OTHR,Other / non-FMP,roe,Tropical species
8140111033,FROG LEGS BREADED,FROG,FROG,OTHR,OTHR,Other / non-FMP,further processed,Non-fish
8140201033,FROG LEGS,FROG,FROG,OTHR,OTHR,Other / non-FMP,"meat, peeled, shucked, sections",Non-fish
8140211033,FROG LEGS BREADED,FROG,FROG,OTHR,OTHR,Other / non-FMP,further processed,Non-fish
8140500650,FROGS FOR SCIENTIFIC SPECIMENS,FROGS,FROGS,OTHR,OTHR,Other / non-FMP,other / unclassified,Non-fish
8140600000,FROGS UNCL,FROGS,FROGS,OTHR,OTHR,Other / non-FMP,other / unclassified,Non-fish
9030500028,FUR SEALS HIDES,FUR,FUR,NA,OTHR,Other / non-FMP,other / unclassified,Non-fish product - exclude
1330101160,GARFISH FILLET,GARFISH,GARFISH,OTHR,OTHR,Other / non-FMP,fillet / steak,Not common commercial species
1330101222,GARFISH WHOLE,GARFISH,GARFISH,OTHR,OTHR,Other / non-FMP,whole / live,Not common commercial species
1330101223,GARFISH DRESSED,GARFISH,GARFISH,OTHR,OTHR,Other / non-FMP,dressed / headed and gutted,Not common commercial species
1330201048,GARFISH STEAKS,GARFISH,GARFISH,OTHR,OTHR,Other / non-FMP,fillet / steak,Not common commercial species
1330201223,GARFISH DRESSED,GARFISH,GARFISH,OTHR,OTHR,Other / non-FMP,dressed / headed and gutted,Not common commercial species
1330600000,GARFISH,GARFISH,GARFISH,OTHR,OTHR,Other / non-FMP,other / unclassified,Not common commercial species
1340201090,GIZZARD SHAD FOR BAIT,GIZZARD,GIZZARD,OTHR,OTHR,Other / non-FMP,"meal, oil, bait, pet food",Gizzard shad - freshwater
1410101160,GROUPERS FILLET,GROUPERS,GROUPERS,OTHR,OTHR,Other / non-FMP,fillet / steak,Primarily tropical/Gulf species
1410101222,GROUPERS WHOLE,GROUPERS,GROUPERS,OTHR,OTHR,Other / non-FMP,whole / live,Primarily tropical/Gulf species
1410101223,GROUPERS DRESSED,GROUPERS,GROUPERS,OTHR,OTHR,Other / non-FMP,dressed / headed and gutted,Primarily tropical/Gulf species
1410201160,GROUPERS FILLET,GROUPERS,GROUPERS,OTHR,OTHR,Other / non-FMP,fillet / steak,Primarily tropical/Gulf species
1410201223,GROUPERS DRESSED,GROUPERS,GROUPERS,OTHR,OTHR,Other / non-FMP,dressed / headed and gutted,Primarily tropical/Gulf species
1410211160,GROUPERS BREADED FILLET,GROUPERS,GROUPERS,OTHR,OTHR,Other / non-FMP,further processed,Primarily tropical/Gulf species
1410600000,GROUPERS,GROUPERS,GROUPERS,OTHR,OTHR,Other / non-FMP,other / unclassified,Primarily tropical/Gulf species
1440101160,GRUNTS FILLET,GRUNTS,GRUNTS,OTHR,OTHR,Other / non-FMP,fillet / steak,Tropical/Gulf species
1440201160,GRUNTS FILLET,GRUNTS,GRUNTS,OTHR,OTHR,Other / non-FMP,fillet / steak,Tropical/Gulf species
1480101160,HADDOCK FILLET,HADDOCK,HADDOCK,OTHR,OTHR,Other / non-FMP,fillet / steak,Atlantic species
1480101223,HADDOCK DRESSED,HADDOCK,HADDOCK,OTHR,OTHR,Other / non-FMP,dressed / headed and gutted,Atlantic species
1480111160,HADDOCK BREADED FILLET,HADDOCK,HADDOCK,OTHR,OTHR,Other / non-FMP,further processed,Atlantic species
1480112160,HADDOCK BREADED COOKED FILLET,HADDOCK,HADDOCK,OTHR,OTHR,Other / non-FMP,further processed,Atlantic species
1480201160,HADDOCK FILLET,HADDOCK,HADDOCK,OTHR,OTHR,Other / non-FMP,fillet / steak,Atlantic species
1480201161,HADDOCK BLOCKS,HADDOCK,HADDOCK,OTHR,OTHR,Other / non-FMP,further processed,Atlantic species
1480201223,HADDOCK DRESSED,HADDOCK,HADDOCK,OTHR,OTHR,Other / non-FMP,dressed / headed and gutted,Atlantic species
1480201500,HADDOCK IN SAUCE,HADDOCK,HADDOCK,OTHR,OTHR,Other / non-FMP,further processed,Atlantic species
1480202051,HADDOCK COOKED STUFFED,HADDOCK,HADDOCK,OTHR,OTHR,Other / non-FMP,further processed,Atlantic species
1480202500,HADDOCK COOKED IN SAUCE,HADDOCK,HADDOCK,OTHR,OTHR,Other / non-FMP,further processed,Atlantic species
1480211039,HADDOCK BREADED PORTIONS,HADDOCK,HADDOCK,OTHR,OTHR,Other / non-FMP,further processed,Atlantic species
1480211051,HADDOCK BREADED STUFFED,HADDOCK,HADDOCK,OTHR,OTHR,Other / non-FMP,further processed,Atlantic species
1480211103,HADDOCK BREADED FORMED FILLET,HADDOCK,HADDOCK,OTHR,OTHR,Other / non-FMP,further processed,Atlantic species
1480211160,HADDOCK BREADED FILLET,HADDOCK,HADDOCK,OTHR,OTHR,Other / non-FMP,further processed,Atlantic species
1480212039,HADDOCK BREADED COOKED PORTIONS,HADDOCK,HADDOCK,OTHR,OTHR,Other / non-FMP,further processed,Atlantic species
1480212049,HADDOCK BREADED COOKED STICKS,HADDOCK,HADDOCK,OTHR,OTHR,Other / non-FMP,further processed,Atlantic species
1480212160,HADDOCK BREADED COOKED FILLET,HADDOCK,HADDOCK,OTHR,OTHR,Other / non-FMP,further processed,Atlantic species
1480213160,HADDOCK BATTER COATED FILLET,HADDOCK,HADDOCK,OTHR,OTHR,Other / non-FMP,fillet / steak,Atlantic species
1480300500,HADDOCK IN SAUCE,HADDOCK,HADDOCK,OTHR,OTHR,Other / non-FMP,canned,Atlantic species
1480430220,HADDOCK SMOKED,HADDOCK,HADDOCK,OTHR,OTHR,Other / non-FMP,smoked / cured,Atlantic species
1480600000,HADDOCK,HADDOCK,HADDOCK,OTHR,OTHR,Other / non-FMP,other / unclassified,Atlantic species
1590101018,HALIBUT PECTORAL GIRDLES,HALIBUT,HALIBUT,PHLB,OTHR,Other / non-FMP,other / unclassified,"Pacific halibut (note: managed by IPHC, not PFMC)"
1590101040,HALIBUT ROE,HALIBUT,HALIBUT,PHLB,OTHR,Other / non-FMP,roe,"Pacific halibut (note: managed by IPHC, not PFMC)"
1590101048,HALIBUT STEAKS,HALIBUT,HALIBUT,PHLB,OTHR,Other / non-FMP,fillet / steak,"Pacific halibut (note: managed by IPHC, not PFMC)"
1590101051,HALIBUT STUFFED,HALIBUT,HALIBUT,PHLB,OTHR,Other / non-FMP,further processed,"Pacific halibut (note: managed by IPHC, not PFMC)"
1590101160,HALIBUT FILLET,HALIBUT,HALIBUT,PHLB,OTHR,Other / non-FMP,fillet / steak,"Pacific halibut (note: managed by IPHC, not PFMC)"
1590101162,HALIBUT CHEEKS,HALIBUT,HALIBUT,PHLB,OTHR,Other / non-FMP,fillet / steak,"Pacific halibut (note: managed by IPHC, not PFMC)"
1590101222,HALIBUT WHOLE,HALIBUT,HALIBUT,PHLB,OTHR,Other / non-FMP,whole / live,"Pacific halibut (note: managed by IPHC, not PFMC)"
1590101223,HALIBUT DRESSED,HALIBUT,HALIBUT,PHLB,OTHR,Other / non-FMP,dressed / headed and gutted,"Pacific halibut (note: managed by IPHC, not PFMC)"
1590201018,HALIBUT PECTORAL GIRDLES,HALIBUT,HALIBUT,PHLB,OTHR,Other / non-FMP,other / unclassified,"Pacific halibut (note: managed by IPHC, not PFMC)"
1590201040,HALIBUT ROE,HALIBUT,HALIBUT,PHLB,OTHR,Other / non-FMP,roe,"Pacific halibut (note: managed by IPHC, not PFMC)"
1590201048,HALIBUT STEAKS,HALIBUT,HALIBUT,PHLB,OTHR,Other / non-FMP,fillet / steak,"Pacific halibut (note: managed by IPHC, not PFMC)"
1590201051,HALIBUT STUFFED,HALIBUT,HALIBUT,PHLB,OTHR,Other / non-FMP,further processed,"Pacific halibut (note: managed by IPHC, not PFMC)"
1590201160,HALIBUT FILLET,HALIBUT,HALIBUT,PHLB,OTHR,Other / non-FMP,fillet / steak,"Pacific halibut (note: managed by IPHC, not PFMC)"
1590201162,HALIBUT CHEEKS,HALIBUT,HALIBUT,PHLB,OTHR,Other / non-FMP,fillet / steak,"Pacific halibut (note: managed by IPHC, not PFMC)"
1590201163,HALIBUT FLETCHES,HALIBUT,HALIBUT,PHLB,OTHR,Other / non-FMP,fillet / steak,"Pacific halibut (note: managed by IPHC, not PFMC)"
1590201222,HALIBUT WHOLE,HALIBUT,HALIBUT,PHLB,OTHR,Other / non-FMP,whole / live,"Pacific halibut (note: managed by IPHC, not PFMC)"
1590201223,HALIBUT DRESSED,HALIBUT,HALIBUT,PHLB,OTHR,Other / non-FMP,dressed / headed and gutted,"Pacific halibut (note: managed by IPHC, not PFMC)"
1590202500,HALIBUT COOKED IN SAUCE,HALIBUT,HALIBUT,PHLB,OTHR,Other / non-FMP,further processed,"Pacific halibut (note: managed by IPHC, not PFMC)"
1590211160,HALIBUT BREADED FILLET,HALIBUT,HALIBUT,PHLB,OTHR,Other / non-FMP,further processed,"Pacific halibut (note: managed by IPHC, not PFMC)"
1590212039,HALIBUT BREADED COOKED PORTIONS,HALIBUT,HALIBUT,PHLB,OTHR,Other / non-FMP,further processed,"Pacific halibut (note: managed by IPHC, not PFMC)"
1590213039,HALIBUT BATTER COATED PORTIONS,HALIBUT,HALIBUT,PHLB,OTHR,Other / non-FMP,further processed,"Pacific halibut (note: managed by IPHC, not PFMC)"
1590213160,HALIBUT BATTER COATED FILLET,HALIBUT,HALIBUT,PHLB,OTHR,Other / non-FMP,fillet / steak,"Pacific halibut (note: managed by IPHC, not PFMC)"
1590300220,HALIBUT,HALIBUT,HALIBUT,PHLB,OTHR,Other / non-FMP,canned,"Pacific halibut (note: managed by IPHC, not PFMC)"
1590300613,HALIBUT FOR PET FOOD,HALIBUT,HALIBUT,PHLB,OTHR,Other / non-FMP,canned,"Pacific halibut (note: managed by IPHC, not PFMC)"
1590330220,HALIBUT SMOKED,HALIBUT,HALIBUT,PHLB,OTHR,Other / non-FMP,canned,"Pacific halibut (note: managed by IPHC, not PFMC)"
1590420220,HALIBUT SALTED,HALIBUT,HALIBUT,PHLB,OTHR,Other / non-FMP,smoked / cured,"Pacific halibut (note: managed by IPHC, not PFMC)"
1590430220,HALIBUT SMOKED,HALIBUT,HALIBUT,PHLB,OTHR,Other / non-FMP,smoked / cured,"Pacific halibut (note: managed by IPHC, not PFMC)"
1590431220,HALIBUT KIPPERED,HALIBUT,HALIBUT,PHLB,OTHR,Other / non-FMP,smoked / cured,"Pacific halibut (note: managed by IPHC, not PFMC)"
1590500301,HALIBUT MEAL,HALIBUT,HALIBUT,PHLB,OTHR,Other / non-FMP,"meal, oil, bait, pet food","Pacific halibut (note: managed by IPHC, not PFMC)"
1590600000,HALIBUT,HALIBUT,HALIBUT,PHLB,OTHR,Other / non-FMP,other / unclassified,"Pacific halibut (note: managed by IPHC, not PFMC)"
1390201039,HOKI PORTIONS,HOKI,HOKI,OTHR,OTHR,Other / non-FMP,further processed,New Zealand species
1390201161,HOKI BLOCKS,HOKI,HOKI,OTHR,OTHR,Other / non-FMP,further processed,New Zealand species
1390202051,HOKI COOKED STUFFED,HOKI,HOKI,OTHR,OTHR,Other / non-FMP,further processed,New Zealand species
1390212039,HOKI BREADED COOKED PORTIONS,HOKI,HOKI,OTHR,OTHR,Other / non-FMP,further processed,New Zealand species
1390213039,HOKI BATTER DIP PORTIONS,HOKI,HOKI,OTHR,OTHR,Other / non-FMP,further processed,New Zealand species
7240101090,HORSESHOE CRAB FOR BAIT,HORSESHOE,HORSESHOE,OTHR,OTHR,Other / non-FMP,"meal, oil, bait, pet food",Horseshoe crab - not true crab
9552600000,IMPORTER,IMPORTER,IMPORTER,NA,OTHR,Other / non-FMP,other / unclassified,Business type - exclude
8171500086,IRISH MOSS DRIED,IRISH,IRISH,RSCL,OTHR,Other / non-FMP,smoked / cured,Irish lord (red irish lord) - other groundfish
8171500172,IRISH MOSS EXTRACTS,IRISH,IRISH,RSCL,OTHR,Other / non-FMP,other / unclassified,Irish lord (red irish lord) - other groundfish
1820101160,JACK MACKEREL FILLET,JACK,JACK,OTHR,OTHR,Other / non-FMP,fillet / steak,Various jack species
1820101222,JACK MACKEREL WHOLE,JACK,JACK,OTHR,OTHR,Other / non-FMP,whole / live,Various jack species
1820101223,JACK MACKEREL DRESSED,JACK,JACK,OTHR,OTHR,Other / non-FMP,dressed / headed and gutted,Various jack species
1820201090,JACK MACKEREL FOR BAIT,JACK,JACK,OTHR,OTHR,Other / non-FMP,"meal, oil, bait, pet food",Various jack species
1820201222,JACK MACKEREL WHOLE,JACK,JACK,OTHR,OTHR,Other / non-FMP,whole / live,Various jack species
1820201223,JACK MACKEREL DRESSED,JACK,JACK,OTHR,OTHR,Other / non-FMP,dressed / headed and gutted,Various jack species
1820300220,JACK MACKEREL,JACK,JACK,OTHR,OTHR,Other / non-FMP,canned,Various jack species
1820300613,JACK MACKEREL FOR PET FOOD,JACK,JACK,OTHR,OTHR,Other / non-FMP,canned,Various jack species
1820420220,JACK MACKEREL SALTED,JACK,JACK,OTHR,OTHR,Other / non-FMP,smoked / cured,Various jack species
1820421220,JACK MACKEREL PICKLED,JACK,JACK,OTHR,OTHR,Other / non-FMP,smoked / cured,Various jack species
1820430220,JACK MACKEREL SMOKED,JACK,JACK,OTHR,OTHR,Other / non-FMP,smoked / cured,Various jack species
1820500301,JACK MACKEREL MEAL,JACK,JACK,OTHR,OTHR,Other / non-FMP,"meal, oil, bait, pet food",Various jack species
1820500401,JACK MACKEREL BODY OIL,JACK,JACK,OTHR,OTHR,Other / non-FMP,"meal, oil, bait, pet food",Various jack species
8145440215,JELLYFISH DRIED,JELLYFISH,JELLYFISH,UJEL,OTHR,Other / non-FMP,smoked / cured,Unspecified jellyfish
8172500086,KELP DRIED,KELP,KELP,OTHR,OTHR,Other / non-FMP,smoked / cured,Kelp - other
8172500170,KELP INDUSTRIAL PRODUCTS,KELP,KELP,OTHR,OTHR,Other / non-FMP,"meal, oil, bait, pet food",Kelp - other
1970101048,KING WHITING STEAKS,KING,KING WHITING,OTHR,OTHR,Other / non-FMP,fillet / steak,"KING WHITING = Atlantic kingcroaker, not salmon; every KING-prefixed product is king whiting (audit 2026-10-01)"
1970101160,KING WHITING FILLET,KING,KING WHITING,OTHR,OTHR,Other / non-FMP,fillet / steak,"KING WHITING = Atlantic kingcroaker, not salmon; every KING-prefixed product is king whiting (audit 2026-10-01)"
1970101222,KING WHITING WHOLE,KING,KING WHITING,OTHR,OTHR,Other / non-FMP,whole / live,"KING WHITING = Atlantic kingcroaker, not salmon; every KING-prefixed product is king whiting (audit 2026-10-01)"
1970101223,KING WHITING DRESSED,KING,KING WHITING,OTHR,OTHR,Other / non-FMP,dressed / headed and gutted,"KING WHITING = Atlantic kingcroaker, not salmon; every KING-prefixed product is king whiting (audit 2026-10-01)"
1970201048,KING WHITING STEAKS,KING,KING WHITING,OTHR,OTHR,Other / non-FMP,fillet / steak,"KING WHITING = Atlantic kingcroaker, not salmon; every KING-prefixed product is king whiting (audit 2026-10-01)"
1970201160,KING WHITING FILLET,KING,KING WHITING,OTHR,OTHR,Other / non-FMP,fillet / steak,"KING WHITING = Atlantic kingcroaker, not salmon; every KING-prefixed product is king whiting (audit 2026-10-01)"
1970430220,KING WHITING SMOKED,KING,KING WHITING,OTHR,OTHR,Other / non-FMP,smoked / cured,"KING WHITING = Atlantic kingcroaker, not salmon; every KING-prefixed product is king whiting (audit 2026-10-01)"
1180201160,KINGCLIP FILLET,KINGCLIP,KINGCLIP,OTHR,OTHR,Other / non-FMP,fillet / steak,South African species
1180201223,KINGCLIP DRESSED,KINGCLIP,KINGCLIP,OTHR,OTHR,Other / non-FMP,dressed / headed and gutted,South African species
2060101090,LAUNCE FOR BAIT,LAUNCE,LAUNCE,OTHR,OTHR,Other / non-FMP,"meal, oil, bait, pet food",Sand lance - baitfish
7270000000,LOBSTER AMERICAN,LOBSTER,LOBSTER,LOBS,OTHR,Other / non-FMP,other / unclassified,California spiny lobster
7270102200,LOBSTER AMERICAN COOKED MEAT,LOBSTER,LOBSTER,LOBS,OTHR,Other / non-FMP,"meat, peeled, shucked, sections",California spiny lobster
7270102215,LOBSTER AMERICAN COOKED WHOLE,LOBSTER,LOBSTER,LOBS,OTHR,Other / non-FMP,whole / live,California spiny lobster
7270201041,LOBSTER AMERICAN ROLLS,LOBSTER,LOBSTER,LOBS,OTHR,Other / non-FMP,other / unclassified,California spiny lobster
7270201053,LOBSTER AMERICAN TAILS,LOBSTER,LOBSTER,LOBS,OTHR,Other / non-FMP,"meat, peeled, shucked, sections",California spiny lobster
7270201101,LOBSTER AMERICAN CAKE/PATTY,LOBSTER,LOBSTER,LOBS,OTHR,Other / non-FMP,further processed,California spiny lobster
7270202082,LOBSTER AMERICAN COOKED MIXES,LOBSTER,LOBSTER,LOBS,OTHR,Other / non-FMP,"meat, peeled, shucked, sections",California spiny lobster
7270202200,LOBSTER AMERICAN COOKED MEAT,LOBSTER,LOBSTER,LOBS,OTHR,Other / non-FMP,"meat, peeled, shucked, sections",California spiny lobster
7270202215,LOBSTER AMERICAN COOKED WHOLE,LOBSTER,LOBSTER,LOBS,OTHR,Other / non-FMP,whole / live,California spiny lobster
7270211200,LOBSTER AMERICAN BREADED MEAT,LOBSTER,LOBSTER,LOBS,OTHR,Other / non-FMP,further processed,California spiny lobster
7270300016,LOBSTER AMERICAN DEVILED,LOBSTER,LOBSTER,LOBS,OTHR,Other / non-FMP,canned,California spiny lobster
7270300017,LOBSTER AMERICAN DIPS AND SPREADS,LOBSTER,LOBSTER,LOBS,OTHR,Other / non-FMP,canned,California spiny lobster
7270300074,LOBSTER AMERICAN SALAD MIXES,LOBSTER,LOBSTER,LOBS,OTHR,Other / non-FMP,canned,California spiny lobster
7270300111,LOBSTER AMERICAN CHOWDER BASE,LOBSTER,LOBSTER,LOBS,OTHR,Other / non-FMP,canned,California spiny lobster
7270300200,LOBSTER AMERICAN MEAT,LOBSTER,LOBSTER,LOBS,OTHR,Other / non-FMP,canned,California spiny lobster
7270300231,LOBSTER AMERICAN BISQUES,LOBSTER,LOBSTER,LOBS,OTHR,Other / non-FMP,canned,California spiny lobster
7270300500,LOBSTER AMERICAN IN SAUCE,LOBSTER,LOBSTER,LOBS,OTHR,Other / non-FMP,canned,California spiny lobster
7280111200,LOBSTER SLIPPER BREADED MEAT,LOBSTER,LOBSTER,LOBS,OTHR,Other / non-FMP,further processed,California spiny lobster
7280201200,LOBSTER SLIPPER MEAT,LOBSTER,LOBSTER,LOBS,OTHR,Other / non-FMP,"meat, peeled, shucked, sections",California spiny lobster
7280202200,LOBSTER SLIPPER COOKED MEAT,LOBSTER,LOBSTER,LOBS,OTHR,Other / non-FMP,"meat, peeled, shucked, sections",California spiny lobster
7280211200,LOBSTER SLIPPER BREADED MEAT,LOBSTER,LOBSTER,LOBS,OTHR,Other / non-FMP,further processed,California spiny lobster
7300000000,LOBSTER SPINY,LOBSTER,LOBSTER,LOBS,OTHR,Other / non-FMP,other / unclassified,California spiny lobster
7300101053,LOBSTER SPINY TAILS,LOBSTER,LOBSTER,LOBS,OTHR,Other / non-FMP,"meat, peeled, shucked, sections",California spiny lobster
7300101215,LOBSTER SPINY WHOLE,LOBSTER,LOBSTER,LOBS,OTHR,Other / non-FMP,whole / live,California spiny lobster
7300102053,LOBSTER SPINY COOKED TAILS,LOBSTER,LOBSTER,LOBS,OTHR,Other / non-FMP,"meat, peeled, shucked, sections",California spiny lobster
7300102200,LOBSTER SPINY COOKED MEAT,LOBSTER,LOBSTER,LOBS,OTHR,Other / non-FMP,"meat, peeled, shucked, sections",California spiny lobster
7300102215,LOBSTER SPINY COOKED WHOLE,LOBSTER,LOBSTER,LOBS,OTHR,Other / non-FMP,whole / live,California spiny lobster
7300201053,LOBSTER SPINY TAILS,LOBSTER,LOBSTER,LOBS,OTHR,Other / non-FMP,"meat, peeled, shucked, sections",California spiny lobster
7300201215,LOBSTER SPINY WHOLE,LOBSTER,LOBSTER,LOBS,OTHR,Other / non-FMP,whole / live,California spiny lobster
7300202053,LOBSTER SPINY COOKED TAILS,LOBSTER,LOBSTER,LOBS,OTHR,Other / non-FMP,"meat, peeled, shucked, sections",California spiny lobster
7300202120,LOBSTER SPINY COOKED DINNERS,LOBSTER,LOBSTER,LOBS,OTHR,Other / non-FMP,further processed,California spiny lobster
7300202200,LOBSTER SPINY COOKED MEAT,LOBSTER,LOBSTER,LOBS,OTHR,Other / non-FMP,"meat, peeled, shucked, sections",California spiny lobster
7300202215,LOBSTER SPINY COOKED WHOLE,LOBSTER,LOBSTER,LOBS,OTHR,Other / non-FMP,whole / live,California spiny lobster
7300212051,LOBSTER SPINY BREADED CKD STUFFED,LOBSTER,LOBSTER,LOBS,OTHR,Other / non-FMP,further processed,California spiny lobster
7300212200,LOBSTER SPINY BREADED COOKED MEAT,LOBSTER,LOBSTER,LOBS,OTHR,Other / non-FMP,further processed,California spiny lobster
7300300500,LOBSTER SPINY IN SAUCE,LOBSTER,LOBSTER,LOBS,OTHR,Other / non-FMP,canned,California spiny lobster
7300600000,LOBSTER SPINY,LOBSTER,LOBSTER,LOBS,OTHR,Other / non-FMP,other / unclassified,California spiny lobster
2100300010,LUMPFISH CAVIAR,LUMPFISH,LUMPFISH,OTHR,OTHR,Other / non-FMP,canned,Lumpfish - other
2120101048,MACKEREL ATLANTIC STEAKS,MACKEREL,MACKEREL,OTHR,OTHR,Other / non-FMP,fillet / steak,"Chub mackerel (most common on West Coast) [description-level override, audit 2026-10-01]"
2120101160,MACKEREL ATLANTIC FILLET,MACKEREL,MACKEREL,OTHR,OTHR,Other / non-FMP,fillet / steak,"Chub mackerel (most common on West Coast) [description-level override, audit 2026-10-01]"
2120101222,MACKEREL ATLANTIC WHOLE,MACKEREL,MACKEREL,OTHR,OTHR,Other / non-FMP,whole / live,"Chub mackerel (most common on West Coast) [description-level override, audit 2026-10-01]"
2120101223,MACKEREL ATLANTIC DRESSED,MACKEREL,MACKEREL,OTHR,OTHR,Other / non-FMP,dressed / headed and gutted,"Chub mackerel (most common on West Coast) [description-level override, audit 2026-10-01]"
2120201090,MACKEREL ATLANTIC FOR BAIT,MACKEREL,MACKEREL,OTHR,OTHR,Other / non-FMP,"meal, oil, bait, pet food","Chub mackerel (most common on West Coast) [description-level override, audit 2026-10-01]"
2120201222,MACKEREL ATLANTIC WHOLE,MACKEREL,MACKEREL,OTHR,OTHR,Other / non-FMP,whole / live,"Chub mackerel (most common on West Coast) [description-level override, audit 2026-10-01]"
2120201223,MACKEREL ATLANTIC DRESSED,MACKEREL,MACKEREL,OTHR,OTHR,Other / non-FMP,dressed / headed and gutted,"Chub mackerel (most common on West Coast) [description-level override, audit 2026-10-01]"
2120300220,MACKEREL ATLANTIC,MACKEREL,MACKEREL,OTHR,OTHR,Other / non-FMP,canned,"Chub mackerel (most common on West Coast) [description-level override, audit 2026-10-01]"
2120330220,MACKEREL ATLANTIC SMOKED,MACKEREL,MACKEREL,OTHR,OTHR,Other / non-FMP,canned,"Chub mackerel (most common on West Coast) [description-level override, audit 2026-10-01]"
2120420220,MACKEREL ATLANTIC SALTED,MACKEREL,MACKEREL,OTHR,OTHR,Other / non-FMP,smoked / cured,"Chub mackerel (most common on West Coast) [description-level override, audit 2026-10-01]"
2120430220,MACKEREL ATLANTIC SMOKED,MACKEREL,MACKEREL,OTHR,OTHR,Other / non-FMP,smoked / cured,"Chub mackerel (most common on West Coast) [description-level override, audit 2026-10-01]"
2120600000,MACKEREL ATLANTIC,MACKEREL,MACKEREL,OTHR,OTHR,Other / non-FMP,other / unclassified,"Chub mackerel (most common on West Coast) [description-level override, audit 2026-10-01]"
2210101090,MENHADEN FOR BAIT,MENHADEN,MENHADEN,OTHR,OTHR,Other / non-FMP,"meal, oil, bait, pet food",Atlantic species
2210101222,MENHADEN WHOLE,MENHADEN,MENHADEN,OTHR,OTHR,Other / non-FMP,whole / live,Atlantic species
2210201090,MENHADEN FOR BAIT,MENHADEN,MENHADEN,OTHR,OTHR,Other / non-FMP,"meal, oil, bait, pet food",Atlantic species
2210201222,MENHADEN WHOLE,MENHADEN,MENHADEN,OTHR,OTHR,Other / non-FMP,whole / live,Atlantic species
2210201635,MENHADEN FOR ANIMAL FEEDS,MENHADEN,MENHADEN,OTHR,OTHR,Other / non-FMP,"meal, oil, bait, pet food",Atlantic species
2210420090,MENHADEN SALTED FOR BAIT,MENHADEN,MENHADEN,OTHR,OTHR,Other / non-FMP,"meal, oil, bait, pet food",Atlantic species
2210500046,MENHADEN SOLUBLES,MENHADEN,MENHADEN,OTHR,OTHR,Other / non-FMP,"meal, oil, bait, pet food",Atlantic species
2210500301,MENHADEN MEAL,MENHADEN,MENHADEN,OTHR,OTHR,Other / non-FMP,"meal, oil, bait, pet food",Atlantic species
2210500401,MENHADEN BODY OIL,MENHADEN,MENHADEN,OTHR,OTHR,Other / non-FMP,"meal, oil, bait, pet food",Atlantic species
2210600000,MENHADEN,MENHADEN,MENHADEN,OTHR,OTHR,Other / non-FMP,other / unclassified,Atlantic species
2240201222,MILKFISH WHOLE,MILKFISH,MILKFISH,OTHR,OTHR,Other / non-FMP,whole / live,Tropical aquaculture species
2280430220,MOONEYE SMOKED,MOONEYE,MOONEYE,OTHR,OTHR,Other / non-FMP,smoked / cured,Freshwater species
2347000000,MULLET,MULLET,MULLET,OTHR,OTHR,Other / non-FMP,other / unclassified,Not primary Pacific commercial species
2347101040,MULLET ROE,MULLET,MULLET,OTHR,OTHR,Other / non-FMP,roe,Not primary Pacific commercial species
2347101090,MULLET FOR BAIT,MULLET,MULLET,OTHR,OTHR,Other / non-FMP,"meal, oil, bait, pet food",Not primary Pacific commercial species
2347101092,MULLET GIZZARDS,MULLET,MULLET,OTHR,OTHR,Other / non-FMP,other / unclassified,Not primary Pacific commercial species
2347101160,MULLET FILLET,MULLET,MULLET,OTHR,OTHR,Other / non-FMP,fillet / steak,Not primary Pacific commercial species
2347101222,MULLET WHOLE,MULLET,MULLET,OTHR,OTHR,Other / non-FMP,whole / live,Not primary Pacific commercial species
2347101223,MULLET DRESSED,MULLET,MULLET,OTHR,OTHR,Other / non-FMP,dressed / headed and gutted,Not primary Pacific commercial species
2347101280,MULLET CHUNKS,MULLET,MULLET,OTHR,OTHR,Other / non-FMP,other / unclassified,Not primary Pacific commercial species
2347201040,MULLET ROE,MULLET,MULLET,OTHR,OTHR,Other / non-FMP,roe,Not primary Pacific commercial species
2347201090,MULLET FOR BAIT,MULLET,MULLET,OTHR,OTHR,Other / non-FMP,"meal, oil, bait, pet food",Not primary Pacific commercial species
2347201092,MULLET GIZZARDS,MULLET,MULLET,OTHR,OTHR,Other / non-FMP,other / unclassified,Not primary Pacific commercial species
2347201103,MULLET FORMED FILLET,MULLET,MULLET,OTHR,OTHR,Other / non-FMP,fillet / steak,Not primary Pacific commercial species
2347201160,MULLET FILLET,MULLET,MULLET,OTHR,OTHR,Other / non-FMP,fillet / steak,Not primary Pacific commercial species
2347201222,MULLET WHOLE,MULLET,MULLET,OTHR,OTHR,Other / non-FMP,whole / live,Not primary Pacific commercial species
2347201223,MULLET DRESSED,MULLET,MULLET,OTHR,OTHR,Other / non-FMP,dressed / headed and gutted,Not primary Pacific commercial species
2347201280,MULLET CHUNKS,MULLET,MULLET,OTHR,OTHR,Other / non-FMP,other / unclassified,Not primary Pacific commercial species
2347420040,MULLET SALTED ROE,MULLET,MULLET,OTHR,OTHR,Other / non-FMP,roe,Not primary Pacific commercial species
2347420220,MULLET SALTED,MULLET,MULLET,OTHR,OTHR,Other / non-FMP,smoked / cured,Not primary Pacific commercial species
2347430220,MULLET SMOKED,MULLET,MULLET,OTHR,OTHR,Other / non-FMP,smoked / cured,Not primary Pacific commercial species
2347600000,MULLET,MULLET,MULLET,OTHR,OTHR,Other / non-FMP,other / unclassified,Not primary Pacific commercial species
3900201160,NILE PERCH FILLET,NILE,NILE,OTHR,OTHR,Other / non-FMP,fillet / steak,Nile perch - African species
7860101090,OCTOPUS FOR BAIT,OCTOPUS,OCTOPUS,OCTP,OTHR,Other / non-FMP,"meal, oil, bait, pet food",Unspecified octopus
7860101215,OCTOPUS WHOLE,OCTOPUS,OCTOPUS,OCTP,OTHR,Other / non-FMP,whole / live,Unspecified octopus
7860101223,OCTOPUS DRESSED,OCTOPUS,OCTOPUS,OCTP,OTHR,Other / non-FMP,dressed / headed and gutted,Unspecified octopus
7860101500,OCTOPUS IN SAUCE,OCTOPUS,OCTOPUS,OCTP,OTHR,Other / non-FMP,further processed,Unspecified octopus
7860102215,OCTOPUS COOKED WHOLE,OCTOPUS,OCTOPUS,OCTP,OTHR,Other / non-FMP,"meat, peeled, shucked, sections",Unspecified octopus
7860201090,OCTOPUS FOR BAIT,OCTOPUS,OCTOPUS,OCTP,OTHR,Other / non-FMP,"meal, oil, bait, pet food",Unspecified octopus
7860201215,OCTOPUS WHOLE,OCTOPUS,OCTOPUS,OCTP,OTHR,Other / non-FMP,whole / live,Unspecified octopus
7860201223,OCTOPUS DRESSED,OCTOPUS,OCTOPUS,OCTP,OTHR,Other / non-FMP,dressed / headed and gutted,Unspecified octopus
7860202033,OCTOPUS COOKED LEGS,OCTOPUS,OCTOPUS,OCTP,OTHR,Other / non-FMP,"meat, peeled, shucked, sections",Unspecified octopus
7860430200,OCTOPUS SMOKED MEAT,OCTOPUS,OCTOPUS,OCTP,OTHR,Other / non-FMP,smoked / cured,Unspecified octopus
7860600000,OCTOPUS,OCTOPUS,OCTOPUS,OCTP,OTHR,Other / non-FMP,other / unclassified,Unspecified octopus
2503101160,OPAH FILLET,OPAH,OPAH,OPAH,OTHR,Other / non-FMP,fillet / steak,Opah/moonfish
3030201160,ORANGE ROUGHY FILLET,ORANGE,ORANGE ROUGHY,OTHR,OTHR,Other / non-FMP,fillet / steak,Orange roughy - deep sea
3030201223,ORANGE ROUGHY DRESSED,ORANGE,ORANGE ROUGHY,OTHR,OTHR,Other / non-FMP,dressed / headed and gutted,Orange roughy - deep sea
9556600000,PACKER-SHIPPER,PACKER-SHIPPER,PACKER-SHIPPER,NA,OTHR,Other / non-FMP,other / unclassified,Business type - exclude
2510101160,PADDLEFISH FILLET,PADDLEFISH,PADDLEFISH,OTHR,OTHR,Other / non-FMP,fillet / steak,Freshwater species
2510101223,PADDLEFISH DRESSED,PADDLEFISH,PADDLEFISH,OTHR,OTHR,Other / non-FMP,dressed / headed and gutted,Freshwater species
2510420040,PADDLEFISH SALTED ROE,PADDLEFISH,PADDLEFISH,OTHR,OTHR,Other / non-FMP,roe,Freshwater species
2510430220,PADDLEFISH SMOKED,PADDLEFISH,PADDLEFISH,OTHR,OTHR,Other / non-FMP,smoked / cured,Freshwater species
2530101160,PANGASIUS FILLET,PANGASIUS,PANGASIUS,OTHR,OTHR,Other / non-FMP,fillet / steak,Asian aquaculture species
2530201160,PANGASIUS FILLET,PANGASIUS,PANGASIUS,OTHR,OTHR,Other / non-FMP,fillet / steak,Asian aquaculture species
2530213039,PANGASIUS BATTER DIP PORTIONS,PANGASIUS,PANGASIUS,OTHR,OTHR,Other / non-FMP,further processed,Asian aquaculture species
3340101160,PATAGONIAN TOOTHFISH FILLET,PATAGONIAN,PATAGONIAN TOOTHFISH,OTHR,OTHR,Other / non-FMP,fillet / steak,Patagonian toothfish - Southern Ocean
3340201160,PATAGONIAN TOOTHFISH FILLET,PATAGONIAN,PATAGONIAN TOOTHFISH,OTHR,OTHR,Other / non-FMP,fillet / steak,Patagonian toothfish - Southern Ocean
7980000000,PERIWINKLES OR COCKLES,PERIWINKLES,PERIWINKLES,OMSK,OTHR,Other / non-FMP,other / unclassified,Other mollusks
7980600000,PERIWINKLES OR COCKLES,PERIWINKLES,PERIWINKLES,OMSK,OTHR,Other / non-FMP,other / unclassified,Other mollusks
2610101160,PIKE OR PICKEREL FILLET,PIKE,PIKE,OTHR,OTHR,Other / non-FMP,fillet / steak,Freshwater species
2610101223,PIKE OR PICKEREL DRESSED,PIKE,PIKE,OTHR,OTHR,Other / non-FMP,dressed / headed and gutted,Freshwater species
2610201160,PIKE OR PICKEREL FILLET,PIKE,PIKE,OTHR,OTHR,Other / non-FMP,fillet / steak,Freshwater species
2610201223,PIKE OR PICKEREL DRESSED,PIKE,PIKE,OTHR,OTHR,Other / non-FMP,dressed / headed and gutted,Freshwater species
2610600000,PIKE OR PICKEREL,PIKE,PIKE,OTHR,OTHR,Other / non-FMP,other / unclassified,Freshwater species
2710101160,POMFRET FILLET,POMFRET,POMFRET,POMF,OTHR,Other / non-FMP,fillet / steak,Pacific pomfret
2720101160,POMPANO FILLET,POMPANO,POMPANO,OTHR,OTHR,Other / non-FMP,fillet / steak,Atlantic/Gulf species
2720101222,POMPANO WHOLE,POMPANO,POMPANO,OTHR,OTHR,Other / non-FMP,whole / live,Atlantic/Gulf species
2720101223,POMPANO DRESSED,POMPANO,POMPANO,OTHR,OTHR,Other / non-FMP,dressed / headed and gutted,Atlantic/Gulf species
2720201160,POMPANO FILLET,POMPANO,POMPANO,OTHR,OTHR,Other / non-FMP,fillet / steak,Atlantic/Gulf species
2720600000,POMPANO,POMPANO,POMPANO,OTHR,OTHR,Other / non-FMP,other / unclassified,Atlantic/Gulf species
8250101090,SANDWORMS FOR BAIT,SANDWORMS,SANDWORMS,OTHR,OTHR,Other / non-FMP,other / unclassified,Bait - not fish
3170101160,SAUGER FILLET,SAUGER,SAUGER,OTHR,OTHR,Other / non-FMP,fillet / steak,Freshwater species
3170101223,SAUGER DRESSED,SAUGER,SAUGER,OTHR,OTHR,Other / non-FMP,dressed / headed and gutted,Freshwater species
3170201160,SAUGER FILLET,SAUGER,SAUGER,OTHR,OTHR,Other / non-FMP,fillet / steak,Freshwater species
3170211160,SAUGER BREADED FILLET,SAUGER,SAUGER,OTHR,OTHR,Other / non-FMP,further processed,Freshwater species
3260101223,SCULPINS DRESSED,SCULPINS,SCULPINS,SCLP,OTHR,Other / non-FMP,dressed / headed and gutted,Sculpins
3295101160,SCUP OR PORGY FILLET,SCUP,SCUP,OTHR,OTHR,Other / non-FMP,fillet / steak,Atlantic species
3295101222,SCUP OR PORGY WHOLE,SCUP,SCUP,OTHR,OTHR,Other / non-FMP,whole / live,Atlantic species
3295101223,SCUP OR PORGY DRESSED,SCUP,SCUP,OTHR,OTHR,Other / non-FMP,dressed / headed and gutted,Atlantic species
3295201160,SCUP OR PORGY FILLET,SCUP,SCUP,OTHR,OTHR,Other / non-FMP,fillet / steak,Atlantic species
3295201223,SCUP OR PORGY DRESSED,SCUP,SCUP,OTHR,OTHR,Other / non-FMP,dressed / headed and gutted,Atlantic species
3295600000,SCUP OR PORGY,SCUP,SCUP,OTHR,OTHR,Other / non-FMP,other / unclassified,Atlantic species
3360101160,SEA BASS BLACK FILLET,SEA,SEA BASS,OTHR,OTHR,Other / non-FMP,fillet / steak,"Sea-prefixed species (sea bass, sea trout, etc.)"
3360101223,SEA BASS BLACK DRESSED,SEA,SEA BASS,OTHR,OTHR,Other / non-FMP,dressed / headed and gutted,"Sea-prefixed species (sea bass, sea trout, etc.)"
3360201048,SEA BASS BLACK STEAKS,SEA,SEA BASS,OTHR,OTHR,Other / non-FMP,fillet / steak,"Sea-prefixed species (sea bass, sea trout, etc.)"
3360201160,SEA BASS BLACK FILLET,SEA,SEA BASS,OTHR,OTHR,Other / non-FMP,fillet / steak,"Sea-prefixed species (sea bass, sea trout, etc.)"
3360201223,SEA BASS BLACK DRESSED,SEA,SEA BASS,OTHR,OTHR,Other / non-FMP,dressed / headed and gutted,"Sea-prefixed species (sea bass, sea trout, etc.)"
3360430220,SEA BASS BLACK SMOKED,SEA,SEA BASS,OTHR,OTHR,Other / non-FMP,smoked / cured,"Sea-prefixed species (sea bass, sea trout, etc.)"
3360600000,SEA BASS BLACK,SEA,SEA BASS,OTHR,OTHR,Other / non-FMP,other / unclassified,"Sea-prefixed species (sea bass, sea trout, etc.)"
3370101160,SEA BASS WHITE FILLET,SEA,SEA BASS,OTHR,OTHR,Other / non-FMP,fillet / steak,"Sea-prefixed species (sea bass, sea trout, etc.)"
3370201160,SEA BASS WHITE FILLET,SEA,SEA BASS,OTHR,OTHR,Other / non-FMP,fillet / steak,"Sea-prefixed species (sea bass, sea trout, etc.)"
3370431220,SEA BASS WHITE KIPPERED,SEA,SEA BASS,OTHR,OTHR,Other / non-FMP,smoked / cured,"Sea-prefixed species (sea bass, sea trout, etc.)"
3380101160,SEA CATFISH FILLET,SEA,SEA CATFISH,OTHR,OTHR,Other / non-FMP,fillet / steak,"Sea-prefixed species (sea bass, sea trout, etc.)"
3380101222,SEA CATFISH WHOLE,SEA,SEA CATFISH,OTHR,OTHR,Other / non-FMP,whole / live,"Sea-prefixed species (sea bass, sea trout, etc.)"
3380101223,SEA CATFISH DRESSED,SEA,SEA CATFISH,OTHR,OTHR,Other / non-FMP,dressed / headed and gutted,"Sea-prefixed species (sea bass, sea trout, etc.)"
3380201160,SEA CATFISH FILLET,SEA,SEA CATFISH,OTHR,OTHR,Other / non-FMP,fillet / steak,"Sea-prefixed species (sea bass, sea trout, etc.)"
8050101040,SEA URCHINS ROE,SEA,SEA URCHINS,RURC,OTHR,Other / non-FMP,roe,"Sea-prefixed species (sea bass, sea trout, etc.) [description-level override, audit 2026-10-01]"
8050101215,SEA URCHINS WHOLE,SEA,SEA URCHINS,RURC,OTHR,Other / non-FMP,whole / live,"Sea-prefixed species (sea bass, sea trout, etc.) [description-level override, audit 2026-10-01]"
8050201040,SEA URCHINS ROE,SEA,SEA URCHINS,RURC,OTHR,Other / non-FMP,roe,"Sea-prefixed species (sea bass, sea trout, etc.) [description-level override, audit 2026-10-01]"
8050600000,SEA URCHINS,SEA,SEA URCHINS,RURC,OTHR,Other / non-FMP,other / unclassified,"Sea-prefixed species (sea bass, sea trout, etc.) [description-level override, audit 2026-10-01]"
8085101223,SEA CUCUMBER DRESSED,SEA,SEA CUCUMBER,CSCU,OTHR,Other / non-FMP,dressed / headed and gutted,"Sea-prefixed species (sea bass, sea trout, etc.) [description-level override, audit 2026-10-01]"
8085201200,SEA CUCUMBER MEAT,SEA,SEA CUCUMBER,CSCU,OTHR,Other / non-FMP,"meat, peeled, shucked, sections","Sea-prefixed species (sea bass, sea trout, etc.) [description-level override, audit 2026-10-01]"
8085420028,SEA CUCUMBER SALTED SKIN,SEA,SEA CUCUMBER,CSCU,OTHR,Other / non-FMP,smoked / cured,"Sea-prefixed species (sea bass, sea trout, etc.) [description-level override, audit 2026-10-01]"
8085420215,SEA CUCUMBER SALTED,SEA,SEA CUCUMBER,CSCU,OTHR,Other / non-FMP,smoked / cured,"Sea-prefixed species (sea bass, sea trout, etc.) [description-level override, audit 2026-10-01]"
8085440028,SEA CUCUMBER DRIED SKIN,SEA,SEA CUCUMBER,CSCU,OTHR,Other / non-FMP,smoked / cured,"Sea-prefixed species (sea bass, sea trout, etc.) [description-level override, audit 2026-10-01]"
8085440215,SEA CUCUMBER DRIED,SEA,SEA CUCUMBER,CSCU,OTHR,Other / non-FMP,smoked / cured,"Sea-prefixed species (sea bass, sea trout, etc.) [description-level override, audit 2026-10-01]"
8085600000,SEA CUCUMBER,SEA,SEA CUCUMBER,CSCU,OTHR,Other / non-FMP,other / unclassified,"Sea-prefixed species (sea bass, sea trout, etc.) [description-level override, audit 2026-10-01]"
3446101160,SEATROUT WEAKFISH FILLET,SEATROUT,SEATROUT,OTHR,OTHR,Other / non-FMP,fillet / steak,Atlantic/Gulf species
3446101222,SEATROUT WEAKFISH WHOLE,SEATROUT,SEATROUT,OTHR,OTHR,Other / non-FMP,whole / live,Atlantic/Gulf species
3446101223,SEATROUT WEAKFISH DRESSED,SEATROUT,SEATROUT,OTHR,OTHR,Other / non-FMP,dressed / headed and gutted,Atlantic/Gulf species
3446201160,SEATROUT WEAKFISH FILLET,SEATROUT,SEATROUT,OTHR,OTHR,Other / non-FMP,fillet / steak,Atlantic/Gulf species
3446430220,SEATROUT WEAKFISH SMOKED,SEATROUT,SEATROUT,OTHR,OTHR,Other / non-FMP,smoked / cured,Atlantic/Gulf species
3446600000,SEATROUT WEAKFISH,SEATROUT,SEATROUT,OTHR,OTHR,Other / non-FMP,other / unclassified,Atlantic/Gulf species
3447101160,SEATROUT SPOTTED FILLET,SEATROUT,SEATROUT,OTHR,OTHR,Other / non-FMP,fillet / steak,Atlantic/Gulf species
3447101222,SEATROUT SPOTTED WHOLE,SEATROUT,SEATROUT,OTHR,OTHR,Other / non-FMP,whole / live,Atlantic/Gulf species
3447101223,SEATROUT SPOTTED DRESSED,SEATROUT,SEATROUT,OTHR,OTHR,Other / non-FMP,dressed / headed and gutted,Atlantic/Gulf species
3447201160,SEATROUT SPOTTED FILLET,SEATROUT,SEATROUT,OTHR,OTHR,Other / non-FMP,fillet / steak,Atlantic/Gulf species
3447201223,SEATROUT SPOTTED DRESSED,SEATROUT,SEATROUT,OTHR,OTHR,Other / non-FMP,dressed / headed and gutted,Atlantic/Gulf species
3447430220,SEATROUT SPOTTED SMOKED,SEATROUT,SEATROUT,OTHR,OTHR,Other / non-FMP,smoked / cured,Atlantic/Gulf species
3447600000,SEATROUT SPOTTED,SEATROUT,SEATROUT,OTHR,OTHR,Other / non-FMP,other / unclassified,Atlantic/Gulf species
3455101222,SEATROUT SAND WHOLE,SEATROUT,SEATROUT,OTHR,OTHR,Other / non-FMP,whole / live,Atlantic/Gulf species
3455101223,SEATROUT SAND DRESSED,SEATROUT,SEATROUT,OTHR,OTHR,Other / non-FMP,dressed / headed and gutted,Atlantic/Gulf species
3455201160,SEATROUT SAND FILLET,SEATROUT,SEATROUT,OTHR,OTHR,Other / non-FMP,fillet / steak,Atlantic/Gulf species
8178101220,SEAWEED EDIBLE,SEAWEED,SEAWEED,OTHR,OTHR,Other / non-FMP,other / unclassified,Seaweed - other
8178440220,SEAWEED DRIED EDIBLE,SEAWEED,SEAWEED,OTHR,OTHR,Other / non-FMP,smoked / cured,Seaweed - other
8178500170,SEAWEED INDUSTRIAL PRODUCTS,SEAWEED,SEAWEED,OTHR,OTHR,Other / non-FMP,"meal, oil, bait, pet food",Seaweed - other
3474000000,SHAD,SHAD,SHAD,SHAD,OTHR,Other / non-FMP,other / unclassified,Unspecified shad
3474101040,SHAD ROE,SHAD,SHAD,SHAD,OTHR,Other / non-FMP,roe,Unspecified shad
3474101090,SHAD FOR BAIT,SHAD,SHAD,SHAD,OTHR,Other / non-FMP,"meal, oil, bait, pet food",Unspecified shad
3474101160,SHAD FILLET,SHAD,SHAD,SHAD,OTHR,Other / non-FMP,fillet / steak,Unspecified shad
3474101222,SHAD WHOLE,SHAD,SHAD,SHAD,OTHR,Other / non-FMP,whole / live,Unspecified shad
3474101223,SHAD DRESSED,SHAD,SHAD,SHAD,OTHR,Other / non-FMP,dressed / headed and gutted,Unspecified shad
3474201090,SHAD FOR BAIT,SHAD,SHAD,SHAD,OTHR,Other / non-FMP,"meal, oil, bait, pet food",Unspecified shad
3474201160,SHAD FILLET,SHAD,SHAD,SHAD,OTHR,Other / non-FMP,fillet / steak,Unspecified shad
3474300040,SHAD ROE,SHAD,SHAD,SHAD,OTHR,Other / non-FMP,canned,Unspecified shad
3474300500,SHAD IN SAUCE,SHAD,SHAD,SHAD,OTHR,Other / non-FMP,canned,Unspecified shad
3474330220,SHAD SMOKED,SHAD,SHAD,SHAD,OTHR,Other / non-FMP,canned,Unspecified shad
3474421090,SHAD PICKLED FOR BAIT,SHAD,SHAD,SHAD,OTHR,Other / non-FMP,"meal, oil, bait, pet food",Unspecified shad
3474430220,SHAD SMOKED,SHAD,SHAD,SHAD,OTHR,Other / non-FMP,smoked / cured,Unspecified shad
3474500635,SHAD FOR ANIMAL FEEDS,SHAD,SHAD,SHAD,OTHR,Other / non-FMP,"meal, oil, bait, pet food",Unspecified shad
3474600000,SHAD,SHAD,SHAD,SHAD,OTHR,Other / non-FMP,other / unclassified,Unspecified shad
3570101160,SHEEPHEAD SALTWATER FILLET,SHEEPHEAD,SHEEPHEAD,SHPD,OTHR,Other / non-FMP,fillet / steak,California sheephead
3570101222,SHEEPHEAD SALTWATER WHOLE,SHEEPHEAD,SHEEPHEAD,SHPD,OTHR,Other / non-FMP,whole / live,California sheephead
3570101223,SHEEPHEAD SALTWATER DRESSED,SHEEPHEAD,SHEEPHEAD,SHPD,OTHR,Other / non-FMP,dressed / headed and gutted,California sheephead
3570201160,SHEEPHEAD SALTWATER FILLET,SHEEPHEAD,SHEEPHEAD,SHPD,OTHR,Other / non-FMP,fillet / steak,California sheephead
3530000000,SHEEPSHEAD FRESHWATER,SHEEPSHEAD,SHEEPSHEAD,SHPD,OTHR,Other / non-FMP,other / unclassified,California sheephead
3530101160,SHEEPSHEAD FRESHWATER FILLET,SHEEPSHEAD,SHEEPSHEAD,SHPD,OTHR,Other / non-FMP,fillet / steak,California sheephead
3530101223,SHEEPSHEAD FRESHWATER DRESSED,SHEEPSHEAD,SHEEPSHEAD,SHPD,OTHR,Other / non-FMP,dressed / headed and gutted,California sheephead
3530201160,SHEEPSHEAD FRESHWATER FILLET,SHEEPSHEAD,SHEEPSHEAD,SHPD,OTHR,Other / non-FMP,fillet / steak,California sheephead
3530500635,SHEEPSHEAD FRESHWATER ANIMAL FEEDS,SHEEPSHEAD,SHEEPSHEAD,SHPD,OTHR,Other / non-FMP,"meal, oil, bait, pet food",California sheephead
3530600000,SHEEPSHEAD FRESHWATER,SHEEPSHEAD,SHEEPSHEAD,SHPD,OTHR,Other / non-FMP,other / unclassified,California sheephead
3732000000,SMELT,SMELT,SMELT,SMLT,OTHR,Other / non-FMP,other / unclassified,Unspecified smelt
3732101090,SMELT FOR BAIT,SMELT,SMELT,SMLT,OTHR,Other / non-FMP,"meal, oil, bait, pet food",Unspecified smelt
3732101160,SMELT FILLET,SMELT,SMELT,SMLT,OTHR,Other / non-FMP,fillet / steak,Unspecified smelt
3732101222,SMELT WHOLE,SMELT,SMELT,SMLT,OTHR,Other / non-FMP,whole / live,Unspecified smelt
3732101223,SMELT DRESSED,SMELT,SMELT,SMLT,OTHR,Other / non-FMP,dressed / headed and gutted,Unspecified smelt
3732201090,SMELT FOR BAIT,SMELT,SMELT,SMLT,OTHR,Other / non-FMP,"meal, oil, bait, pet food",Unspecified smelt
3732201222,SMELT WHOLE,SMELT,SMELT,SMLT,OTHR,Other / non-FMP,whole / live,Unspecified smelt
3732201223,SMELT DRESSED,SMELT,SMELT,SMLT,OTHR,Other / non-FMP,dressed / headed and gutted,Unspecified smelt
3732211220,SMELT BREADED,SMELT,SMELT,SMLT,OTHR,Other / non-FMP,further processed,Unspecified smelt
3732421090,SMELT PICKLED FOR BAIT,SMELT,SMELT,SMLT,OTHR,Other / non-FMP,"meal, oil, bait, pet food",Unspecified smelt
3732421220,SMELT PICKLED,SMELT,SMELT,SMLT,OTHR,Other / non-FMP,smoked / cured,Unspecified smelt
3732430220,SMELT SMOKED,SMELT,SMELT,SMLT,OTHR,Other / non-FMP,smoked / cured,Unspecified smelt
3732500635,SMELT FOR ANIMAL FEEDS,SMELT,SMELT,SMLT,OTHR,Other / non-FMP,"meal, oil, bait, pet food",Unspecified smelt
3732600000,SMELT,SMELT,SMELT,SMLT,OTHR,Other / non-FMP,other / unclassified,Unspecified smelt
3764101160,SNAPPER RED FILLET,SNAPPER,SNAPPER,OTHR,OTHR,Other / non-FMP,fillet / steak,Primarily tropical/Gulf species
3764101222,SNAPPER RED WHOLE,SNAPPER,SNAPPER,OTHR,OTHR,Other / non-FMP,whole / live,Primarily tropical/Gulf species
3764101223,SNAPPER RED DRESSED,SNAPPER,SNAPPER,OTHR,OTHR,Other / non-FMP,dressed / headed and gutted,Primarily tropical/Gulf species
3764201048,SNAPPER RED STEAKS,SNAPPER,SNAPPER,OTHR,OTHR,Other / non-FMP,fillet / steak,Primarily tropical/Gulf species
3764201160,SNAPPER RED FILLET,SNAPPER,SNAPPER,OTHR,OTHR,Other / non-FMP,fillet / steak,Primarily tropical/Gulf species
3764201222,SNAPPER RED WHOLE,SNAPPER,SNAPPER,OTHR,OTHR,Other / non-FMP,whole / live,Primarily tropical/Gulf species
3764201223,SNAPPER RED DRESSED,SNAPPER,SNAPPER,OTHR,OTHR,Other / non-FMP,dressed / headed and gutted,Primarily tropical/Gulf species
3764600000,SNAPPER RED,SNAPPER,SNAPPER,OTHR,OTHR,Other / non-FMP,other / unclassified,Primarily tropical/Gulf species
3768101160,SNAPPER UNCL FILLET,SNAPPER,SNAPPER,OTHR,OTHR,Other / non-FMP,fillet / steak,Primarily tropical/Gulf species
3768101222,SNAPPER UNCL WHOLE,SNAPPER,SNAPPER,OTHR,OTHR,Other / non-FMP,whole / live,Primarily tropical/Gulf species
3768101223,SNAPPER UNCL DRESSED,SNAPPER,SNAPPER,OTHR,OTHR,Other / non-FMP,dressed / headed and gutted,Primarily tropical/Gulf species
3768201160,SNAPPER UNCL FILLET,SNAPPER,SNAPPER,OTHR,OTHR,Other / non-FMP,fillet / steak,Primarily tropical/Gulf species
3768201223,SNAPPER UNCL DRESSED,SNAPPER,SNAPPER,OTHR,OTHR,Other / non-FMP,dressed / headed and gutted,Primarily tropical/Gulf species
3768600000,SNAPPER UNCL,SNAPPER,SNAPPER,OTHR,OTHR,Other / non-FMP,other / unclassified,Primarily tropical/Gulf species
8200600000,SPONGES,SPONGES,SPONGES,OTHR,OTHR,Other / non-FMP,other / unclassified,Non-fish
9559600000,SPORT CANNERY,SPORT,SPORT,NA,OTHR,Other / non-FMP,other / unclassified,Sport fishing - exclude
4060101222,SPOT WHOLE,SPOT,SPOT,OTHR,OTHR,Other / non-FMP,whole / live,Atlantic species
4060101223,SPOT DRESSED,SPOT,SPOT,OTHR,OTHR,Other / non-FMP,dressed / headed and gutted,Atlantic species
4060102215,SPOT COOKED WHOLE,SPOT,SPOT,OTHR,OTHR,Other / non-FMP,whole / live,Atlantic species
4060201222,SPOT WHOLE,SPOT,SPOT,OTHR,OTHR,Other / non-FMP,whole / live,Atlantic species
4060420220,SPOT SALTED,SPOT,SPOT,OTHR,OTHR,Other / non-FMP,smoked / cured,Atlantic species
4060600000,SPOT,SPOT,SPOT,OTHR,OTHR,Other / non-FMP,other / unclassified,Atlantic species
4180101160,STRIPED BASS FILLET,STRIPED,STRIPED BASS,OTHR,OTHR,Other / non-FMP,fillet / steak,"Striped-prefixed species (striped bass, etc.)"
4180101222,STRIPED BASS WHOLE,STRIPED,STRIPED BASS,OTHR,OTHR,Other / non-FMP,whole / live,"Striped-prefixed species (striped bass, etc.)"
4180101223,STRIPED BASS DRESSED,STRIPED,STRIPED BASS,OTHR,OTHR,Other / non-FMP,dressed / headed and gutted,"Striped-prefixed species (striped bass, etc.)"
4180201160,STRIPED BASS FILLET,STRIPED,STRIPED BASS,OTHR,OTHR,Other / non-FMP,fillet / steak,"Striped-prefixed species (striped bass, etc.)"
4180201222,STRIPED BASS WHOLE,STRIPED,STRIPED BASS,OTHR,OTHR,Other / non-FMP,whole / live,"Striped-prefixed species (striped bass, etc.)"
4180201223,STRIPED BASS DRESSED,STRIPED,STRIPED BASS,OTHR,OTHR,Other / non-FMP,dressed / headed and gutted,"Striped-prefixed species (striped bass, etc.)"
4180600000,STRIPED BASS,STRIPED,STRIPED BASS,OTHR,OTHR,Other / non-FMP,other / unclassified,"Striped-prefixed species (striped bass, etc.)"
4211101040,STURGEON ROE,STURGEON,STURGEON,STRG,OTHR,Other / non-FMP,roe,All sturgeon
4211101048,STURGEON STEAKS,STURGEON,STURGEON,STRG,OTHR,Other / non-FMP,fillet / steak,All sturgeon
4211101160,STURGEON FILLET,STURGEON,STURGEON,STRG,OTHR,Other / non-FMP,fillet / steak,All sturgeon
4211101222,STURGEON WHOLE,STURGEON,STURGEON,STRG,OTHR,Other / non-FMP,whole / live,All sturgeon
4211101223,STURGEON DRESSED,STURGEON,STURGEON,STRG,OTHR,Other / non-FMP,dressed / headed and gutted,All sturgeon
4211201040,STURGEON ROE,STURGEON,STURGEON,STRG,OTHR,Other / non-FMP,roe,All sturgeon
4211201223,STURGEON DRESSED,STURGEON,STURGEON,STRG,OTHR,Other / non-FMP,dressed / headed and gutted,All sturgeon
4211300010,STURGEON CAVIAR,STURGEON,STURGEON,STRG,OTHR,Other / non-FMP,canned,All sturgeon
4211300220,STURGEON,STURGEON,STURGEON,STRG,OTHR,Other / non-FMP,canned,All sturgeon
4211330220,STURGEON SMOKED,STURGEON,STURGEON,STRG,OTHR,Other / non-FMP,canned,All sturgeon
4211420010,STURGEON CAVIAR,STURGEON,STURGEON,STRG,OTHR,Other / non-FMP,roe,All sturgeon
4211430220,STURGEON SMOKED,STURGEON,STURGEON,STRG,OTHR,Other / non-FMP,smoked / cured,All sturgeon
4211431220,STURGEON KIPPERED,STURGEON,STURGEON,STRG,OTHR,Other / non-FMP,smoked / cured,All sturgeon
4211600000,STURGEON,STURGEON,STURGEON,STRG,OTHR,Other / non-FMP,other / unclassified,All sturgeon
4230101160,SUCKERS FILLET,SUCKERS,SUCKERS,OTHR,OTHR,Other / non-FMP,fillet / steak,Freshwater species
4230101223,SUCKERS DRESSED,SUCKERS,SUCKERS,OTHR,OTHR,Other / non-FMP,dressed / headed and gutted,Freshwater species
4230201160,SUCKERS FILLET,SUCKERS,SUCKERS,OTHR,OTHR,Other / non-FMP,fillet / steak,Freshwater species
4230430220,SUCKERS SMOKED,SUCKERS,SUCKERS,OTHR,OTHR,Other / non-FMP,smoked / cured,Freshwater species
4230600000,SUCKERS,SUCKERS,SUCKERS,OTHR,OTHR,Other / non-FMP,other / unclassified,Freshwater species
9555600000,SUPPLIER,SUPPLIER,SUPPLIER,NA,OTHR,Other / non-FMP,other / unclassified,Business type - exclude
4380101160,TAUTOG FILLET,TAUTOG,TAUTOG,OTHR,OTHR,Other / non-FMP,fillet / steak,Atlantic species
4380101222,TAUTOG WHOLE,TAUTOG,TAUTOG,OTHR,OTHR,Other / non-FMP,whole / live,Atlantic species
4380101223,TAUTOG DRESSED,TAUTOG,TAUTOG,OTHR,OTHR,Other / non-FMP,dressed / headed and gutted,Atlantic species
4380430220,TAUTOG SMOKED,TAUTOG,TAUTOG,OTHR,OTHR,Other / non-FMP,smoked / cured,Atlantic species
4380600000,TAUTOG,TAUTOG,TAUTOG,OTHR,OTHR,Other / non-FMP,other / unclassified,Atlantic species
4410101222,TENPOUNDER WHOLE,TENPOUNDER,TENPOUNDER,OTHR,OTHR,Other / non-FMP,whole / live,Ladyfish/tenpounder - Atlantic species
4410101223,TENPOUNDER DRESSED,TENPOUNDER,TENPOUNDER,OTHR,OTHR,Other / non-FMP,dressed / headed and gutted,Ladyfish/tenpounder - Atlantic species
4410600000,TENPOUNDER,TENPOUNDER,TENPOUNDER,OTHR,OTHR,Other / non-FMP,other / unclassified,Ladyfish/tenpounder - Atlantic species
4460101160,TILAPIA FILLET,TILAPIA,TILAPIA,OTHR,OTHR,Other / non-FMP,fillet / steak,Aquaculture species
4460101222,TILAPIA WHOLE,TILAPIA,TILAPIA,OTHR,OTHR,Other / non-FMP,whole / live,Aquaculture species
4460101223,TILAPIA DRESSED,TILAPIA,TILAPIA,OTHR,OTHR,Other / non-FMP,dressed / headed and gutted,Aquaculture species
4460201160,TILAPIA FILLET,TILAPIA,TILAPIA,OTHR,OTHR,Other / non-FMP,fillet / steak,Aquaculture species
4460201222,TILAPIA WHOLE,TILAPIA,TILAPIA,OTHR,OTHR,Other / non-FMP,whole / live,Aquaculture species
4460201223,TILAPIA DRESSED,TILAPIA,TILAPIA,OTHR,OTHR,Other / non-FMP,dressed / headed and gutted,Aquaculture species
4460211160,TILAPIA BREADED FILLET,TILAPIA,TILAPIA,OTHR,OTHR,Other / non-FMP,further processed,Aquaculture species
4460212160,TILAPIA BREADED COOKED FILLET,TILAPIA,TILAPIA,OTHR,OTHR,Other / non-FMP,further processed,Aquaculture species
4460213039,TILAPIA BATTER DIP PORTIONS,TILAPIA,TILAPIA,OTHR,OTHR,Other / non-FMP,further processed,Aquaculture species
4470101048,TILEFISH STEAKS,TILEFISH,TILEFISH,OTHR,OTHR,Other / non-FMP,fillet / steak,Not common Pacific species
4470101160,TILEFISH FILLET,TILEFISH,TILEFISH,OTHR,OTHR,Other / non-FMP,fillet / steak,Not common Pacific species
4470101223,TILEFISH DRESSED,TILEFISH,TILEFISH,OTHR,OTHR,Other / non-FMP,dressed / headed and gutted,Not common Pacific species
4470201160,TILEFISH FILLET,TILEFISH,TILEFISH,OTHR,OTHR,Other / non-FMP,fillet / steak,Not common Pacific species
4470600000,TILEFISH,TILEFISH,TILEFISH,OTHR,OTHR,Other / non-FMP,other / unclassified,Not common Pacific species
9563600000,TRANSPORTER,TRANSPORTER,TRANSPORTER,NA,OTHR,Other / non-FMP,other / unclassified,Business type - exclude
4560101160,TRIGGERFISH FILLET,TRIGGERFISH,TRIGGERFISH,OTHR,OTHR,Other / non-FMP,fillet / steak,Tropical species
4560201160,TRIGGERFISH FILLET,TRIGGERFISH,TRIGGERFISH,OTHR,OTHR,Other / non-FMP,fillet / steak,Tropical species
4590101160,TRIPLETAIL FILLET,TRIPLETAIL,TRIPLETAIL,OTHR,OTHR,Other / non-FMP,fillet / steak,Atlantic/Gulf species
4590101222,TRIPLETAIL WHOLE,TRIPLETAIL,TRIPLETAIL,OTHR,OTHR,Other / non-FMP,whole / live,Atlantic/Gulf species
4590101223,TRIPLETAIL DRESSED,TRIPLETAIL,TRIPLETAIL,OTHR,OTHR,Other / non-FMP,dressed / headed and gutted,Atlantic/Gulf species
2000101160,TROUT LAKE FILLET,TROUT,TROUT,OTHR,OTHR,Other / non-FMP,fillet / steak,"Kept OTHR (decision 2026-10-01; rationale corrected 2026-10-05): steelhead/rainbow products are predominantly out-of-region farmed raw material (Idaho land-based steelhead; no WC aquaculture at scale). Non-tribal wild sale prohibited since 1975; the small treaty-tribal wild component (only lawful wild source, PacFIN STLH=SAMN) dominated pre-2010 volumes but is immaterial and inseparable"
2000101223,TROUT LAKE DRESSED,TROUT,TROUT,OTHR,OTHR,Other / non-FMP,dressed / headed and gutted,"Kept OTHR (decision 2026-10-01; rationale corrected 2026-10-05): steelhead/rainbow products are predominantly out-of-region farmed raw material (Idaho land-based steelhead; no WC aquaculture at scale). Non-tribal wild sale prohibited since 1975; the small treaty-tribal wild component (only lawful wild source, PacFIN STLH=SAMN) dominated pre-2010 volumes but is immaterial and inseparable"
2000201160,TROUT LAKE FILLET,TROUT,TROUT,OTHR,OTHR,Other / non-FMP,fillet / steak,"Kept OTHR (decision 2026-10-01; rationale corrected 2026-10-05): steelhead/rainbow products are predominantly out-of-region farmed raw material (Idaho land-based steelhead; no WC aquaculture at scale). Non-tribal wild sale prohibited since 1975; the small treaty-tribal wild component (only lawful wild source, PacFIN STLH=SAMN) dominated pre-2010 volumes but is immaterial and inseparable"
2000430220,TROUT LAKE SMOKED,TROUT,TROUT,OTHR,OTHR,Other / non-FMP,smoked / cured,"Kept OTHR (decision 2026-10-01; rationale corrected 2026-10-05): steelhead/rainbow products are predominantly out-of-region farmed raw material (Idaho land-based steelhead; no WC aquaculture at scale). Non-tribal wild sale prohibited since 1975; the small treaty-tribal wild component (only lawful wild source, PacFIN STLH=SAMN) dominated pre-2010 volumes but is immaterial and inseparable"
2850000000,TROUT RAINBOW,TROUT,TROUT,OTHR,OTHR,Other / non-FMP,other / unclassified,"Kept OTHR (decision 2026-10-01; rationale corrected 2026-10-05): steelhead/rainbow products are predominantly out-of-region farmed raw material (Idaho land-based steelhead; no WC aquaculture at scale). Non-tribal wild sale prohibited since 1975; the small treaty-tribal wild component (only lawful wild source, PacFIN STLH=SAMN) dominated pre-2010 volumes but is immaterial and inseparable"
2850101017,TROUT RAINBOW DIPS AND SPREADS,TROUT,TROUT,OTHR,OTHR,Other / non-FMP,further processed,"Kept OTHR (decision 2026-10-01; rationale corrected 2026-10-05): steelhead/rainbow products are predominantly out-of-region farmed raw material (Idaho land-based steelhead; no WC aquaculture at scale). Non-tribal wild sale prohibited since 1975; the small treaty-tribal wild component (only lawful wild source, PacFIN STLH=SAMN) dominated pre-2010 volumes but is immaterial and inseparable"
2850101160,TROUT RAINBOW FILLET,TROUT,TROUT,OTHR,OTHR,Other / non-FMP,fillet / steak,"Kept OTHR (decision 2026-10-01; rationale corrected 2026-10-05): steelhead/rainbow products are predominantly out-of-region farmed raw material (Idaho land-based steelhead; no WC aquaculture at scale). Non-tribal wild sale prohibited since 1975; the small treaty-tribal wild component (only lawful wild source, PacFIN STLH=SAMN) dominated pre-2010 volumes but is immaterial and inseparable"
2850101223,TROUT RAINBOW DRESSED,TROUT,TROUT,OTHR,OTHR,Other / non-FMP,dressed / headed and gutted,"Kept OTHR (decision 2026-10-01; rationale corrected 2026-10-05): steelhead/rainbow products are predominantly out-of-region farmed raw material (Idaho land-based steelhead; no WC aquaculture at scale). Non-tribal wild sale prohibited since 1975; the small treaty-tribal wild component (only lawful wild source, PacFIN STLH=SAMN) dominated pre-2010 volumes but is immaterial and inseparable"
2850101228,TROUT RAINBOW DRESSED & SKND,TROUT,TROUT,OTHR,OTHR,Other / non-FMP,dressed / headed and gutted,"Kept OTHR (decision 2026-10-01; rationale corrected 2026-10-05): steelhead/rainbow products are predominantly out-of-region farmed raw material (Idaho land-based steelhead; no WC aquaculture at scale). Non-tribal wild sale prohibited since 1975; the small treaty-tribal wild component (only lawful wild source, PacFIN STLH=SAMN) dominated pre-2010 volumes but is immaterial and inseparable"
2850101229,TROUT RAINBOW DRESSED & BONED,TROUT,TROUT,OTHR,OTHR,Other / non-FMP,dressed / headed and gutted,"Kept OTHR (decision 2026-10-01; rationale corrected 2026-10-05): steelhead/rainbow products are predominantly out-of-region farmed raw material (Idaho land-based steelhead; no WC aquaculture at scale). Non-tribal wild sale prohibited since 1975; the small treaty-tribal wild component (only lawful wild source, PacFIN STLH=SAMN) dominated pre-2010 volumes but is immaterial and inseparable"
2850102160,TROUT RAINBOW COOKED FILLET,TROUT,TROUT,OTHR,OTHR,Other / non-FMP,fillet / steak,"Kept OTHR (decision 2026-10-01; rationale corrected 2026-10-05): steelhead/rainbow products are predominantly out-of-region farmed raw material (Idaho land-based steelhead; no WC aquaculture at scale). Non-tribal wild sale prohibited since 1975; the small treaty-tribal wild component (only lawful wild source, PacFIN STLH=SAMN) dominated pre-2010 volumes but is immaterial and inseparable"
2850201160,TROUT RAINBOW FILLET,TROUT,TROUT,OTHR,OTHR,Other / non-FMP,fillet / steak,"Kept OTHR (decision 2026-10-01; rationale corrected 2026-10-05): steelhead/rainbow products are predominantly out-of-region farmed raw material (Idaho land-based steelhead; no WC aquaculture at scale). Non-tribal wild sale prohibited since 1975; the small treaty-tribal wild component (only lawful wild source, PacFIN STLH=SAMN) dominated pre-2010 volumes but is immaterial and inseparable"
2850201210,TROUT RAINBOW MINCED,TROUT,TROUT,OTHR,OTHR,Other / non-FMP,further processed,"Kept OTHR (decision 2026-10-01; rationale corrected 2026-10-05): steelhead/rainbow products are predominantly out-of-region farmed raw material (Idaho land-based steelhead; no WC aquaculture at scale). Non-tribal wild sale prohibited since 1975; the small treaty-tribal wild component (only lawful wild source, PacFIN STLH=SAMN) dominated pre-2010 volumes but is immaterial and inseparable"
2850201223,TROUT RAINBOW DRESSED,TROUT,TROUT,OTHR,OTHR,Other / non-FMP,dressed / headed and gutted,"Kept OTHR (decision 2026-10-01; rationale corrected 2026-10-05): steelhead/rainbow products are predominantly out-of-region farmed raw material (Idaho land-based steelhead; no WC aquaculture at scale). Non-tribal wild sale prohibited since 1975; the small treaty-tribal wild component (only lawful wild source, PacFIN STLH=SAMN) dominated pre-2010 volumes but is immaterial and inseparable"
2850201228,TROUT RAINBOW DRESSED & SKND,TROUT,TROUT,OTHR,OTHR,Other / non-FMP,dressed / headed and gutted,"Kept OTHR (decision 2026-10-01; rationale corrected 2026-10-05): steelhead/rainbow products are predominantly out-of-region farmed raw material (Idaho land-based steelhead; no WC aquaculture at scale). Non-tribal wild sale prohibited since 1975; the small treaty-tribal wild component (only lawful wild source, PacFIN STLH=SAMN) dominated pre-2010 volumes but is immaterial and inseparable"
2850201229,TROUT RAINBOW DRESSED & BONED,TROUT,TROUT,OTHR,OTHR,Other / non-FMP,dressed / headed and gutted,"Kept OTHR (decision 2026-10-01; rationale corrected 2026-10-05): steelhead/rainbow products are predominantly out-of-region farmed raw material (Idaho land-based steelhead; no WC aquaculture at scale). Non-tribal wild sale prohibited since 1975; the small treaty-tribal wild component (only lawful wild source, PacFIN STLH=SAMN) dominated pre-2010 volumes but is immaterial and inseparable"
2850211051,TROUT RAINBOW BREADED STUFFED,TROUT,TROUT,OTHR,OTHR,Other / non-FMP,further processed,"Kept OTHR (decision 2026-10-01; rationale corrected 2026-10-05): steelhead/rainbow products are predominantly out-of-region farmed raw material (Idaho land-based steelhead; no WC aquaculture at scale). Non-tribal wild sale prohibited since 1975; the small treaty-tribal wild component (only lawful wild source, PacFIN STLH=SAMN) dominated pre-2010 volumes but is immaterial and inseparable"
2850211160,TROUT RAINBOW BREADED FILLET,TROUT,TROUT,OTHR,OTHR,Other / non-FMP,further processed,"Kept OTHR (decision 2026-10-01; rationale corrected 2026-10-05): steelhead/rainbow products are predominantly out-of-region farmed raw material (Idaho land-based steelhead; no WC aquaculture at scale). Non-tribal wild sale prohibited since 1975; the small treaty-tribal wild component (only lawful wild source, PacFIN STLH=SAMN) dominated pre-2010 volumes but is immaterial and inseparable"
2850300220,TROUT RAINBOW,TROUT,TROUT,OTHR,OTHR,Other / non-FMP,canned,"Kept OTHR (decision 2026-10-01; rationale corrected 2026-10-05): steelhead/rainbow products are predominantly out-of-region farmed raw material (Idaho land-based steelhead; no WC aquaculture at scale). Non-tribal wild sale prohibited since 1975; the small treaty-tribal wild component (only lawful wild source, PacFIN STLH=SAMN) dominated pre-2010 volumes but is immaterial and inseparable"
2850330220,TROUT RAINBOW SMOKED,TROUT,TROUT,OTHR,OTHR,Other / non-FMP,canned,"Kept OTHR (decision 2026-10-01; rationale corrected 2026-10-05): steelhead/rainbow products are predominantly out-of-region farmed raw material (Idaho land-based steelhead; no WC aquaculture at scale). Non-tribal wild sale prohibited since 1975; the small treaty-tribal wild component (only lawful wild source, PacFIN STLH=SAMN) dominated pre-2010 volumes but is immaterial and inseparable"
2850420010,TROUT RAINBOW CAVIAR,TROUT,TROUT,OTHR,OTHR,Other / non-FMP,roe,"Kept OTHR (decision 2026-10-01; rationale corrected 2026-10-05): steelhead/rainbow products are predominantly out-of-region farmed raw material (Idaho land-based steelhead; no WC aquaculture at scale). Non-tribal wild sale prohibited since 1975; the small treaty-tribal wild component (only lawful wild source, PacFIN STLH=SAMN) dominated pre-2010 volumes but is immaterial and inseparable"
2850430220,TROUT RAINBOW SMOKED,TROUT,TROUT,OTHR,OTHR,Other / non-FMP,smoked / cured,"Kept OTHR (decision 2026-10-01; rationale corrected 2026-10-05): steelhead/rainbow products are predominantly out-of-region farmed raw material (Idaho land-based steelhead; no WC aquaculture at scale). Non-tribal wild sale prohibited since 1975; the small treaty-tribal wild component (only lawful wild source, PacFIN STLH=SAMN) dominated pre-2010 volumes but is immaterial and inseparable"
4150000000,TROUT STEELHEAD,TROUT,TROUT,OTHR,OTHR,Other / non-FMP,other / unclassified,"Kept OTHR (decision 2026-10-01; rationale corrected 2026-10-05): steelhead/rainbow products are predominantly out-of-region farmed raw material (Idaho land-based steelhead; no WC aquaculture at scale). Non-tribal wild sale prohibited since 1975; the small treaty-tribal wild component (only lawful wild source, PacFIN STLH=SAMN) dominated pre-2010 volumes but is immaterial and inseparable"
4150101160,TROUT STEELHEAD FILLET,TROUT,TROUT,OTHR,OTHR,Other / non-FMP,fillet / steak,"Kept OTHR (decision 2026-10-01; rationale corrected 2026-10-05): steelhead/rainbow products are predominantly out-of-region farmed raw material (Idaho land-based steelhead; no WC aquaculture at scale). Non-tribal wild sale prohibited since 1975; the small treaty-tribal wild component (only lawful wild source, PacFIN STLH=SAMN) dominated pre-2010 volumes but is immaterial and inseparable"
4150101219,TROUT STEELHEAD HEAD ON,TROUT,TROUT,OTHR,OTHR,Other / non-FMP,dressed / headed and gutted,"Kept OTHR (decision 2026-10-01; rationale corrected 2026-10-05): steelhead/rainbow products are predominantly out-of-region farmed raw material (Idaho land-based steelhead; no WC aquaculture at scale). Non-tribal wild sale prohibited since 1975; the small treaty-tribal wild component (only lawful wild source, PacFIN STLH=SAMN) dominated pre-2010 volumes but is immaterial and inseparable"
4150101222,TROUT STEELHEAD WHOLE,TROUT,TROUT,OTHR,OTHR,Other / non-FMP,whole / live,"Kept OTHR (decision 2026-10-01; rationale corrected 2026-10-05): steelhead/rainbow products are predominantly out-of-region farmed raw material (Idaho land-based steelhead; no WC aquaculture at scale). Non-tribal wild sale prohibited since 1975; the small treaty-tribal wild component (only lawful wild source, PacFIN STLH=SAMN) dominated pre-2010 volumes but is immaterial and inseparable"
4150101223,TROUT STEELHEAD DRESSED,TROUT,TROUT,OTHR,OTHR,Other / non-FMP,dressed / headed and gutted,"Kept OTHR (decision 2026-10-01; rationale corrected 2026-10-05): steelhead/rainbow products are predominantly out-of-region farmed raw material (Idaho land-based steelhead; no WC aquaculture at scale). Non-tribal wild sale prohibited since 1975; the small treaty-tribal wild component (only lawful wild source, PacFIN STLH=SAMN) dominated pre-2010 volumes but is immaterial and inseparable"
4150201219,TROUT STEELHEAD HEAD ON,TROUT,TROUT,OTHR,OTHR,Other / non-FMP,dressed / headed and gutted,"Kept OTHR (decision 2026-10-01; rationale corrected 2026-10-05): steelhead/rainbow products are predominantly out-of-region farmed raw material (Idaho land-based steelhead; no WC aquaculture at scale). Non-tribal wild sale prohibited since 1975; the small treaty-tribal wild component (only lawful wild source, PacFIN STLH=SAMN) dominated pre-2010 volumes but is immaterial and inseparable"
4150201222,TROUT STEELHEAD WHOLE,TROUT,TROUT,OTHR,OTHR,Other / non-FMP,whole / live,"Kept OTHR (decision 2026-10-01; rationale corrected 2026-10-05): steelhead/rainbow products are predominantly out-of-region farmed raw material (Idaho land-based steelhead; no WC aquaculture at scale). Non-tribal wild sale prohibited since 1975; the small treaty-tribal wild component (only lawful wild source, PacFIN STLH=SAMN) dominated pre-2010 volumes but is immaterial and inseparable"
4150201223,TROUT STEELHEAD DRESSED,TROUT,TROUT,OTHR,OTHR,Other / non-FMP,dressed / headed and gutted,"Kept OTHR (decision 2026-10-01; rationale corrected 2026-10-05): steelhead/rainbow products are predominantly out-of-region farmed raw material (Idaho land-based steelhead; no WC aquaculture at scale). Non-tribal wild sale prohibited since 1975; the small treaty-tribal wild component (only lawful wild source, PacFIN STLH=SAMN) dominated pre-2010 volumes but is immaterial and inseparable"
4150300220,TROUT STEELHEAD,TROUT,TROUT,OTHR,OTHR,Other / non-FMP,canned,"Kept OTHR (decision 2026-10-01; rationale corrected 2026-10-05): steelhead/rainbow products are predominantly out-of-region farmed raw material (Idaho land-based steelhead; no WC aquaculture at scale). Non-tribal wild sale prohibited since 1975; the small treaty-tribal wild component (only lawful wild source, PacFIN STLH=SAMN) dominated pre-2010 volumes but is immaterial and inseparable"
4150330220,TROUT STEELHEAD SMOKED,TROUT,TROUT,OTHR,OTHR,Other / non-FMP,canned,"Kept OTHR (decision 2026-10-01; rationale corrected 2026-10-05): steelhead/rainbow products are predominantly out-of-region farmed raw material (Idaho land-based steelhead; no WC aquaculture at scale). Non-tribal wild sale prohibited since 1975; the small treaty-tribal wild component (only lawful wild source, PacFIN STLH=SAMN) dominated pre-2010 volumes but is immaterial and inseparable"
4150430220,TROUT STEELHEAD SMOKED,TROUT,TROUT,OTHR,OTHR,Other / non-FMP,smoked / cured,"Kept OTHR (decision 2026-10-01; rationale corrected 2026-10-05): steelhead/rainbow products are predominantly out-of-region farmed raw material (Idaho land-based steelhead; no WC aquaculture at scale). Non-tribal wild sale prohibited since 1975; the small treaty-tribal wild component (only lawful wild source, PacFIN STLH=SAMN) dominated pre-2010 volumes but is immaterial and inseparable"
8120101048,TURTLES STEAKS,TURTLES,TURTLES,OTHR,OTHR,Other / non-FMP,fillet / steak,Non-fish
8120101223,TURTLES DRESSED,TURTLES,TURTLES,OTHR,OTHR,Other / non-FMP,dressed / headed and gutted,Non-fish
8120300110,TURTLES CHOWDERS,TURTLES,TURTLES,OTHR,OTHR,Other / non-FMP,canned,Non-fish
8120300230,TURTLES SOUPS,TURTLES,TURTLES,OTHR,OTHR,Other / non-FMP,canned,Non-fish
8120600000,TURTLES UNCL,TURTLES,TURTLES,OTHR,OTHR,Other / non-FMP,other / unclassified,Non-fish
5260101004,UNCL FISH BALLS,UNCL,UNCL,OTHR,OTHR,Other / non-FMP,further processed,Unclassified fish
5260101039,UNCL FISH PORTIONS,UNCL,UNCL,OTHR,OTHR,Other / non-FMP,further processed,Unclassified fish
5260101040,UNCL FISH ROE,UNCL,UNCL,OTHR,OTHR,Other / non-FMP,roe,Unclassified fish
5260101048,UNCL FISH STEAKS,UNCL,UNCL,OTHR,OTHR,Other / non-FMP,fillet / steak,Unclassified fish
5260101051,UNCL FISH STUFFED,UNCL,UNCL,OTHR,OTHR,Other / non-FMP,further processed,Unclassified fish
5260101090,UNCL FISH FOR BAIT,UNCL,UNCL,OTHR,OTHR,Other / non-FMP,"meal, oil, bait, pet food",Unclassified fish
5260101160,UNCL FISH FILLET,UNCL,UNCL,OTHR,OTHR,Other / non-FMP,fillet / steak,Unclassified fish
5260101222,UNCL FISH WHOLE,UNCL,UNCL,OTHR,OTHR,Other / non-FMP,whole / live,Unclassified fish
5260101223,UNCL FISH DRESSED,UNCL,UNCL,OTHR,OTHR,Other / non-FMP,dressed / headed and gutted,Unclassified fish
5260102030,UNCL FISH COOKED HORS D'OEUVRES,UNCL,UNCL,OTHR,OTHR,Other / non-FMP,"meat, peeled, shucked, sections",Unclassified fish
5260102074,UNCL FISH SALAD MIXES,UNCL,UNCL,OTHR,OTHR,Other / non-FMP,further processed,Unclassified fish
5260111030,UNCL FISH BREADED HORS D'OEUVRES,UNCL,UNCL,OTHR,OTHR,Other / non-FMP,further processed,Unclassified fish
5260111039,UNCL FISH BREADED PORTIONS,UNCL,UNCL,OTHR,OTHR,Other / non-FMP,further processed,Unclassified fish
5260111049,UNCL FISH BREADED STICKS,UNCL,UNCL,OTHR,OTHR,Other / non-FMP,further processed,Unclassified fish
5260111101,UNCL FISH BREADED CAKES/PATTY,UNCL,UNCL,OTHR,OTHR,Other / non-FMP,further processed,Unclassified fish
5260130017,UNCL FISH SMOKED DIPS AND SPREADS,UNCL,UNCL,OTHR,OTHR,Other / non-FMP,further processed,Unclassified fish
5260201004,UNCL FISH BALLS,UNCL,UNCL,OTHR,OTHR,Other / non-FMP,further processed,Unclassified fish
5260201007,UNCL FISH NUGGETS,UNCL,UNCL,OTHR,OTHR,Other / non-FMP,further processed,Unclassified fish
5260201014,UNCL FISH BONES,UNCL,UNCL,OTHR,OTHR,Other / non-FMP,other / unclassified,Unclassified fish
5260201017,UNCL FISH DIPS AND SPREADS,UNCL,UNCL,OTHR,OTHR,Other / non-FMP,further processed,Unclassified fish
5260201019,UNCL FISH STOMACHS,UNCL,UNCL,OTHR,OTHR,Other / non-FMP,other / unclassified,Unclassified fish
5260201024,UNCL FISH GEFILTEFISH,UNCL,UNCL,OTHR,OTHR,Other / non-FMP,other / unclassified,Unclassified fish
5260201031,UNCL FISH SURIMI,UNCL,UNCL,OTHR,OTHR,Other / non-FMP,further processed,Unclassified fish
5260201039,UNCL FISH PORTIONS,UNCL,UNCL,OTHR,OTHR,Other / non-FMP,further processed,Unclassified fish
5260201040,UNCL FISH ROE,UNCL,UNCL,OTHR,OTHR,Other / non-FMP,roe,Unclassified fish
5260201048,UNCL FISH STEAKS,UNCL,UNCL,OTHR,OTHR,Other / non-FMP,fillet / steak,Unclassified fish
5260201051,UNCL FISH STUFFED,UNCL,UNCL,OTHR,OTHR,Other / non-FMP,further processed,Unclassified fish
5260201090,UNCL FISH FOR BAIT,UNCL,UNCL,OTHR,OTHR,Other / non-FMP,"meal, oil, bait, pet food",Unclassified fish
5260201096,UNCL FISH SUSHI,UNCL,UNCL,OTHR,OTHR,Other / non-FMP,other / unclassified,Unclassified fish
5260201101,UNCL FISH CAKES/PATTY,UNCL,UNCL,OTHR,OTHR,Other / non-FMP,further processed,Unclassified fish
5260201106,UNCL FISH SAUSAGE,UNCL,UNCL,OTHR,OTHR,Other / non-FMP,other / unclassified,Unclassified fish
5260201160,UNCL FISH FILLET,UNCL,UNCL,OTHR,OTHR,Other / non-FMP,fillet / steak,Unclassified fish
5260201161,UNCL FISH BLOCKS,UNCL,UNCL,OTHR,OTHR,Other / non-FMP,further processed,Unclassified fish
5260201210,UNCL FISH MINCED,UNCL,UNCL,OTHR,OTHR,Other / non-FMP,further processed,Unclassified fish
5260201222,UNCL FISH WHOLE,UNCL,UNCL,OTHR,OTHR,Other / non-FMP,whole / live,Unclassified fish
5260201223,UNCL FISH DRESSED,UNCL,UNCL,OTHR,OTHR,Other / non-FMP,dressed / headed and gutted,Unclassified fish
5260201500,UNCL FISH IN SAUCE,UNCL,UNCL,OTHR,OTHR,Other / non-FMP,further processed,Unclassified fish
5260201635,UNCL FISH FOR ANIMAL FEEDS,UNCL,UNCL,OTHR,OTHR,Other / non-FMP,"meal, oil, bait, pet food",Unclassified fish
5260202007,UNCL FISH COOKED NUGGETS,UNCL,UNCL,OTHR,OTHR,Other / non-FMP,further processed,Unclassified fish
5260202027,UNCL FISH COOKED GUMBOS,UNCL,UNCL,OTHR,OTHR,Other / non-FMP,"meat, peeled, shucked, sections",Unclassified fish
5260202051,UNCL FISH COOKED STUFFED,UNCL,UNCL,OTHR,OTHR,Other / non-FMP,further processed,Unclassified fish
5260202110,UNCL FISH COOKED CHOWDERS,UNCL,UNCL,OTHR,OTHR,Other / non-FMP,further processed,Unclassified fish
5260202120,UNCL FISH COOKED DINNERS,UNCL,UNCL,OTHR,OTHR,Other / non-FMP,further processed,Unclassified fish
5260202225,UNCL FISH COOKED HEADED & DRESSED,UNCL,UNCL,OTHR,OTHR,Other / non-FMP,"meat, peeled, shucked, sections",Unclassified fish
5260202500,UNCL FISH COOKED IN SAUCE,UNCL,UNCL,OTHR,OTHR,Other / non-FMP,further processed,Unclassified fish
5260211004,UNCL FISH BREADED BALLS,UNCL,UNCL,OTHR,OTHR,Other / non-FMP,further processed,Unclassified fish
5260211007,UNCL FISH BREADED NUGGETS,UNCL,UNCL,OTHR,OTHR,Other / non-FMP,further processed,Unclassified fish
5260211030,UNCL FISH BREADED HORS D'OEUVRES,UNCL,UNCL,OTHR,OTHR,Other / non-FMP,further processed,Unclassified fish
5260211039,UNCL FISH BREADED PORTIONS,UNCL,UNCL,OTHR,OTHR,Other / non-FMP,further processed,Unclassified fish
5260211048,UNCL FISH BREADED STEAKS,UNCL,UNCL,OTHR,OTHR,Other / non-FMP,further processed,Unclassified fish
5260211049,UNCL FISH BREADED STICKS,UNCL,UNCL,OTHR,OTHR,Other / non-FMP,further processed,Unclassified fish
5260211050,UNCL FISH BREADED STRIPS,UNCL,UNCL,OTHR,OTHR,Other / non-FMP,further processed,Unclassified fish
5260211051,UNCL FISH BREADED STUFFED,UNCL,UNCL,OTHR,OTHR,Other / non-FMP,further processed,Unclassified fish
5260211082,UNCL FISH BREADED MIXES,UNCL,UNCL,OTHR,OTHR,Other / non-FMP,further processed,Unclassified fish
5260211101,UNCL FISH BREADED CAKES/PATTY,UNCL,UNCL,OTHR,OTHR,Other / non-FMP,further processed,Unclassified fish
5260211103,UNCL FISH BREADED FORMED FILLET,UNCL,UNCL,OTHR,OTHR,Other / non-FMP,further processed,Unclassified fish
5260211120,UNCL FISH BREADED DINNERS,UNCL,UNCL,OTHR,OTHR,Other / non-FMP,further processed,Unclassified fish
5260211160,UNCL FISH BREADED FILLET,UNCL,UNCL,OTHR,OTHR,Other / non-FMP,further processed,Unclassified fish
5260211220,UNCL FISH BREADED,UNCL,UNCL,OTHR,OTHR,Other / non-FMP,further processed,Unclassified fish
5260212007,UNCL FISH BREADED COOKED NUGGETS,UNCL,UNCL,OTHR,OTHR,Other / non-FMP,further processed,Unclassified fish
5260212039,UNCL FISH BREADED COOKED PORTIONS,UNCL,UNCL,OTHR,OTHR,Other / non-FMP,further processed,Unclassified fish
5260212049,UNCL FISH BREADED COOKED STICKS,UNCL,UNCL,OTHR,OTHR,Other / non-FMP,further processed,Unclassified fish
5260212101,UNCL FISH BREADED CKD CAKES/PATTY,UNCL,UNCL,OTHR,OTHR,Other / non-FMP,further processed,Unclassified fish
5260212120,UNCL FISH BREADED COOKED DINNERS,UNCL,UNCL,OTHR,OTHR,Other / non-FMP,further processed,Unclassified fish
5260212160,UNCL FISH BREADED COOKED FILLET,UNCL,UNCL,OTHR,OTHR,Other / non-FMP,further processed,Unclassified fish
5260213007,UNCL FISH BATTER DIP NUGGETS,UNCL,UNCL,OTHR,OTHR,Other / non-FMP,further processed,Unclassified fish
5260213039,UNCL FISH BATTER DIP PORTIONS,UNCL,UNCL,OTHR,OTHR,Other / non-FMP,further processed,Unclassified fish
5260213049,UNCL FISH BATTER DIP STICKS,UNCL,UNCL,OTHR,OTHR,Other / non-FMP,further processed,Unclassified fish
5260213101,UNCL FISH BATTER DIP CAKES/PATTY,UNCL,UNCL,OTHR,OTHR,Other / non-FMP,further processed,Unclassified fish
5260213120,UNCL FISH BATTER DIP DINNERS,UNCL,UNCL,OTHR,OTHR,Other / non-FMP,further processed,Unclassified fish
5260213160,UNCL FISH BATTER DIP FILLET,UNCL,UNCL,OTHR,OTHR,Other / non-FMP,fillet / steak,Unclassified fish
5260300007,UNCL FISH NUGGETS,UNCL,UNCL,OTHR,OTHR,Other / non-FMP,canned,Unclassified fish
5260300017,UNCL FISH DIPS AND SPREADS,UNCL,UNCL,OTHR,OTHR,Other / non-FMP,canned,Unclassified fish
5260300024,UNCL FISH GEFILTEFISH,UNCL,UNCL,OTHR,OTHR,Other / non-FMP,canned,Unclassified fish
5260300030,UNCL FISH HORS D'OEUVRES,UNCL,UNCL,OTHR,OTHR,Other / non-FMP,canned,Unclassified fish
5260300040,UNCL FISH ROE,UNCL,UNCL,OTHR,OTHR,Other / non-FMP,canned,Unclassified fish
5260300110,UNCL FISH CHOWDERS,UNCL,UNCL,OTHR,OTHR,Other / non-FMP,canned,Unclassified fish
5260300220,UNCL FISH,UNCL,UNCL,OTHR,OTHR,Other / non-FMP,canned,Unclassified fish
5260300500,UNCL FISH IN SAUCE,UNCL,UNCL,OTHR,OTHR,Other / non-FMP,canned,Unclassified fish
5260300613,UNCL FISH FOR PET FOOD,UNCL,UNCL,OTHR,OTHR,Other / non-FMP,canned,Unclassified fish
5260330220,UNCL FISH SMOKED,UNCL,UNCL,OTHR,OTHR,Other / non-FMP,canned,Unclassified fish
5260420010,UNCL FISH CAVIAR,UNCL,UNCL,OTHR,OTHR,Other / non-FMP,roe,Unclassified fish
5260420040,UNCL FISH SALTED ROE,UNCL,UNCL,OTHR,OTHR,Other / non-FMP,roe,Unclassified fish
5260420220,UNCL FISH SALTED,UNCL,UNCL,OTHR,OTHR,Other / non-FMP,smoked / cured,Unclassified fish
5260421090,UNCL FISH PICKLED FOR BAIT,UNCL,UNCL,OTHR,OTHR,Other / non-FMP,"meal, oil, bait, pet food",Unclassified fish
5260421220,UNCL FISH PICKLED,UNCL,UNCL,OTHR,OTHR,Other / non-FMP,smoked / cured,Unclassified fish
5260430010,UNCL FISH CAVIAR SMOKED,UNCL,UNCL,OTHR,OTHR,Other / non-FMP,roe,Unclassified fish
5260430017,UNCL FISH SMOKED DIPS AND SPREADS,UNCL,UNCL,OTHR,OTHR,Other / non-FMP,further processed,Unclassified fish
5260430220,UNCL FISH SMOKED,UNCL,UNCL,OTHR,OTHR,Other / non-FMP,smoked / cured,Unclassified fish
5260431220,UNCL FISH KIPPERED,UNCL,UNCL,OTHR,OTHR,Other / non-FMP,smoked / cured,Unclassified fish
5260440220,UNCL FISH DRIED,UNCL,UNCL,OTHR,OTHR,Other / non-FMP,smoked / cured,Unclassified fish
5260500046,UNCL FISH SOLUBLES,UNCL,UNCL,OTHR,OTHR,Other / non-FMP,"meal, oil, bait, pet food",Unclassified fish
5260500141,UNCL FISH FERTILIZER DRY,UNCL,UNCL,OTHR,OTHR,Other / non-FMP,"meal, oil, bait, pet food",Unclassified fish
5260500142,UNCL FISH FERTILIZER LIQUID,UNCL,UNCL,OTHR,OTHR,Other / non-FMP,"meal, oil, bait, pet food",Unclassified fish
5260500301,UNCL FISH MEAL,UNCL,UNCL,OTHR,OTHR,Other / non-FMP,"meal, oil, bait, pet food",Unclassified fish
5260500401,UNCL FISH BODY OIL,UNCL,UNCL,OTHR,OTHR,Other / non-FMP,"meal, oil, bait, pet food",Unclassified fish
5260500402,UNCL FISH LIVER OIL,UNCL,UNCL,OTHR,OTHR,Other / non-FMP,"meal, oil, bait, pet food",Unclassified fish
5260500635,UNCL FISH FOR ANIMAL FEEDS,UNCL,UNCL,OTHR,OTHR,Other / non-FMP,"meal, oil, bait, pet food",Unclassified fish
5260500636,UNCL FISH PROTEIN CONCENTRATE,UNCL,UNCL,OTHR,OTHR,Other / non-FMP,other / unclassified,Unclassified fish
5260600000,UNCL FISH,UNCL,UNCL,OTHR,OTHR,Other / non-FMP,other / unclassified,Unclassified fish
5360202074,UNCL FISH SALAD MIXES,UNCL,UNCL,OTHR,OTHR,Other / non-FMP,further processed,Unclassified fish
9106101133,UNCL SHELLFISH IN SHELL,UNCL,UNCL,OTHR,OTHR,Other / non-FMP,whole / live,Unclassified fish
9106102027,UNCL SHELLFISH COOKED GUMBOS,UNCL,UNCL,OTHR,OTHR,Other / non-FMP,"meat, peeled, shucked, sections",Unclassified fish
9106201004,UNCL SHELLFISH BALLS,UNCL,UNCL,OTHR,OTHR,Other / non-FMP,further processed,Unclassified fish
9106201017,UNCL SHELLFISH DIPS AND SPREADS,UNCL,UNCL,OTHR,OTHR,Other / non-FMP,further processed,Unclassified fish
9106201106,UNCL SHELLFISH SAUSAGE,UNCL,UNCL,OTHR,OTHR,Other / non-FMP,other / unclassified,Unclassified fish
9106201200,UNCL SHELLFISH MEAT,UNCL,UNCL,OTHR,OTHR,Other / non-FMP,"meat, peeled, shucked, sections",Unclassified fish
9106202027,UNCL SHELLFISH COOKED GUMBOS,UNCL,UNCL,OTHR,OTHR,Other / non-FMP,"meat, peeled, shucked, sections",Unclassified fish
9106202110,UNCL SHELLFISH COOKED CHOWDERS,UNCL,UNCL,OTHR,OTHR,Other / non-FMP,further processed,Unclassified fish
9106202120,UNCL SHELLFISH COOKED DINNERS,UNCL,UNCL,OTHR,OTHR,Other / non-FMP,further processed,Unclassified fish
9106202200,UNCL SHELLFISH COOKED MEAT,UNCL,UNCL,OTHR,OTHR,Other / non-FMP,"meat, peeled, shucked, sections",Unclassified fish
9106202230,UNCL SHELLFISH COOKED SOUPS,UNCL,UNCL,OTHR,OTHR,Other / non-FMP,further processed,Unclassified fish
9106202231,UNCL SHELLFISH COOKED BISQUES,UNCL,UNCL,OTHR,OTHR,Other / non-FMP,"meat, peeled, shucked, sections",Unclassified fish
9106211030,UNCL SHELLFISH HORS D'OEUVRES,UNCL,UNCL,OTHR,OTHR,Other / non-FMP,other / unclassified,Unclassified fish
9106211051,UNCL SHELLFISH BREADED STUFFED,UNCL,UNCL,OTHR,OTHR,Other / non-FMP,further processed,Unclassified fish
9106211120,UNCL SHELLFISH BREADED DINNERS,UNCL,UNCL,OTHR,OTHR,Other / non-FMP,further processed,Unclassified fish
9106211200,UNCL SHELLFISH BREADED MEAT,UNCL,UNCL,OTHR,OTHR,Other / non-FMP,further processed,Unclassified fish
9106212007,UNCL SHELLFISH BREADED CKD NUGGETS,UNCL,UNCL,OTHR,OTHR,Other / non-FMP,further processed,Unclassified fish
9106212120,UNCL SHELLFISH BREADED CKD DINNER,UNCL,UNCL,OTHR,OTHR,Other / non-FMP,further processed,Unclassified fish
9106300110,UNCL SHELLFISH CHOWDERS,UNCL,UNCL,OTHR,OTHR,Other / non-FMP,canned,Unclassified fish
9106300111,UNCL SHELLFISH CHOWDER BASE,UNCL,UNCL,OTHR,OTHR,Other / non-FMP,canned,Unclassified fish
9106300200,UNCL SHELLFISH,UNCL,UNCL,OTHR,OTHR,Other / non-FMP,canned,Unclassified fish
9106300230,UNCL SHELLFISH SOUPS,UNCL,UNCL,OTHR,OTHR,Other / non-FMP,canned,Unclassified fish
9106300231,UNCL SHELLFISH BISQUES,UNCL,UNCL,OTHR,OTHR,Other / non-FMP,canned,Unclassified fish
9106300240,UNCL SHELLFISH STEWS,UNCL,UNCL,OTHR,OTHR,Other / non-FMP,canned,Unclassified fish
9106300500,UNCL SHELLFISH IN SAUCE,UNCL,UNCL,OTHR,OTHR,Other / non-FMP,canned,Unclassified fish
9106421090,UNCL SHELLFISH PICKLED FOR BAIT,UNCL,UNCL,OTHR,OTHR,Other / non-FMP,"meal, oil, bait, pet food",Unclassified fish
9106430017,UNCL SHELLFISH SMOKED DIP& SPREAD,UNCL,UNCL,OTHR,OTHR,Other / non-FMP,smoked / cured,Unclassified fish
9106500000,UNCL SHELLS FOR INDUSTRIAL,UNCL,UNCL,OTHR,OTHR,Other / non-FMP,"meal, oil, bait, pet food",Unclassified fish
9106500261,UNCL SHELLFISH SHELL BUTTONS,UNCL,UNCL,OTHR,OTHR,Other / non-FMP,other / unclassified,Unclassified fish
9106500301,UNCL SHELLFISH MEAL,UNCL,UNCL,OTHR,OTHR,Other / non-FMP,"meal, oil, bait, pet food",Unclassified fish
9106500303,UNCL SHELLFISH CHITOSAN,UNCL,UNCL,OTHR,OTHR,Other / non-FMP,other / unclassified,Unclassified fish
9106500304,UNCL SHELLFISH CHITIN,UNCL,UNCL,OTHR,OTHR,Other / non-FMP,other / unclassified,Unclassified fish
9106600000,UNCL SHELLFISH,UNCL,UNCL,OTHR,OTHR,Other / non-FMP,other / unclassified,Unclassified fish
9553600000,UNLOADING STATION,UNLOADING,UNLOADING,NA,OTHR,Other / non-FMP,other / unclassified,Facility type - exclude
4710101048,WAHOO STEAKS,WAHOO,WAHOO,WHOO,OTHR,Other / non-FMP,fillet / steak,Wahoo (not HMS managed but often grouped)
4710101160,WAHOO FILLET,WAHOO,WAHOO,WHOO,OTHR,Other / non-FMP,fillet / steak,Wahoo (not HMS managed but often grouped)
4710101223,WAHOO DRESSED,WAHOO,WAHOO,WHOO,OTHR,Other / non-FMP,dressed / headed and gutted,Wahoo (not HMS managed but often grouped)
4710201048,WAHOO STEAKS,WAHOO,WAHOO,WHOO,OTHR,Other / non-FMP,fillet / steak,Wahoo (not HMS managed but often grouped)
4710201160,WAHOO FILLET,WAHOO,WAHOO,WHOO,OTHR,Other / non-FMP,fillet / steak,Wahoo (not HMS managed but often grouped)
4710300280,WAHOO CHUNK IN OIL,WAHOO,WAHOO,WHOO,OTHR,Other / non-FMP,canned,Wahoo (not HMS managed but often grouped)
4710300282,WAHOO CHUNK IN BRINE,WAHOO,WAHOO,WHOO,OTHR,Other / non-FMP,canned,Wahoo (not HMS managed but often grouped)
4710430220,WAHOO SMOKED,WAHOO,WAHOO,WHOO,OTHR,Other / non-FMP,smoked / cured,Wahoo (not HMS managed but often grouped)
4710600000,WAHOO,WAHOO,WAHOO,WHOO,OTHR,Other / non-FMP,other / unclassified,Wahoo (not HMS managed but often grouped)
7751202200,WHELKS COOKED MEAT,WHELKS,WHELKS,OMSK,OTHR,Other / non-FMP,"meat, peeled, shucked, sections",Other mollusks
7751600000,WHELKS,WHELKS,WHELKS,OMSK,OTHR,Other / non-FMP,other / unclassified,Other mollusks
5000000000,WHITE BASS,WHITE,WHITE BASS,OTHR,OTHR,Other / non-FMP,other / unclassified,"White-prefixed species (white seabass, etc.)"
5000101160,WHITE BASS FILLET,WHITE,WHITE BASS,OTHR,OTHR,Other / non-FMP,fillet / steak,"White-prefixed species (white seabass, etc.)"
5000101223,WHITE BASS DRESSED,WHITE,WHITE BASS,OTHR,OTHR,Other / non-FMP,dressed / headed and gutted,"White-prefixed species (white seabass, etc.)"
5000600000,WHITE BASS,WHITE,WHITE BASS,OTHR,OTHR,Other / non-FMP,other / unclassified,"White-prefixed species (white seabass, etc.)"
5060101160,WHITE PERCH FILLET,WHITE,WHITE PERCH,OTHR,OTHR,Other / non-FMP,fillet / steak,"White-prefixed species (white seabass, etc.)"
5060101223,WHITE PERCH DRESSED,WHITE,WHITE PERCH,OTHR,OTHR,Other / non-FMP,dressed / headed and gutted,"White-prefixed species (white seabass, etc.)"
5060600000,WHITE PERCH,WHITE,WHITE PERCH,OTHR,OTHR,Other / non-FMP,other / unclassified,"White-prefixed species (white seabass, etc.)"
5031101160,WHITEFISH FILLET,WHITEFISH,WHITEFISH,OTHR,OTHR,Other / non-FMP,fillet / steak,Lake whitefish - freshwater
5031101222,WHITEFISH WHOLE,WHITEFISH,WHITEFISH,OTHR,OTHR,Other / non-FMP,whole / live,Lake whitefish - freshwater
5031101223,WHITEFISH DRESSED,WHITEFISH,WHITEFISH,OTHR,OTHR,Other / non-FMP,dressed / headed and gutted,Lake whitefish - freshwater
5031201160,WHITEFISH FILLET,WHITEFISH,WHITEFISH,OTHR,OTHR,Other / non-FMP,fillet / steak,Lake whitefish - freshwater
5031201223,WHITEFISH DRESSED,WHITEFISH,WHITEFISH,OTHR,OTHR,Other / non-FMP,dressed / headed and gutted,Lake whitefish - freshwater
5031211007,WHITEFISH BREADED NUGGETS,WHITEFISH,WHITEFISH,OTHR,OTHR,Other / non-FMP,further processed,Lake whitefish - freshwater
5031300010,WHITEFISH CAVIAR,WHITEFISH,WHITEFISH,OTHR,OTHR,Other / non-FMP,canned,Lake whitefish - freshwater
5031300220,WHITEFISH,WHITEFISH,WHITEFISH,OTHR,OTHR,Other / non-FMP,canned,Lake whitefish - freshwater
5031420010,WHITEFISH SALTED CAVIAR,WHITEFISH,WHITEFISH,OTHR,OTHR,Other / non-FMP,roe,Lake whitefish - freshwater
5031420220,WHITEFISH SALTED,WHITEFISH,WHITEFISH,OTHR,OTHR,Other / non-FMP,smoked / cured,Lake whitefish - freshwater
5031430220,WHITEFISH SMOKED,WHITEFISH,WHITEFISH,OTHR,OTHR,Other / non-FMP,smoked / cured,Lake whitefish - freshwater
5031600000,WHITEFISH,WHITEFISH,WHITEFISH,OTHR,OTHR,Other / non-FMP,other / unclassified,Lake whitefish - freshwater
5120101160,WOLFFISH FILLET,WOLFFISH,WOLFFISH,OTHR,OTHR,Other / non-FMP,fillet / steak,Atlantic species
5120101223,WOLFFISH DRESSED,WOLFFISH,WOLFFISH,OTHR,OTHR,Other / non-FMP,dressed / headed and gutted,Atlantic species
5120201160,WOLFFISH FILLET,WOLFFISH,WOLFFISH,OTHR,OTHR,Other / non-FMP,fillet / steak,Atlantic species
5131101160,WRECKFISH FILLET,WRECKFISH,WRECKFISH,OTHR,OTHR,Other / non-FMP,fillet / steak,Not Pacific species
5131101223,WRECKFISH DRESSED,WRECKFISH,WRECKFISH,OTHR,OTHR,Other / non-FMP,dressed / headed and gutted,Not Pacific species
5170101160,YELLOW PERCH FILLET,YELLOW,YELLOW PERCH,OTHR,OTHR,Other / non-FMP,fillet / steak,Yellow-prefixed species
5170101222,YELLOW PERCH WHOLE,YELLOW,YELLOW PERCH,OTHR,OTHR,Other / non-FMP,whole / live,Yellow-prefixed species
5170101223,YELLOW PERCH DRESSED,YELLOW,YELLOW PERCH,OTHR,OTHR,Other / non-FMP,dressed / headed and gutted,Yellow-prefixed species
5170111160,YELLOW PERCH BREADED FILLET,YELLOW,YELLOW PERCH,OTHR,OTHR,Other / non-FMP,further processed,Yellow-prefixed species
5170201160,YELLOW PERCH FILLET,YELLOW,YELLOW PERCH,OTHR,OTHR,Other / non-FMP,fillet / steak,Yellow-prefixed species
5170201223,YELLOW PERCH DRESSED,YELLOW,YELLOW PERCH,OTHR,OTHR,Other / non-FMP,dressed / headed and gutted,Yellow-prefixed species
5170211160,YELLOW PERCH BREADED FILLET,YELLOW,YELLOW PERCH,OTHR,OTHR,Other / non-FMP,further processed,Yellow-prefixed species
5170600000,YELLOW PERCH,YELLOW,YELLOW PERCH,OTHR,OTHR,Other / non-FMP,other / unclassified,Yellow-prefixed species
5190101160,YELLOW PIKE FILLET,YELLOW,YELLOW PIKE,OTHR,OTHR,Other / non-FMP,fillet / steak,Yellow-prefixed species
5190101222,YELLOW PIKE WHOLE,YELLOW,YELLOW PIKE,OTHR,OTHR,Other / non-FMP,whole / live,Yellow-prefixed species
5190101223,YELLOW PIKE DRESSED,YELLOW,YELLOW PIKE,OTHR,OTHR,Other / non-FMP,dressed / headed and gutted,Yellow-prefixed species
5190111160,YELLOW PIKE BREADED FILLET,YELLOW,YELLOW PIKE,OTHR,OTHR,Other / non-FMP,further processed,Yellow-prefixed species
5190201160,YELLOW PIKE FILLET,YELLOW,YELLOW PIKE,OTHR,OTHR,Other / non-FMP,fillet / steak,Yellow-prefixed species
5190201223,YELLOW PIKE DRESSED,YELLOW,YELLOW PIKE,OTHR,OTHR,Other / non-FMP,dressed / headed and gutted,Yellow-prefixed species
5190211160,YELLOW PIKE BREADED FILLET,YELLOW,YELLOW PIKE,OTHR,OTHR,Other / non-FMP,further processed,Yellow-prefixed species
5190600000,YELLOW PIKE,YELLOW,YELLOW PIKE,OTHR,OTHR,Other / non-FMP,other / unclassified,Yellow-prefixed species
5230101160,YELLOWTAIL JACK FILLET,YELLOWTAIL,YELLOWTAIL,YLTL,OTHR,Other / non-FMP,fillet / steak,Yellowtail - other
5230101222,YELLOWTAIL JACK WHOLE,YELLOWTAIL,YELLOWTAIL,YLTL,OTHR,Other / non-FMP,whole / live,Yellowtail - other
5230101223,YELLOWTAIL JACK DRESSED,YELLOWTAIL,YELLOWTAIL,YLTL,OTHR,Other / non-FMP,dressed / headed and gutted,Yellowtail - other
5230201160,YELLOWTAIL JACK FILLET,YELLOWTAIL,YELLOWTAIL,YLTL,OTHR,Other / non-FMP,fillet / steak,Yellowtail - other
5230201222,YELLOWTAIL JACK WHOLE,YELLOWTAIL,YELLOWTAIL,YLTL,OTHR,Other / non-FMP,whole / live,Yellowtail - other
5230201223,YELLOWTAIL JACK DRESSED,YELLOWTAIL,YELLOWTAIL,YLTL,OTHR,Other / non-FMP,dressed / headed and gutted,Yellowtail - other
5230300220,YELLOWTAIL JACK,YELLOWTAIL,YELLOWTAIL,YLTL,OTHR,Other / non-FMP,canned,Yellowtail - other
5230430220,YELLOWTAIL JACK SMOKED,YELLOWTAIL,YELLOWTAIL,YLTL,OTHR,Other / non-FMP,smoked / cured,Yellowtail - other
3050000000,SALMON ATLANTIC,SALMON,SALMON,SAMN,SAMN,Salmon,other / unclassified,All salmon - maps to SAMN FMP
3050101048,SALMON ATLANTIC STEAKS,SALMON,SALMON,SAMN,SAMN,Salmon,fillet / steak,All salmon - maps to SAMN FMP
3050101160,SALMON ATLANTIC FILLET,SALMON,SALMON,SAMN,SAMN,Salmon,fillet / steak,All salmon - maps to SAMN FMP
3050101223,SALMON ATLANTIC DRESSED,SALMON,SALMON,SAMN,SAMN,Salmon,dressed / headed and gutted,All salmon - maps to SAMN FMP
3050201160,SALMON ATLANTIC FILLET,SALMON,SALMON,SAMN,SAMN,Salmon,fillet / steak,All salmon - maps to SAMN FMP
3050300220,SALMON ATLANTIC,SALMON,SALMON,SAMN,SAMN,Salmon,canned,All salmon - maps to SAMN FMP
3050420220,SALMON ATLANTIC SALTED,SALMON,SALMON,SAMN,SAMN,Salmon,smoked / cured,All salmon - maps to SAMN FMP
3050422220,SALMON ATLANTIC MILD CURED,SALMON,SALMON,SAMN,SAMN,Salmon,smoked / cured,All salmon - maps to SAMN FMP
3050430220,SALMON ATLANTIC SMOKED,SALMON,SALMON,SAMN,SAMN,Salmon,smoked / cured,All salmon - maps to SAMN FMP
3080101040,SALMON CHINOOK ROE,SALMON,SALMON,SAMN,SAMN,Salmon,roe,All salmon - maps to SAMN FMP
3080101048,SALMON CHINOOK STEAKS,SALMON,SALMON,SAMN,SAMN,Salmon,fillet / steak,All salmon - maps to SAMN FMP
3080101090,SALMON CHINOOK EGGS FOR BAIT,SALMON,SALMON,SAMN,SAMN,Salmon,"meal, oil, bait, pet food",All salmon - maps to SAMN FMP
3080101160,SALMON CHINOOK FILLET,SALMON,SALMON,SAMN,SAMN,Salmon,fillet / steak,All salmon - maps to SAMN FMP
3080101219,SALMON CHINOOK HEAD ON,SALMON,SALMON,SAMN,SAMN,Salmon,dressed / headed and gutted,All salmon - maps to SAMN FMP
3080101222,SALMON CHINOOK WHOLE,SALMON,SALMON,SAMN,SAMN,Salmon,whole / live,All salmon - maps to SAMN FMP
3080101223,SALMON CHINOOK DRESSED,SALMON,SALMON,SAMN,SAMN,Salmon,dressed / headed and gutted,All salmon - maps to SAMN FMP
3080201040,SALMON CHINOOK ROE,SALMON,SALMON,SAMN,SAMN,Salmon,roe,All salmon - maps to SAMN FMP
3080201048,SALMON CHINOOK STEAKS,SALMON,SALMON,SAMN,SAMN,Salmon,fillet / steak,All salmon - maps to SAMN FMP
3080201160,SALMON CHINOOK FILLET,SALMON,SALMON,SAMN,SAMN,Salmon,fillet / steak,All salmon - maps to SAMN FMP
3080201219,SALMON CHINOOK HEAD ON,SALMON,SALMON,SAMN,SAMN,Salmon,dressed / headed and gutted,All salmon - maps to SAMN FMP
3080201222,SALMON CHINOOK WHOLE,SALMON,SALMON,SAMN,SAMN,Salmon,whole / live,All salmon - maps to SAMN FMP
3080201223,SALMON CHINOOK DRESSED,SALMON,SALMON,SAMN,SAMN,Salmon,dressed / headed and gutted,All salmon - maps to SAMN FMP
3080300220,SALMON CHINOOK,SALMON,SALMON,SAMN,SAMN,Salmon,canned,All salmon - maps to SAMN FMP
3080300500,SALMON CHINOOK IN SAUCE,SALMON,SALMON,SAMN,SAMN,Salmon,canned,All salmon - maps to SAMN FMP
3080330220,SALMON CHINOOK SMOKED,SALMON,SALMON,SAMN,SAMN,Salmon,canned,All salmon - maps to SAMN FMP
3080420040,SALMON CHINOOK SALTED ROE,SALMON,SALMON,SAMN,SAMN,Salmon,roe,All salmon - maps to SAMN FMP
3080420220,SALMON CHINOOK SALTED,SALMON,SALMON,SAMN,SAMN,Salmon,smoked / cured,All salmon - maps to SAMN FMP
3080421220,SALMON CHINOOK PICKLED,SALMON,SALMON,SAMN,SAMN,Salmon,smoked / cured,All salmon - maps to SAMN FMP
3080422220,SALMON CHINOOK MILD CURED,SALMON,SALMON,SAMN,SAMN,Salmon,smoked / cured,All salmon - maps to SAMN FMP
3080430220,SALMON CHINOOK SMOKED,SALMON,SALMON,SAMN,SAMN,Salmon,smoked / cured,All salmon - maps to SAMN FMP
3080431220,SALMON CHINOOK KIPPERED,SALMON,SALMON,SAMN,SAMN,Salmon,smoked / cured,All salmon - maps to SAMN FMP
3080600000,SALMON CHINOOK,SALMON,SALMON,SAMN,SAMN,Salmon,other / unclassified,All salmon - maps to SAMN FMP
3081101040,SALMON CHUM ROE,SALMON,SALMON,SAMN,SAMN,Salmon,roe,All salmon - maps to SAMN FMP
3081101048,SALMON CHUM STEAKS,SALMON,SALMON,SAMN,SAMN,Salmon,fillet / steak,All salmon - maps to SAMN FMP
3081101160,SALMON CHUM FILLET,SALMON,SALMON,SAMN,SAMN,Salmon,fillet / steak,All salmon - maps to SAMN FMP
3081101219,SALMON CHUM HEAD ON,SALMON,SALMON,SAMN,SAMN,Salmon,dressed / headed and gutted,All salmon - maps to SAMN FMP
3081101222,SALMON CHUM WHOLE,SALMON,SALMON,SAMN,SAMN,Salmon,whole / live,All salmon - maps to SAMN FMP
3081101223,SALMON CHUM DRESSED,SALMON,SALMON,SAMN,SAMN,Salmon,dressed / headed and gutted,All salmon - maps to SAMN FMP
3081102160,SALMON CHUM COOKED FILLET,SALMON,SALMON,SAMN,SAMN,Salmon,further processed,All salmon - maps to SAMN FMP
3081201039,SALMON CHUM PORTIONS,SALMON,SALMON,SAMN,SAMN,Salmon,further processed,All salmon - maps to SAMN FMP
3081201040,SALMON CHUM ROE,SALMON,SALMON,SAMN,SAMN,Salmon,roe,All salmon - maps to SAMN FMP
3081201048,SALMON CHUM STEAKS,SALMON,SALMON,SAMN,SAMN,Salmon,fillet / steak,All salmon - maps to SAMN FMP
3081201091,SALMON CHUM EGGS FOR BAIT,SALMON,SALMON,SAMN,SAMN,Salmon,"meal, oil, bait, pet food",All salmon - maps to SAMN FMP
3081201155,SALMON CHUM MILT,SALMON,SALMON,SAMN,SAMN,Salmon,roe,All salmon - maps to SAMN FMP
3081201160,SALMON CHUM FILLET,SALMON,SALMON,SAMN,SAMN,Salmon,fillet / steak,All salmon - maps to SAMN FMP
3081201167,SALMON CHUM FORMED RINGS,SALMON,SALMON,SAMN,SAMN,Salmon,further processed,All salmon - maps to SAMN FMP
3081201222,SALMON CHUM WHOLE,SALMON,SALMON,SAMN,SAMN,Salmon,whole / live,All salmon - maps to SAMN FMP
3081201223,SALMON CHUM DRESSED,SALMON,SALMON,SAMN,SAMN,Salmon,dressed / headed and gutted,All salmon - maps to SAMN FMP
3081202039,SALMON CHUM COOKED PORTIONS,SALMON,SALMON,SAMN,SAMN,Salmon,further processed,All salmon - maps to SAMN FMP
3081212007,SALMON CHUM BREADED COOKED NUGGETS,SALMON,SALMON,SAMN,SAMN,Salmon,further processed,All salmon - maps to SAMN FMP
3081300220,SALMON CHUM,SALMON,SALMON,SAMN,SAMN,Salmon,canned,All salmon - maps to SAMN FMP
3081330220,SALMON CHUM SMOKED,SALMON,SALMON,SAMN,SAMN,Salmon,canned,All salmon - maps to SAMN FMP
3081330230,SALMON CHUM SMOKED CHILI,SALMON,SALMON,SAMN,SAMN,Salmon,canned,All salmon - maps to SAMN FMP
3081420040,SALMON CHUM SALTED ROE,SALMON,SALMON,SAMN,SAMN,Salmon,roe,All salmon - maps to SAMN FMP
3081420220,SALMON CHUM SALTED,SALMON,SALMON,SAMN,SAMN,Salmon,smoked / cured,All salmon - maps to SAMN FMP
3081430220,SALMON CHUM SMOKED,SALMON,SALMON,SAMN,SAMN,Salmon,smoked / cured,All salmon - maps to SAMN FMP
3081600000,SALMON CHUM,SALMON,SALMON,SAMN,SAMN,Salmon,other / unclassified,All salmon - maps to SAMN FMP
3082101040,SALMON PINK ROE,SALMON,SALMON,SAMN,SAMN,Salmon,roe,All salmon - maps to SAMN FMP
3082101160,SALMON PINK FILLET,SALMON,SALMON,SAMN,SAMN,Salmon,fillet / steak,All salmon - maps to SAMN FMP
3082101219,SALMON PINK HEADS ON,SALMON,SALMON,SAMN,SAMN,Salmon,dressed / headed and gutted,All salmon - maps to SAMN FMP
3082101222,SALMON PINK WHOLE,SALMON,SALMON,SAMN,SAMN,Salmon,whole / live,All salmon - maps to SAMN FMP
3082101223,SALMON PINK DRESSED,SALMON,SALMON,SAMN,SAMN,Salmon,dressed / headed and gutted,All salmon - maps to SAMN FMP
3082102039,SALMON PINK COOKED PORTIONS,SALMON,SALMON,SAMN,SAMN,Salmon,further processed,All salmon - maps to SAMN FMP
3082102160,SALMON PINK COOKED FILLET,SALMON,SALMON,SAMN,SAMN,Salmon,further processed,All salmon - maps to SAMN FMP
3082201039,SALMON PINK PORTIONS,SALMON,SALMON,SAMN,SAMN,Salmon,further processed,All salmon - maps to SAMN FMP
3082201040,SALMON PINK ROE,SALMON,SALMON,SAMN,SAMN,Salmon,roe,All salmon - maps to SAMN FMP
3082201048,SALMON PINK STEAKS,SALMON,SALMON,SAMN,SAMN,Salmon,fillet / steak,All salmon - maps to SAMN FMP
3082201090,SALMON PINK FOR BAIT,SALMON,SALMON,SAMN,SAMN,Salmon,"meal, oil, bait, pet food",All salmon - maps to SAMN FMP
3082201160,SALMON PINK FILLET,SALMON,SALMON,SAMN,SAMN,Salmon,fillet / steak,All salmon - maps to SAMN FMP
3082201161,SALMON PINK BLOCKS,SALMON,SALMON,SAMN,SAMN,Salmon,further processed,All salmon - maps to SAMN FMP
3082201222,SALMON PINK WHOLE,SALMON,SALMON,SAMN,SAMN,Salmon,whole / live,All salmon - maps to SAMN FMP
3082201223,SALMON PINK DRESSED,SALMON,SALMON,SAMN,SAMN,Salmon,dressed / headed and gutted,All salmon - maps to SAMN FMP
3082212007,SALMON PINK BREADED COOKED NUGGETS,SALMON,SALMON,SAMN,SAMN,Salmon,further processed,All salmon - maps to SAMN FMP
3082212039,SALMON PINK BREADED CKD PORTION,SALMON,SALMON,SAMN,SAMN,Salmon,further processed,All salmon - maps to SAMN FMP
3082300220,SALMON PINK,SALMON,SALMON,SAMN,SAMN,Salmon,canned,All salmon - maps to SAMN FMP
3082330220,SALMON PINK SMOKED,SALMON,SALMON,SAMN,SAMN,Salmon,canned,All salmon - maps to SAMN FMP
3082420040,SALMON PINK SALTED ROE,SALMON,SALMON,SAMN,SAMN,Salmon,roe,All salmon - maps to SAMN FMP
3082430220,SALMON PINK SMOKED,SALMON,SALMON,SAMN,SAMN,Salmon,smoked / cured,All salmon - maps to SAMN FMP
3082600000,SALMON PINK,SALMON,SALMON,SAMN,SAMN,Salmon,other / unclassified,All salmon - maps to SAMN FMP
3083101040,SALMON SOCKEYE ROE,SALMON,SALMON,SAMN,SAMN,Salmon,roe,All salmon - maps to SAMN FMP
3083101048,SALMON SOCKEYE STEAKS,SALMON,SALMON,SAMN,SAMN,Salmon,fillet / steak,All salmon - maps to SAMN FMP
3083101160,SALMON SOCKEYE FILLET,SALMON,SALMON,SAMN,SAMN,Salmon,fillet / steak,All salmon - maps to SAMN FMP
3083101219,SALMON SOCKEYE HEAD ON,SALMON,SALMON,SAMN,SAMN,Salmon,dressed / headed and gutted,All salmon - maps to SAMN FMP
3083101222,SALMON SOCKEYE WHOLE,SALMON,SALMON,SAMN,SAMN,Salmon,whole / live,All salmon - maps to SAMN FMP
3083101223,SALMON SOCKEYE DRESSED,SALMON,SALMON,SAMN,SAMN,Salmon,dressed / headed and gutted,All salmon - maps to SAMN FMP
3083102039,SALMON SOCKEYE COOKED PORTIONS,SALMON,SALMON,SAMN,SAMN,Salmon,further processed,All salmon - maps to SAMN FMP
3083102160,SALMON SOCKEYE COOKED FILLET,SALMON,SALMON,SAMN,SAMN,Salmon,further processed,All salmon - maps to SAMN FMP
3083111039,SALMON SOCKEYE PORTIONS,SALMON,SALMON,SAMN,SAMN,Salmon,further processed,All salmon - maps to SAMN FMP
3083201040,SALMON SOCKEYE ROE,SALMON,SALMON,SAMN,SAMN,Salmon,roe,All salmon - maps to SAMN FMP
3083201048,SALMON SOCKEYE STEAKS,SALMON,SALMON,SAMN,SAMN,Salmon,fillet / steak,All salmon - maps to SAMN FMP
3083201160,SALMON SOCKEYE FILLET,SALMON,SALMON,SAMN,SAMN,Salmon,fillet / steak,All salmon - maps to SAMN FMP
3083201219,SALMON SOCKEYE HEAD ON,SALMON,SALMON,SAMN,SAMN,Salmon,dressed / headed and gutted,All salmon - maps to SAMN FMP
3083201222,SALMON SOCKEYE WHOLE,SALMON,SALMON,SAMN,SAMN,Salmon,whole / live,All salmon - maps to SAMN FMP
3083201223,SALMON SOCKEYE DRESSED,SALMON,SALMON,SAMN,SAMN,Salmon,dressed / headed and gutted,All salmon - maps to SAMN FMP
3083300220,SALMON SOCKEYE,SALMON,SALMON,SAMN,SAMN,Salmon,canned,All salmon - maps to SAMN FMP
3083330220,SALMON SOCKEYE SMOKED,SALMON,SALMON,SAMN,SAMN,Salmon,canned,All salmon - maps to SAMN FMP
3083420040,SALMON SOCKEYE SALTED ROE,SALMON,SALMON,SAMN,SAMN,Salmon,roe,All salmon - maps to SAMN FMP
3083420220,SALMON SOCKEYE SALTED,SALMON,SALMON,SAMN,SAMN,Salmon,smoked / cured,All salmon - maps to SAMN FMP
3083430220,SALMON SOCKEYE SMOKED,SALMON,SALMON,SAMN,SAMN,Salmon,smoked / cured,All salmon - maps to SAMN FMP
3083600000,SALMON SOCKEYE,SALMON,SALMON,SAMN,SAMN,Salmon,other / unclassified,All salmon - maps to SAMN FMP
3084101040,SALMON COHO ROE,SALMON,SALMON,SAMN,SAMN,Salmon,roe,All salmon - maps to SAMN FMP
3084101048,SALMON COHO STEAKS,SALMON,SALMON,SAMN,SAMN,Salmon,fillet / steak,All salmon - maps to SAMN FMP
3084101090,SALMON COHO EGGS FOR BAIT,SALMON,SALMON,SAMN,SAMN,Salmon,"meal, oil, bait, pet food",All salmon - maps to SAMN FMP
3084101160,SALMON COHO FILLET,SALMON,SALMON,SAMN,SAMN,Salmon,fillet / steak,All salmon - maps to SAMN FMP
3084101219,SALMON COHO HEAD ON,SALMON,SALMON,SAMN,SAMN,Salmon,dressed / headed and gutted,All salmon - maps to SAMN FMP
3084101222,SALMON COHO WHOLE,SALMON,SALMON,SAMN,SAMN,Salmon,whole / live,All salmon - maps to SAMN FMP
3084101223,SALMON COHO DRESSED,SALMON,SALMON,SAMN,SAMN,Salmon,dressed / headed and gutted,All salmon - maps to SAMN FMP
3084101228,SALMON COHO RAISED DRESSED,SALMON,SALMON,SAMN,SAMN,Salmon,dressed / headed and gutted,All salmon - maps to SAMN FMP
3084102160,SALMON COHO COOKED FILLET,SALMON,SALMON,SAMN,SAMN,Salmon,further processed,All salmon - maps to SAMN FMP
3084201040,SALMON COHO ROE,SALMON,SALMON,SAMN,SAMN,Salmon,roe,All salmon - maps to SAMN FMP
3084201048,SALMON COHO STEAKS,SALMON,SALMON,SAMN,SAMN,Salmon,fillet / steak,All salmon - maps to SAMN FMP
3084201160,SALMON COHO FILLET,SALMON,SALMON,SAMN,SAMN,Salmon,fillet / steak,All salmon - maps to SAMN FMP
3084201219,SALMON COHO HEAD ON,SALMON,SALMON,SAMN,SAMN,Salmon,dressed / headed and gutted,All salmon - maps to SAMN FMP
3084201222,SALMON COHO WHOLE,SALMON,SALMON,SAMN,SAMN,Salmon,whole / live,All salmon - maps to SAMN FMP
3084201223,SALMON COHO DRESSED,SALMON,SALMON,SAMN,SAMN,Salmon,dressed / headed and gutted,All salmon - maps to SAMN FMP
3084201228,SALMON COHO RAISED DRESSED,SALMON,SALMON,SAMN,SAMN,Salmon,dressed / headed and gutted,All salmon - maps to SAMN FMP
3084300220,SALMON COHO,SALMON,SALMON,SAMN,SAMN,Salmon,canned,All salmon - maps to SAMN FMP
3084330220,SALMON COHO SMOKED,SALMON,SALMON,SAMN,SAMN,Salmon,canned,All salmon - maps to SAMN FMP
3084330500,SALMON COHO SMOKED IN SAUCE,SALMON,SALMON,SAMN,SAMN,Salmon,canned,All salmon - maps to SAMN FMP
3084420040,SALMON COHO SALTED ROE,SALMON,SALMON,SAMN,SAMN,Salmon,roe,All salmon - maps to SAMN FMP
3084420220,SALMON COHO SALTED,SALMON,SALMON,SAMN,SAMN,Salmon,smoked / cured,All salmon - maps to SAMN FMP
3084430220,SALMON COHO SMOKED,SALMON,SALMON,SAMN,SAMN,Salmon,smoked / cured,All salmon - maps to SAMN FMP
3084600000,SALMON COHO,SALMON,SALMON,SAMN,SAMN,Salmon,other / unclassified,All salmon - maps to SAMN FMP
3085000091,SALMON UNCL EGGS,SALMON,SALMON,SAMN,SAMN,Salmon,other / unclassified,All salmon - maps to SAMN FMP
3085101017,SALMON UNCL DIPS AND SPREADS,SALMON,SALMON,SAMN,SAMN,Salmon,further processed,All salmon - maps to SAMN FMP
3085101040,SALMON UNCL ROE,SALMON,SALMON,SAMN,SAMN,Salmon,roe,All salmon - maps to SAMN FMP
3085101048,SALMON UNCL STEAKS,SALMON,SALMON,SAMN,SAMN,Salmon,fillet / steak,All salmon - maps to SAMN FMP
3085101051,SALMON UNCL STUFFED,SALMON,SALMON,SAMN,SAMN,Salmon,further processed,All salmon - maps to SAMN FMP
3085101091,SALMON UNCL EGGS FOR BAIT,SALMON,SALMON,SAMN,SAMN,Salmon,"meal, oil, bait, pet food",All salmon - maps to SAMN FMP
3085101160,SALMON UNCL FILLET,SALMON,SALMON,SAMN,SAMN,Salmon,fillet / steak,All salmon - maps to SAMN FMP
3085101219,SALMON UNCL HEAD ON,SALMON,SALMON,SAMN,SAMN,Salmon,dressed / headed and gutted,All salmon - maps to SAMN FMP
3085101222,SALMON UNCL WHOLE,SALMON,SALMON,SAMN,SAMN,Salmon,whole / live,All salmon - maps to SAMN FMP
3085101223,SALMON UNCL DRESSED,SALMON,SALMON,SAMN,SAMN,Salmon,dressed / headed and gutted,All salmon - maps to SAMN FMP
3085101228,SALMON RAISED DRESSED,SALMON,SALMON,SAMN,SAMN,Salmon,dressed / headed and gutted,All salmon - maps to SAMN FMP
3085101229,SALMON RAISED DRESSED & BONED,SALMON,SALMON,SAMN,SAMN,Salmon,dressed / headed and gutted,All salmon - maps to SAMN FMP
3085101500,SALMON UNCL IN SAUCE,SALMON,SALMON,SAMN,SAMN,Salmon,further processed,All salmon - maps to SAMN FMP
3085101513,SALMON LOMI,SALMON,SALMON,SAMN,SAMN,Salmon,other / unclassified,All salmon - maps to SAMN FMP
3085201031,SALMON UNCL SURIMI,SALMON,SALMON,SAMN,SAMN,Salmon,further processed,All salmon - maps to SAMN FMP
3085201039,SALMON UNCL PORTIONS,SALMON,SALMON,SAMN,SAMN,Salmon,further processed,All salmon - maps to SAMN FMP
3085201040,SALMON UNCL ROE,SALMON,SALMON,SAMN,SAMN,Salmon,roe,All salmon - maps to SAMN FMP
3085201048,SALMON UNCL STEAKS,SALMON,SALMON,SAMN,SAMN,Salmon,fillet / steak,All salmon - maps to SAMN FMP
3085201051,SALMON UNCL STUFFED,SALMON,SALMON,SAMN,SAMN,Salmon,further processed,All salmon - maps to SAMN FMP
3085201090,SALMON UNCL FOR BAIT,SALMON,SALMON,SAMN,SAMN,Salmon,"meal, oil, bait, pet food",All salmon - maps to SAMN FMP
3085201091,SALMON UNCL EGGS FOR BAIT,SALMON,SALMON,SAMN,SAMN,Salmon,"meal, oil, bait, pet food",All salmon - maps to SAMN FMP
3085201101,SALMON UNCL CAKE & PATTIES,SALMON,SALMON,SAMN,SAMN,Salmon,further processed,All salmon - maps to SAMN FMP
3085201106,SALMON UNCL SAUSAGE,SALMON,SALMON,SAMN,SAMN,Salmon,other / unclassified,All salmon - maps to SAMN FMP
3085201160,SALMON UNCL FILLET,SALMON,SALMON,SAMN,SAMN,Salmon,fillet / steak,All salmon - maps to SAMN FMP
3085201161,SALMON UNCL BLOCKS,SALMON,SALMON,SAMN,SAMN,Salmon,further processed,All salmon - maps to SAMN FMP
3085201210,SALMON RAISED MINCED,SALMON,SALMON,SAMN,SAMN,Salmon,further processed,All salmon - maps to SAMN FMP
3085201219,SALMON UNCL HEAD ON,SALMON,SALMON,SAMN,SAMN,Salmon,dressed / headed and gutted,All salmon - maps to SAMN FMP
3085201222,SALMON UNCL WHOLE,SALMON,SALMON,SAMN,SAMN,Salmon,whole / live,All salmon - maps to SAMN FMP
3085201223,SALMON UNCL DRESSED,SALMON,SALMON,SAMN,SAMN,Salmon,dressed / headed and gutted,All salmon - maps to SAMN FMP
3085201228,SALMON RAISED DRESSED,SALMON,SALMON,SAMN,SAMN,Salmon,dressed / headed and gutted,All salmon - maps to SAMN FMP
3085201229,SALMON RAISED DRESSED & BONED,SALMON,SALMON,SAMN,SAMN,Salmon,dressed / headed and gutted,All salmon - maps to SAMN FMP
3085202500,SALMON UNCL COOKED IN SAUCE,SALMON,SALMON,SAMN,SAMN,Salmon,further processed,All salmon - maps to SAMN FMP
3085211007,SALMON UNCL BREADED NUGGETS,SALMON,SALMON,SAMN,SAMN,Salmon,further processed,All salmon - maps to SAMN FMP
3085211035,SALMON UNCL BREADED LOAVES,SALMON,SALMON,SAMN,SAMN,Salmon,further processed,All salmon - maps to SAMN FMP
3085211051,SALMON UNCL BREADED STUFFED,SALMON,SALMON,SAMN,SAMN,Salmon,further processed,All salmon - maps to SAMN FMP
3085211101,SALMON UNCL BREADED CAKES/PATTY,SALMON,SALMON,SAMN,SAMN,Salmon,further processed,All salmon - maps to SAMN FMP
3085212007,SALMON UNCL BREADED COOKED NUGGETS,SALMON,SALMON,SAMN,SAMN,Salmon,further processed,All salmon - maps to SAMN FMP
3085212160,SALMON UNCL BREADED COOKED FILLET,SALMON,SALMON,SAMN,SAMN,Salmon,further processed,All salmon - maps to SAMN FMP
3085213160,SALMON UNCL BATTER COATED FILLET,SALMON,SALMON,SAMN,SAMN,Salmon,fillet / steak,All salmon - maps to SAMN FMP
3085300010,SALMON UNCL CAVIAR,SALMON,SALMON,SAMN,SAMN,Salmon,canned,All salmon - maps to SAMN FMP
3085300061,SALMON UNCL PASTES,SALMON,SALMON,SAMN,SAMN,Salmon,canned,All salmon - maps to SAMN FMP
3085300091,SALMON UNCL EGGS FOR BAIT,SALMON,SALMON,SAMN,SAMN,Salmon,canned,All salmon - maps to SAMN FMP
3085300110,SALMON UNCL CHOWDERS,SALMON,SALMON,SAMN,SAMN,Salmon,canned,All salmon - maps to SAMN FMP
3085300220,SALMON UNCL,SALMON,SALMON,SAMN,SAMN,Salmon,canned,All salmon - maps to SAMN FMP
3085300231,SALMON UNCL BISQUES,SALMON,SALMON,SAMN,SAMN,Salmon,canned,All salmon - maps to SAMN FMP
3085300500,SALMON UNCL IN SAUCE,SALMON,SALMON,SAMN,SAMN,Salmon,canned,All salmon - maps to SAMN FMP
3085300613,SALMON UNCL FOR PET FOOD,SALMON,SALMON,SAMN,SAMN,Salmon,canned,All salmon - maps to SAMN FMP
3085330061,SALMON UNCL SMOKED PASTES,SALMON,SALMON,SAMN,SAMN,Salmon,canned,All salmon - maps to SAMN FMP
3085330101,SALMON UNCL SMOKED CAKES,SALMON,SALMON,SAMN,SAMN,Salmon,canned,All salmon - maps to SAMN FMP
3085330220,SALMON UNCL SMOKED,SALMON,SALMON,SAMN,SAMN,Salmon,canned,All salmon - maps to SAMN FMP
3085420005,SALMON UNCL SALTED BELLIES,SALMON,SALMON,SAMN,SAMN,Salmon,smoked / cured,All salmon - maps to SAMN FMP
3085420010,SALMON UNCL CAVIAR,SALMON,SALMON,SAMN,SAMN,Salmon,roe,All salmon - maps to SAMN FMP
3085420040,SALMON UNCL SALTED ROE,SALMON,SALMON,SAMN,SAMN,Salmon,roe,All salmon - maps to SAMN FMP
3085420090,SALMON UNCL SALTED FOR BAIT,SALMON,SALMON,SAMN,SAMN,Salmon,"meal, oil, bait, pet food",All salmon - maps to SAMN FMP
3085420091,SALMON UNCL SALTED EGGS FOR BAIT,SALMON,SALMON,SAMN,SAMN,Salmon,"meal, oil, bait, pet food",All salmon - maps to SAMN FMP
3085420220,SALMON UNCL SALTED,SALMON,SALMON,SAMN,SAMN,Salmon,smoked / cured,All salmon - maps to SAMN FMP
3085421220,SALMON UNCL PICKLED,SALMON,SALMON,SAMN,SAMN,Salmon,smoked / cured,All salmon - maps to SAMN FMP
3085422220,SALMON UNCL MILD CURED,SALMON,SALMON,SAMN,SAMN,Salmon,smoked / cured,All salmon - maps to SAMN FMP
3085430220,SALMON UNCL SMOKED,SALMON,SALMON,SAMN,SAMN,Salmon,smoked / cured,All salmon - maps to SAMN FMP
3085431220,SALMON UNCL KIPPERED,SALMON,SALMON,SAMN,SAMN,Salmon,smoked / cured,All salmon - maps to SAMN FMP
3085440220,SALMON UNCL DRIED,SALMON,SALMON,SAMN,SAMN,Salmon,smoked / cured,All salmon - maps to SAMN FMP
3085500301,SALMON UNCL MEAL,SALMON,SALMON,SAMN,SAMN,Salmon,"meal, oil, bait, pet food",All salmon - maps to SAMN FMP
3085500401,SALMON UNCL BODY OIL,SALMON,SALMON,SAMN,SAMN,Salmon,"meal, oil, bait, pet food",All salmon - maps to SAMN FMP
3085500635,SALMON UNCL FOR ANIMAL FEEDS,SALMON,SALMON,SAMN,SAMN,Salmon,"meal, oil, bait, pet food",All salmon - maps to SAMN FMP
3085600000,SALMON UNCL,SALMON,SALMON,SAMN,SAMN,Salmon,other / unclassified,All salmon - maps to SAMN FMP
7390000000,ABALONE,ABALONE,ABALONE,ABLN,SHLL,Shellfish (state),other / unclassified,All abalone
7390101048,ABALONE STEAKS,ABALONE,ABALONE,ABLN,SHLL,Shellfish (state),fillet / steak,All abalone
7390101133,ABALONE IN SHELL,ABALONE,ABALONE,ABLN,SHLL,Shellfish (state),whole / live,All abalone
7390101204,ABALONE SHUCKED,ABALONE,ABALONE,ABLN,SHLL,Shellfish (state),fillet / steak,All abalone
7390201048,ABALONE STEAKS,ABALONE,ABALONE,ABLN,SHLL,Shellfish (state),fillet / steak,All abalone
7390201204,ABALONE SHUCKED,ABALONE,ABALONE,ABLN,SHLL,Shellfish (state),fillet / steak,All abalone
7390211200,ABALONE BREADED MEAT,ABALONE,ABALONE,ABLN,SHLL,Shellfish (state),further processed,All abalone
7390300200,ABALONE,ABALONE,ABALONE,ABLN,SHLL,Shellfish (state),canned,All abalone
7390430200,ABALONE SMOKED MEAT,ABALONE,ABALONE,ABLN,SHLL,Shellfish (state),smoked / cured,All abalone
7390440200,ABALONE DRIED,ABALONE,ABALONE,ABLN,SHLL,Shellfish (state),smoked / cured,All abalone
7250101204,BARNACLE GOOSENECK SHUCKED MEAT,BARNACLE,BARNACLE,SHLL,SHLL,Shellfish (state),"meat, peeled, shucked, sections",Barnacles - shellfish
7250101215,BARNACLE GOOSENECK WHOLE,BARNACLE,BARNACLE,SHLL,SHLL,Shellfish (state),whole / live,Barnacles - shellfish
7250201204,BARNACLE GOOSENECK SHUCKED MEAT,BARNACLE,BARNACLE,SHLL,SHLL,Shellfish (state),"meat, peeled, shucked, sections",Barnacles - shellfish
7250201215,BARNACLE GOOSENECK WHOLE,BARNACLE,BARNACLE,SHLL,SHLL,Shellfish (state),whole / live,Barnacles - shellfish
7540101133,CLAM OCEAN QUAHOG IN SHELL,CLAM,CLAM,CLAM,SHLL,Shellfish (state),whole / live,All clams
7540101204,CLAM OCEAN QUAHOG SHUCKED MEAT,CLAM,CLAM,CLAM,SHLL,Shellfish (state),"meat, peeled, shucked, sections",All clams
7540102110,CLAM OCEAN QUAHOG COOKED CHOWDER,CLAM,CLAM,CLAM,SHLL,Shellfish (state),further processed,All clams
7540102180,CLAM OCEAN QUAHOG COOKED JUICE,CLAM,CLAM,CLAM,SHLL,Shellfish (state),"meat, peeled, shucked, sections",All clams
7540201161,CLAM OCEAN QUAHOG BLOCKS,CLAM,CLAM,CLAM,SHLL,Shellfish (state),"meat, peeled, shucked, sections",All clams
7540201204,CLAM OCEAN QUAHOG SHUCKED MEAT,CLAM,CLAM,CLAM,SHLL,Shellfish (state),"meat, peeled, shucked, sections",All clams
7540201210,CLAM OCEAN QUAHOG MINCED,CLAM,CLAM,CLAM,SHLL,Shellfish (state),further processed,All clams
7540202180,CLAM OCEAN QUAHOG COOKED JUICE,CLAM,CLAM,CLAM,SHLL,Shellfish (state),"meat, peeled, shucked, sections",All clams
7540202230,CLAM OCEAN QUAHOG COOKED SOUP,CLAM,CLAM,CLAM,SHLL,Shellfish (state),further processed,All clams
7540211050,CLAM OCEAN QUAHOG BREADED STRIPS,CLAM,CLAM,CLAM,SHLL,Shellfish (state),further processed,All clams
7540211051,CLAM OCEAN QUAHOG BREADED STUFFED,CLAM,CLAM,CLAM,SHLL,Shellfish (state),further processed,All clams
7540212016,CLAM OCEAN QUAHOG BRD CKD DEVILED,CLAM,CLAM,CLAM,SHLL,Shellfish (state),further processed,All clams
7540212050,CLAM OCEAN QUAHOG BRD CKD STRIPS,CLAM,CLAM,CLAM,SHLL,Shellfish (state),further processed,All clams
7540212215,CLAM OCEAN QUAHOG BRD CKD WHOLE,CLAM,CLAM,CLAM,SHLL,Shellfish (state),further processed,All clams
7540300110,CLAM OCEAN QUAHOG CHOWDERS,CLAM,CLAM,CLAM,SHLL,Shellfish (state),canned,All clams
7540300180,CLAM OCEAN QUAHOG JUICES,CLAM,CLAM,CLAM,SHLL,Shellfish (state),canned,All clams
7540300210,CLAM OCEAN QUAHOG MINCED OR CHOPPE,CLAM,CLAM,CLAM,SHLL,Shellfish (state),canned,All clams
7540300215,CLAM OCEAN QUAHOG WHOLE,CLAM,CLAM,CLAM,SHLL,Shellfish (state),canned,All clams
7540300500,CLAM OCEAN QUAHOG IN SAUCE,CLAM,CLAM,CLAM,SHLL,Shellfish (state),canned,All clams
7540500132,CLAM OCEAN QUAHOG SHELLS CLEANED,CLAM,CLAM,CLAM,SHLL,Shellfish (state),other / unclassified,All clams
7540600000,CLAM OCEAN QUAHOG,CLAM,CLAM,CLAM,SHLL,Shellfish (state),other / unclassified,All clams
7480101133,CLAMS HARD IN SHELL,CLAMS,CLAMS,CLAM,SHLL,Shellfish (state),whole / live,All clams
7480101204,CLAMS HARD SHUCKED MEAT,CLAMS,CLAMS,CLAM,SHLL,Shellfish (state),"meat, peeled, shucked, sections",All clams
7480102110,CLAMS HARD COOKED CHOWDERS,CLAMS,CLAMS,CLAM,SHLL,Shellfish (state),further processed,All clams
7480102111,CLAMS HARD CHOWDER BASE,CLAMS,CLAMS,CLAM,SHLL,Shellfish (state),further processed,All clams
7480111051,CLAMS HARD BREADED STUFFED,CLAMS,CLAMS,CLAM,SHLL,Shellfish (state),further processed,All clams
7480201050,CLAMS HARD STRIPS,CLAMS,CLAMS,CLAM,SHLL,Shellfish (state),other / unclassified,All clams
7480201051,CLAMS HARD STUFFED,CLAMS,CLAMS,CLAM,SHLL,Shellfish (state),further processed,All clams
7480201090,CLAMS HARD FOR BAIT,CLAMS,CLAMS,CLAM,SHLL,Shellfish (state),"meal, oil, bait, pet food",All clams
7480201133,CLAMS HARD IN SHELL,CLAMS,CLAMS,CLAM,SHLL,Shellfish (state),whole / live,All clams
7480201134,CLAMS HARD ON HALF SHELL,CLAMS,CLAMS,CLAM,SHLL,Shellfish (state),whole / live,All clams
7480201204,CLAMS HARD SHUCKED MEAT,CLAMS,CLAMS,CLAM,SHLL,Shellfish (state),"meat, peeled, shucked, sections",All clams
7480202110,CLAMS HARD COOKED CHOWDERS,CLAMS,CLAMS,CLAM,SHLL,Shellfish (state),further processed,All clams
7480202111,CLAMS HARD COOKED CHOWDER BASE,CLAMS,CLAMS,CLAM,SHLL,Shellfish (state),further processed,All clams
7480211050,CLAMS HARD BREADED STRIPS,CLAMS,CLAMS,CLAM,SHLL,Shellfish (state),further processed,All clams
7480211051,CLAMS HARD BREADED STUFFED,CLAMS,CLAMS,CLAM,SHLL,Shellfish (state),further processed,All clams
7480211101,CLAMS HARD BREADED CAKES/PATTY,CLAMS,CLAMS,CLAM,SHLL,Shellfish (state),further processed,All clams
7480211215,CLAMS HARD BREADED WHOLE,CLAMS,CLAMS,CLAM,SHLL,Shellfish (state),further processed,All clams
7480212050,CLAMS HARD BREADED COOKED STRIPS,CLAMS,CLAMS,CLAM,SHLL,Shellfish (state),further processed,All clams
7480212215,CLAMS HARD BREADED COOKED WHOLE,CLAMS,CLAMS,CLAM,SHLL,Shellfish (state),further processed,All clams
7480300022,CLAMS HARD FRITTERS,CLAMS,CLAMS,CLAM,SHLL,Shellfish (state),canned,All clams
7480300110,CLAMS HARD CHOWDERS,CLAMS,CLAMS,CLAM,SHLL,Shellfish (state),canned,All clams
7480300111,CLAMS HARD CHOWDER BASE,CLAMS,CLAMS,CLAM,SHLL,Shellfish (state),canned,All clams
7480300133,CLAMS HARD IN SHELL,CLAMS,CLAMS,CLAM,SHLL,Shellfish (state),canned,All clams
7480300180,CLAMS HARD JUICES,CLAMS,CLAMS,CLAM,SHLL,Shellfish (state),canned,All clams
7480300181,CLAMS HARD BOUILLONS,CLAMS,CLAMS,CLAM,SHLL,Shellfish (state),canned,All clams
7480300210,CLAMS HARD MINCED OR CHOPPED,CLAMS,CLAMS,CLAM,SHLL,Shellfish (state),canned,All clams
7480300215,CLAMS HARD WHOLE,CLAMS,CLAMS,CLAM,SHLL,Shellfish (state),canned,All clams
7480300231,CLAMS HARD BISQUES,CLAMS,CLAMS,CLAM,SHLL,Shellfish (state),canned,All clams
7480330215,CLAMS HARD SMOKED WHOLE,CLAMS,CLAMS,CLAM,SHLL,Shellfish (state),canned,All clams
7480430215,CLAMS HARD SMOKED WHOLE,CLAMS,CLAMS,CLAM,SHLL,Shellfish (state),smoked / cured,All clams
7480500000,CLAMS HARD FOR INDUSTRIAL,CLAMS,CLAMS,CLAM,SHLL,Shellfish (state),"meal, oil, bait, pet food",All clams
7480500132,CLAMS HARD SHELLS CLND & POLSD,CLAMS,CLAMS,CLAM,SHLL,Shellfish (state),other / unclassified,All clams
7480600000,CLAMS HARD,CLAMS,CLAMS,CLAM,SHLL,Shellfish (state),other / unclassified,All clams
7500101133,CLAMS GEODUCK IN SHELL,CLAMS,CLAMS,CLAM,SHLL,Shellfish (state),whole / live,All clams
7500101204,CLAMS GEODUCK SHUCKED MEAT,CLAMS,CLAMS,CLAM,SHLL,Shellfish (state),"meat, peeled, shucked, sections",All clams
7500101210,CLAMS GEODUCK MINCED,CLAMS,CLAMS,CLAM,SHLL,Shellfish (state),further processed,All clams
7500201204,CLAMS GEODUCK SHUCKED MEAT,CLAMS,CLAMS,CLAM,SHLL,Shellfish (state),"meat, peeled, shucked, sections",All clams
7500300210,CLAMS GEODUCK MINCED OR CHOPPED,CLAMS,CLAMS,CLAM,SHLL,Shellfish (state),canned,All clams
7500600000,CLAMS GEODUCK,CLAMS,CLAMS,CLAM,SHLL,Shellfish (state),other / unclassified,All clams
7600101133,CLAMS RAZOR IN SHELL,CLAMS,CLAMS,CLAM,SHLL,Shellfish (state),whole / live,All clams
7600101204,CLAMS RAZOR SHUCKED MEAT,CLAMS,CLAMS,CLAM,SHLL,Shellfish (state),"meat, peeled, shucked, sections",All clams
7600201090,CLAMS RAZOR FOR BAIT,CLAMS,CLAMS,CLAM,SHLL,Shellfish (state),"meal, oil, bait, pet food",All clams
7600201204,CLAMS RAZOR SHUCKED MEAT,CLAMS,CLAMS,CLAM,SHLL,Shellfish (state),"meat, peeled, shucked, sections",All clams
7600300111,CLAMS RAZOR CHOWDER BASE,CLAMS,CLAMS,CLAM,SHLL,Shellfish (state),canned,All clams
7600300180,CLAMS RAZOR JUICE,CLAMS,CLAMS,CLAM,SHLL,Shellfish (state),canned,All clams
7600300210,CLAMS RAZOR MINCED OR CHOPPED,CLAMS,CLAMS,CLAM,SHLL,Shellfish (state),canned,All clams
7600300215,CLAMS RAZOR WHOLE,CLAMS,CLAMS,CLAM,SHLL,Shellfish (state),canned,All clams
7600330215,CLAMS RAZOR SMOKED,CLAMS,CLAMS,CLAM,SHLL,Shellfish (state),canned,All clams
7630101133,CLAMS SOFT IN SHELL,CLAMS,CLAMS,CLAM,SHLL,Shellfish (state),whole / live,All clams
7630101204,CLAMS SOFT SHUCKED MEAT,CLAMS,CLAMS,CLAM,SHLL,Shellfish (state),"meat, peeled, shucked, sections",All clams
7630201204,CLAMS SOFT SHUCKED MEAT,CLAMS,CLAMS,CLAM,SHLL,Shellfish (state),"meat, peeled, shucked, sections",All clams
7630211215,CLAMS SOFT BREADED WHOLE,CLAMS,CLAMS,CLAM,SHLL,Shellfish (state),further processed,All clams
7630300017,CLAMS SOFT DIPS AND SPREADS,CLAMS,CLAMS,CLAM,SHLL,Shellfish (state),canned,All clams
7630300110,CLAMS SOFT CHOWDERS,CLAMS,CLAMS,CLAM,SHLL,Shellfish (state),canned,All clams
7630300133,CLAMS SOFT IN SHELL,CLAMS,CLAMS,CLAM,SHLL,Shellfish (state),canned,All clams
7630300181,CLAMS SOFT BOUILLONS,CLAMS,CLAMS,CLAM,SHLL,Shellfish (state),canned,All clams
7630300210,CLAMS SOFT MINCED OR CHOPPED,CLAMS,CLAMS,CLAM,SHLL,Shellfish (state),canned,All clams
7630300215,CLAMS SOFT WHOLE,CLAMS,CLAMS,CLAM,SHLL,Shellfish (state),canned,All clams
7630300231,CLAMS SOFT BISQUES,CLAMS,CLAMS,CLAM,SHLL,Shellfish (state),canned,All clams
7630600000,CLAMS SOFT IN SHELL,CLAMS,CLAMS,CLAM,SHLL,Shellfish (state),other / unclassified,All clams
7690101050,CLAMS SURF STRIPS,CLAMS,CLAMS,CLAM,SHLL,Shellfish (state),other / unclassified,All clams
7690101090,CLAMS SURF FOR BAIT,CLAMS,CLAMS,CLAM,SHLL,Shellfish (state),"meal, oil, bait, pet food",All clams
7690101133,CLAMS SURF IN SHELL,CLAMS,CLAMS,CLAM,SHLL,Shellfish (state),whole / live,All clams
7690101204,CLAMS SURF SHUCKED MEAT,CLAMS,CLAMS,CLAM,SHLL,Shellfish (state),"meat, peeled, shucked, sections",All clams
7690101210,CLAMS SURF MINCED OR CHOPPED,CLAMS,CLAMS,CLAM,SHLL,Shellfish (state),further processed,All clams
7690111050,CLAMS SURF BREADED STRIPS,CLAMS,CLAMS,CLAM,SHLL,Shellfish (state),further processed,All clams
7690112050,CLAMS SURF BREADED COOKED STRIPS,CLAMS,CLAMS,CLAM,SHLL,Shellfish (state),further processed,All clams
7690201050,CLAMS SURF STRIPS,CLAMS,CLAMS,CLAM,SHLL,Shellfish (state),other / unclassified,All clams
7690201090,CLAMS SURF FOR BAIT,CLAMS,CLAMS,CLAM,SHLL,Shellfish (state),"meal, oil, bait, pet food",All clams
7690201204,CLAMS SURF SHUCKED MEAT,CLAMS,CLAMS,CLAM,SHLL,Shellfish (state),"meat, peeled, shucked, sections",All clams
7690201210,CLAMS SURF MINCED OR CHOPPED,CLAMS,CLAMS,CLAM,SHLL,Shellfish (state),further processed,All clams
7690202110,CLAMS SURF COOKED CHOWDERS,CLAMS,CLAMS,CLAM,SHLL,Shellfish (state),further processed,All clams
7690202120,CLAMS SURF COOKED DINNERS,CLAMS,CLAMS,CLAM,SHLL,Shellfish (state),further processed,All clams
7690202180,CLAMS SURF COOKED JUICES,CLAMS,CLAMS,CLAM,SHLL,Shellfish (state),"meat, peeled, shucked, sections",All clams
7690211049,CLAMS SURF BREADED STICKS,CLAMS,CLAMS,CLAM,SHLL,Shellfish (state),further processed,All clams
7690211050,CLAMS SURF BREADED STRIPS,CLAMS,CLAMS,CLAM,SHLL,Shellfish (state),further processed,All clams
7690211069,CLAMS SURF BREADED CRISPS,CLAMS,CLAMS,CLAM,SHLL,Shellfish (state),further processed,All clams
7690211101,CLAMS SURF BREADED CAKES/PATTY,CLAMS,CLAMS,CLAM,SHLL,Shellfish (state),further processed,All clams
7690211215,CLAMS SURF BREADED WHOLE,CLAMS,CLAMS,CLAM,SHLL,Shellfish (state),further processed,All clams
7690212016,CLAMS SURF BREADED COOKED DEVILED,CLAMS,CLAMS,CLAM,SHLL,Shellfish (state),further processed,All clams
7690212050,CLAMS SURF BREADED COOKED STRIPS,CLAMS,CLAMS,CLAM,SHLL,Shellfish (state),further processed,All clams
7690212051,CLAMS SURF BREADED STUFFED,CLAMS,CLAMS,CLAM,SHLL,Shellfish (state),further processed,All clams
7690212069,CLAMS SURF BREADED COOKED CRISPS,CLAMS,CLAMS,CLAM,SHLL,Shellfish (state),further processed,All clams
7690212101,CLAMS SURF BREADED CAKES/PATTY,CLAMS,CLAMS,CLAM,SHLL,Shellfish (state),further processed,All clams
7690212120,CLAMS SURF BREADED COOKED DINNERS,CLAMS,CLAMS,CLAM,SHLL,Shellfish (state),further processed,All clams
7690212215,CLAMS SURF BREADED COOKED WHOLE,CLAMS,CLAMS,CLAM,SHLL,Shellfish (state),further processed,All clams
7690212500,CLAMS SURF BREADED COOKED IN SAUCE,CLAMS,CLAMS,CLAM,SHLL,Shellfish (state),further processed,All clams
7690213050,CLAMS SURF BATTER DIP STRIPS,CLAMS,CLAMS,CLAM,SHLL,Shellfish (state),further processed,All clams
7690213215,CLAMS SURF BATTER DIP WHOLE,CLAMS,CLAMS,CLAM,SHLL,Shellfish (state),further processed,All clams
7690300110,CLAMS SURF CHOWDERS,CLAMS,CLAMS,CLAM,SHLL,Shellfish (state),canned,All clams
7690300180,CLAMS SURF JUICES,CLAMS,CLAMS,CLAM,SHLL,Shellfish (state),canned,All clams
7690300210,CLAMS SURF MINCED OR CHOPPED,CLAMS,CLAMS,CLAM,SHLL,Shellfish (state),canned,All clams
7690300240,CLAMS SURF STEWS,CLAMS,CLAMS,CLAM,SHLL,Shellfish (state),canned,All clams
7690300500,CLAMS SURF IN SAUCE,CLAMS,CLAMS,CLAM,SHLL,Shellfish (state),canned,All clams
7690440050,CLAMS SURF DRIED STRIPS,CLAMS,CLAMS,CLAM,SHLL,Shellfish (state),smoked / cured,All clams
7690500635,CLAMS SURF FOR ANIMAL FEEDS,CLAMS,CLAMS,CLAM,SHLL,Shellfish (state),"meal, oil, bait, pet food",All clams
7690600000,CLAMS SURF,CLAMS,CLAMS,CLAM,SHLL,Shellfish (state),other / unclassified,All clams
7720101133,CLAMS UNCL IN SHELL,CLAMS,CLAMS,CLAM,SHLL,Shellfish (state),other / unclassified,All clams
7720102017,CLAMS UNCL DIPS AND SPREADS,CLAMS,CLAMS,CLAM,SHLL,Shellfish (state),further processed,All clams
7810101133,MUSSELS SEA IN SHELL,MUSSELS,MUSSELS,BMSL,SHLL,Shellfish (state),whole / live,Blue/bay mussel
7810101134,MUSSELS SEA ON HALF SHELL,MUSSELS,MUSSELS,BMSL,SHLL,Shellfish (state),whole / live,Blue/bay mussel
7810101204,MUSSELS SEA SHUCKED MEAT,MUSSELS,MUSSELS,BMSL,SHLL,Shellfish (state),"meat, peeled, shucked, sections",Blue/bay mussel
7810102074,MUSSELS SEA COOKED SALAD MIXES,MUSSELS,MUSSELS,BMSL,SHLL,Shellfish (state),further processed,Blue/bay mussel
7810102200,MUSSELS SEA COOKED MEAT,MUSSELS,MUSSELS,BMSL,SHLL,Shellfish (state),"meat, peeled, shucked, sections",Blue/bay mussel
7810201090,MUSSELS SEA FOR BAIT,MUSSELS,MUSSELS,BMSL,SHLL,Shellfish (state),"meal, oil, bait, pet food",Blue/bay mussel
7810201134,MUSSELS SEA ON HALF SHELL,MUSSELS,MUSSELS,BMSL,SHLL,Shellfish (state),whole / live,Blue/bay mussel
7810201204,MUSSELS SEA SHUCKED MEAT,MUSSELS,MUSSELS,BMSL,SHLL,Shellfish (state),"meat, peeled, shucked, sections",Blue/bay mussel
7810201215,MUSSELS SEA WHOLE,MUSSELS,MUSSELS,BMSL,SHLL,Shellfish (state),whole / live,Blue/bay mussel
7810201500,MUSSELS SEA IN SAUCE,MUSSELS,MUSSELS,BMSL,SHLL,Shellfish (state),further processed,Blue/bay mussel
7810202200,MUSSELS SEA COOKED MEAT,MUSSELS,MUSSELS,BMSL,SHLL,Shellfish (state),"meat, peeled, shucked, sections",Blue/bay mussel
7810202215,MUSSELS SEA COOKED WHOLE,MUSSELS,MUSSELS,BMSL,SHLL,Shellfish (state),whole / live,Blue/bay mussel
7810300215,MUSSELS SEA WHOLE,MUSSELS,MUSSELS,BMSL,SHLL,Shellfish (state),canned,Blue/bay mussel
7810330215,MUSSELS SEA SMOKED,MUSSELS,MUSSELS,BMSL,SHLL,Shellfish (state),canned,Blue/bay mussel
7810430215,MUSSELS SEA SMOKED WHOLE,MUSSELS,MUSSELS,BMSL,SHLL,Shellfish (state),smoked / cured,Blue/bay mussel
7810440215,MUSSELS SEA DRIED,MUSSELS,MUSSELS,BMSL,SHLL,Shellfish (state),smoked / cured,Blue/bay mussel
7810500261,MUSSELS SEA BUTTONS,MUSSELS,MUSSELS,BMSL,SHLL,Shellfish (state),other / unclassified,Blue/bay mussel
7810500650,MUSSELS FOR SCIENTIFIC SPECIMENS,MUSSELS,MUSSELS,BMSL,SHLL,Shellfish (state),other / unclassified,Blue/bay mussel
7810600000,MUSSELS SEA,MUSSELS,MUSSELS,BMSL,SHLL,Shellfish (state),other / unclassified,Blue/bay mussel
9558600000,OYSTER GROWER,OYSTER,OYSTER,OYST,SHLL,Shellfish (state),other / unclassified,All oysters
7890101133,OYSTERS EAST IN SHELL,OYSTERS,OYSTERS,OYST,SHLL,Shellfish (state),whole / live,All oysters
7890101134,OYSTERS EAST ON HALF SHELL,OYSTERS,OYSTERS,OYST,SHLL,Shellfish (state),whole / live,All oysters
7890101204,OYSTERS EAST SHUCKED MEAT,OYSTERS,OYSTERS,OYST,SHLL,Shellfish (state),"meat, peeled, shucked, sections",All oysters
7890111215,OYSTERS EAST BREADED WHOLE,OYSTERS,OYSTERS,OYST,SHLL,Shellfish (state),further processed,All oysters
7890201133,OYSTERS EAST IN SHELL,OYSTERS,OYSTERS,OYST,SHLL,Shellfish (state),whole / live,All oysters
7890201134,OYSTERS EAST ON HALF SHELL,OYSTERS,OYSTERS,OYST,SHLL,Shellfish (state),whole / live,All oysters
7890201204,OYSTERS EAST SHUCKED MEAT,OYSTERS,OYSTERS,OYST,SHLL,Shellfish (state),"meat, peeled, shucked, sections",All oysters
7890202038,OYSTERS EAST COOKED PIES,OYSTERS,OYSTERS,OYST,SHLL,Shellfish (state),"meat, peeled, shucked, sections",All oysters
7890202200,OYSTERS EAST COOKED MEAT,OYSTERS,OYSTERS,OYST,SHLL,Shellfish (state),"meat, peeled, shucked, sections",All oysters
7890202240,OYSTERS EAST COOKED STEWS,OYSTERS,OYSTERS,OYST,SHLL,Shellfish (state),"meat, peeled, shucked, sections",All oysters
7890211215,OYSTERS EAST BREADED WHOLE,OYSTERS,OYSTERS,OYST,SHLL,Shellfish (state),further processed,All oysters
7890212215,OYSTERS EAST BREADED COOKED WHOLE,OYSTERS,OYSTERS,OYST,SHLL,Shellfish (state),further processed,All oysters
7890300200,OYSTERS EAST MEAT,OYSTERS,OYSTERS,OYST,SHLL,Shellfish (state),canned,All oysters
7890300240,OYSTERS EAST STEWS,OYSTERS,OYSTERS,OYST,SHLL,Shellfish (state),canned,All oysters
7890430215,OYSTERS EAST SMOKED WHOLE,OYSTERS,OYSTERS,OYST,SHLL,Shellfish (state),smoked / cured,All oysters
7890500000,OYSTERS EAST FOR INDUSTRIAL,OYSTERS,OYSTERS,OYST,SHLL,Shellfish (state),"meal, oil, bait, pet food",All oysters
7890500026,OYSTERS EAST SHELL GRIT,OYSTERS,OYSTERS,OYST,SHLL,Shellfish (state),"meal, oil, bait, pet food",All oysters
7890500191,OYSTERS EAST LIME,OYSTERS,OYSTERS,OYST,SHLL,Shellfish (state),"meal, oil, bait, pet food",All oysters
7890600000,OYSTERS EAST,OYSTERS,OYSTERS,OYST,SHLL,Shellfish (state),other / unclassified,All oysters
7920101133,OYSTERS PACIFIC IN SHELL,OYSTERS,OYSTERS,OYST,SHLL,Shellfish (state),whole / live,All oysters
7920101134,OYSTERS PACIFIC ON HALF SHELL,OYSTERS,OYSTERS,OYST,SHLL,Shellfish (state),whole / live,All oysters
7920101204,OYSTERS PACIFIC SHUCKED MEAT,OYSTERS,OYSTERS,OYST,SHLL,Shellfish (state),"meat, peeled, shucked, sections",All oysters
7920102215,OYSTERS PACIFIC COOKED WHOLE,OYSTERS,OYSTERS,OYST,SHLL,Shellfish (state),whole / live,All oysters
7920102240,OYSTERS PACIFIC COOKED STEWS,OYSTERS,OYSTERS,OYST,SHLL,Shellfish (state),"meat, peeled, shucked, sections",All oysters
7920111215,OYSTERS PACIFIC BREADED WHOLE,OYSTERS,OYSTERS,OYST,SHLL,Shellfish (state),further processed,All oysters
7920201111,OYSTERS PACIFIC STEW BASE,OYSTERS,OYSTERS,OYST,SHLL,Shellfish (state),other / unclassified,All oysters
7920201133,OYSTERS PACIFIC IN SHELL,OYSTERS,OYSTERS,OYST,SHLL,Shellfish (state),whole / live,All oysters
7920201134,OYSTERS PACIFIC ON HALF SHELL,OYSTERS,OYSTERS,OYST,SHLL,Shellfish (state),whole / live,All oysters
7920201204,OYSTERS PACIFIC SHUCKED MEAT,OYSTERS,OYSTERS,OYST,SHLL,Shellfish (state),"meat, peeled, shucked, sections",All oysters
7920202240,OYSTERS PACIFIC COOKED STEWS,OYSTERS,OYSTERS,OYST,SHLL,Shellfish (state),"meat, peeled, shucked, sections",All oysters
7920211215,OYSTERS PACIFIC BREADED WHOLE,OYSTERS,OYSTERS,OYST,SHLL,Shellfish (state),further processed,All oysters
7920212215,OYSTERS PACIFIC BREADED CKD WHOLE,OYSTERS,OYSTERS,OYST,SHLL,Shellfish (state),further processed,All oysters
7920300110,OYSTERS PACIFIC CHOWDERS,OYSTERS,OYSTERS,OYST,SHLL,Shellfish (state),canned,All oysters
7920300200,OYSTERS PACIFIC MEAT,OYSTERS,OYSTERS,OYST,SHLL,Shellfish (state),canned,All oysters
7920300240,OYSTERS PACIFIC STEWS,OYSTERS,OYSTERS,OYST,SHLL,Shellfish (state),canned,All oysters
7920300241,OYSTERS PACIFIC STEW BASE,OYSTERS,OYSTERS,OYST,SHLL,Shellfish (state),canned,All oysters
7920330215,OYSTERS PACIFIC SMOKED WHOLE,OYSTERS,OYSTERS,OYST,SHLL,Shellfish (state),canned,All oysters
7920430215,OYSTERS PACIFIC SMOKED,OYSTERS,OYSTERS,OYST,SHLL,Shellfish (state),smoked / cured,All oysters
7920500026,OYSTERS PACIFIC SHELL GRIT,OYSTERS,OYSTERS,OYST,SHLL,Shellfish (state),"meal, oil, bait, pet food",All oysters
7920500191,OYSTERS PACIFIC LIME,OYSTERS,OYSTERS,OYST,SHLL,Shellfish (state),"meal, oil, bait, pet food",All oysters
7920600000,OYSTERS PACIFIC,OYSTERS,OYSTERS,OYST,SHLL,Shellfish (state),other / unclassified,All oysters
7921101133,OYSTERS EUROPEAN FLAT IN SHELL,OYSTERS,OYSTERS,OYST,SHLL,Shellfish (state),whole / live,All oysters
7921600000,OYSTERS EUROPEAN FLAT,OYSTERS,OYSTERS,OYST,SHLL,Shellfish (state),other / unclassified,All oysters
7950101133,OYSTERS OLYMPIA IN SHELL,OYSTERS,OYSTERS,OYST,SHLL,Shellfish (state),whole / live,All oysters
7950101204,OYSTERS OLYMPIA SHUCKED MEAT,OYSTERS,OYSTERS,OYST,SHLL,Shellfish (state),"meat, peeled, shucked, sections",All oysters
8001101133,SCALLOPS BAY IN SHELL,SCALLOPS,SCALLOPS,SCAL,SHLL,Shellfish (state),whole / live,All scallops
8001101204,SCALLOPS BAY SHUCKED MEAT,SCALLOPS,SCALLOPS,SCAL,SHLL,Shellfish (state),"meat, peeled, shucked, sections",All scallops
8001111215,SCALLOPS BAY BREADED WHOLE,SCALLOPS,SCALLOPS,SCAL,SHLL,Shellfish (state),further processed,All scallops
8001201204,SCALLOPS BAY SHUCKED MEAT,SCALLOPS,SCALLOPS,SCAL,SHLL,Shellfish (state),"meat, peeled, shucked, sections",All scallops
8001204215,SCALLOPS BAY IQF,SCALLOPS,SCALLOPS,SCAL,SHLL,Shellfish (state),"meat, peeled, shucked, sections",All scallops
8001211215,SCALLOPS BAY BREADED WHOLE,SCALLOPS,SCALLOPS,SCAL,SHLL,Shellfish (state),further processed,All scallops
8001212215,SCALLOPS BAY BREADED COOKED WHOLE,SCALLOPS,SCALLOPS,SCAL,SHLL,Shellfish (state),further processed,All scallops
8001430215,SCALLOPS BAY SMOKED WHOLE,SCALLOPS,SCALLOPS,SCAL,SHLL,Shellfish (state),smoked / cured,All scallops
8001600000,SCALLOPS BAY,SCALLOPS,SCALLOPS,SCAL,SHLL,Shellfish (state),other / unclassified,All scallops
8005101133,SCALLOPS CALICO IN SHELL,SCALLOPS,SCALLOPS,SCAL,SHLL,Shellfish (state),whole / live,All scallops
8005101204,SCALLOPS CALICO SHUCKED MEAT,SCALLOPS,SCALLOPS,SCAL,SHLL,Shellfish (state),"meat, peeled, shucked, sections",All scallops
8005201204,SCALLOPS CALICO SHUCKED MEAT,SCALLOPS,SCALLOPS,SCAL,SHLL,Shellfish (state),"meat, peeled, shucked, sections",All scallops
8005211215,SCALLOPS CALICO BREADED WHOLE,SCALLOPS,SCALLOPS,SCAL,SHLL,Shellfish (state),further processed,All scallops
8009101133,SCALLOPS SEA IN SHELL,SCALLOPS,SCALLOPS,SCAL,SHLL,Shellfish (state),whole / live,All scallops
8009101204,SCALLOPS SEA SHUCKED MEAT,SCALLOPS,SCALLOPS,SCAL,SHLL,Shellfish (state),"meat, peeled, shucked, sections",All scallops
8009111215,SCALLOPS SEA BREADED WHOLE,SCALLOPS,SCALLOPS,SCAL,SHLL,Shellfish (state),further processed,All scallops
8009201051,SCALLOPS SEA STUFFED,SCALLOPS,SCALLOPS,SCAL,SHLL,Shellfish (state),further processed,All scallops
8009201097,SCALLOPS SEA IMITATION,SCALLOPS,SCALLOPS,SCAL,SHLL,Shellfish (state),other / unclassified,All scallops
8009201204,SCALLOPS SEA SHUCKED MEAT,SCALLOPS,SCALLOPS,SCAL,SHLL,Shellfish (state),"meat, peeled, shucked, sections",All scallops
8009201500,SCALLOPS SEA IN SAUCE,SCALLOPS,SCALLOPS,SCAL,SHLL,Shellfish (state),further processed,All scallops
8009204215,SCALLOPS SEA IQF,SCALLOPS,SCALLOPS,SCAL,SHLL,Shellfish (state),"meat, peeled, shucked, sections",All scallops
8009211007,SCALLOPS SEA BREADED NUGGETS,SCALLOPS,SCALLOPS,SCAL,SHLL,Shellfish (state),further processed,All scallops
8009211030,SCALLOPS SEA BREADED PUFFS,SCALLOPS,SCALLOPS,SCAL,SHLL,Shellfish (state),further processed,All scallops
8009211097,SCALLOPS SEA BREADED IMITATION,SCALLOPS,SCALLOPS,SCAL,SHLL,Shellfish (state),further processed,All scallops
8009211101,SCALLOPS SEA BREADED CAKES/PATTY,SCALLOPS,SCALLOPS,SCAL,SHLL,Shellfish (state),further processed,All scallops
8009211215,SCALLOPS SEA BREADED WHOLE,SCALLOPS,SCALLOPS,SCAL,SHLL,Shellfish (state),further processed,All scallops
8009212120,SCALLOPS SEA BREADED COOKED DINNER,SCALLOPS,SCALLOPS,SCAL,SHLL,Shellfish (state),further processed,All scallops
8009212215,SCALLOPS SEA BREADED COOKED WHOLE,SCALLOPS,SCALLOPS,SCAL,SHLL,Shellfish (state),further processed,All scallops
8009213215,SCALLOPS SEA BATTER DIP WHOLE,SCALLOPS,SCALLOPS,SCAL,SHLL,Shellfish (state),further processed,All scallops
8009300500,SCALLOPS SEA IN SAUCE,SCALLOPS,SCALLOPS,SCAL,SHLL,Shellfish (state),further processed,All scallops
8009330215,SCALLOPS SEA SMOKED,SCALLOPS,SCALLOPS,SCAL,SHLL,Shellfish (state),canned,All scallops
8009430215,SCALLOPS SEA SMOKED,SCALLOPS,SCALLOPS,SCAL,SHLL,Shellfish (state),smoked / cured,All scallops
8009600000,SCALLOPS SEA,SCALLOPS,SCALLOPS,SCAL,SHLL,Shellfish (state),other / unclassified,All scallops
6000101090,BRINE SHRIMP FOR BAIT,BRINE,BRINE,BSRM,SRMP,Shrimp,"meal, oil, bait, pet food",Brine shrimp - bait shrimp
6000201090,BRINE SHRIMP FOR BAIT,BRINE,BRINE,BSRM,SRMP,Shrimp,"meal, oil, bait, pet food",Brine shrimp - bait shrimp
7210000000,CRAWFISH,CRAWFISH,CRAWFISH,OSRM,SRMP,Shrimp,other / unclassified,Crawfish/crayfish - other shrimp
7210101090,CRAWFISH FOR BAIT,CRAWFISH,CRAWFISH,OSRM,SRMP,Shrimp,"meal, oil, bait, pet food",Crawfish/crayfish - other shrimp
7210101133,CRAWFISH SOFT SHELL,CRAWFISH,CRAWFISH,OSRM,SRMP,Shrimp,other / unclassified,Crawfish/crayfish - other shrimp
7210102200,CRAWFISH COOKED MEAT,CRAWFISH,CRAWFISH,OSRM,SRMP,Shrimp,"meat, peeled, shucked, sections",Crawfish/crayfish - other shrimp
7210102215,CRAWFISH COOKED WHOLE,CRAWFISH,CRAWFISH,OSRM,SRMP,Shrimp,whole / live,Crawfish/crayfish - other shrimp
7210102500,CRAWFISH COOKED IN SAUCE,CRAWFISH,CRAWFISH,OSRM,SRMP,Shrimp,further processed,Crawfish/crayfish - other shrimp
7210201090,CRAWFISH FOR BAIT,CRAWFISH,CRAWFISH,OSRM,SRMP,Shrimp,"meal, oil, bait, pet food",Crawfish/crayfish - other shrimp
7210201106,CRAWFISH SAUSAGE,CRAWFISH,CRAWFISH,OSRM,SRMP,Shrimp,other / unclassified,Crawfish/crayfish - other shrimp
7210201133,CRAWFISH SOFT SHELL,CRAWFISH,CRAWFISH,OSRM,SRMP,Shrimp,other / unclassified,Crawfish/crayfish - other shrimp
7210201215,CRAWFISH WHOLE,CRAWFISH,CRAWFISH,OSRM,SRMP,Shrimp,whole / live,Crawfish/crayfish - other shrimp
7210202004,CRAWFISH BALLS,CRAWFISH,CRAWFISH,OSRM,SRMP,Shrimp,further processed,Crawfish/crayfish - other shrimp
7210202038,CRAWFISH PIES,CRAWFISH,CRAWFISH,OSRM,SRMP,Shrimp,other / unclassified,Crawfish/crayfish - other shrimp
7210202053,CRAWFISH COOKED TAILS,CRAWFISH,CRAWFISH,OSRM,SRMP,Shrimp,"meat, peeled, shucked, sections",Crawfish/crayfish - other shrimp
7210202200,CRAWFISH COOKED MEAT,CRAWFISH,CRAWFISH,OSRM,SRMP,Shrimp,"meat, peeled, shucked, sections",Crawfish/crayfish - other shrimp
7210202215,CRAWFISH COOKED WHOLE,CRAWFISH,CRAWFISH,OSRM,SRMP,Shrimp,whole / live,Crawfish/crayfish - other shrimp
7210202231,CRAWFISH BISQUES,CRAWFISH,CRAWFISH,OSRM,SRMP,Shrimp,other / unclassified,Crawfish/crayfish - other shrimp
7210202500,CRAWFISH COOKED IN SAUCE,CRAWFISH,CRAWFISH,OSRM,SRMP,Shrimp,further processed,Crawfish/crayfish - other shrimp
7210211082,CRAWFISH BREADED MIXES,CRAWFISH,CRAWFISH,OSRM,SRMP,Shrimp,further processed,Crawfish/crayfish - other shrimp
7210211101,CRAWFISH BREADED CAKES/PATTY,CRAWFISH,CRAWFISH,OSRM,SRMP,Shrimp,further processed,Crawfish/crayfish - other shrimp
7210212200,CRAWFISH BREADED COOKED MEAT,CRAWFISH,CRAWFISH,OSRM,SRMP,Shrimp,further processed,Crawfish/crayfish - other shrimp
7210300231,CRAWFISH BISQUES,CRAWFISH,CRAWFISH,OSRM,SRMP,Shrimp,other / unclassified,Crawfish/crayfish - other shrimp
7210500301,CRAWFISH MEAL,CRAWFISH,CRAWFISH,OSRM,SRMP,Shrimp,"meal, oil, bait, pet food",Crawfish/crayfish - other shrimp
7210500650,CRAWFISH FOR SCIENTIFIC SPECIMENS,CRAWFISH,CRAWFISH,OSRM,SRMP,Shrimp,other / unclassified,Crawfish/crayfish - other shrimp
7210600000,CRAWFISH,CRAWFISH,CRAWFISH,OSRM,SRMP,Shrimp,other / unclassified,Crawfish/crayfish - other shrimp
7303000000,SHRIMP SAND,SHRIMP,SHRIMP,SRMP,SRMP,Shrimp,other / unclassified,All shrimp
7303421090,SHRIMP SAND PICKLED FOR BAIT,SHRIMP,SHRIMP,SRMP,SRMP,Shrimp,"meal, oil, bait, pet food",All shrimp
7305201130,SHRIMP FRESHWATER PRAWN HEADLESS,SHRIMP,SHRIMP,SRMP,SRMP,Shrimp,dressed / headed and gutted,All shrimp
7305201215,SHRIMP FRESHWATER PRAWN WHOLE,SHRIMP,SHRIMP,SRMP,SRMP,Shrimp,whole / live,All shrimp
7325101130,SHRIMP ROCK HEADLESS,SHRIMP,SHRIMP,SRMP,SRMP,Shrimp,dressed / headed and gutted,All shrimp
7325201130,SHRIMP ROCK HEADLESS,SHRIMP,SHRIMP,SRMP,SRMP,Shrimp,dressed / headed and gutted,All shrimp
7325201215,SHRIMP ROCK WHOLE,SHRIMP,SHRIMP,SRMP,SRMP,Shrimp,whole / live,All shrimp
7325211097,SHRIMP ROCK BREADED IMITATION,SHRIMP,SHRIMP,SRMP,SRMP,Shrimp,further processed,All shrimp
7325211200,SHRIMP ROCK BREADED MEAT,SHRIMP,SHRIMP,SRMP,SRMP,Shrimp,further processed,All shrimp
7325212200,SHRIMP ROCK BREADED COOKED MEAT,SHRIMP,SHRIMP,SRMP,SRMP,Shrimp,further processed,All shrimp
7325261200,SHRIMP ROCK PEELED MEAT,SHRIMP,SHRIMP,SRMP,SRMP,Shrimp,"meat, peeled, shucked, sections",All shrimp
7325261205,SHRIMP ROCK PEELED AND DEVEINED,SHRIMP,SHRIMP,SRMP,SRMP,Shrimp,"meat, peeled, shucked, sections",All shrimp
7325262205,SHRIMP ROCK PEELED CKD DEVEINED,SHRIMP,SHRIMP,SRMP,SRMP,Shrimp,"meat, peeled, shucked, sections",All shrimp
7381000000,SHRIMP,SHRIMP,SHRIMP,SRMP,SRMP,Shrimp,other / unclassified,All shrimp
7381101017,SHRIMP DIPS AND SPREADS,SHRIMP,SHRIMP,SRMP,SRMP,Shrimp,further processed,All shrimp
7381101090,SHRIMP FOR BAIT,SHRIMP,SHRIMP,SRMP,SRMP,Shrimp,"meal, oil, bait, pet food",All shrimp
7381101130,SHRIMP HEADLESS,SHRIMP,SHRIMP,SRMP,SRMP,Shrimp,dressed / headed and gutted,All shrimp
7381101215,SHRIMP WHOLE,SHRIMP,SHRIMP,SRMP,SRMP,Shrimp,whole / live,All shrimp
7381102011,SHRIMP COOKED COCKTAILS,SHRIMP,SHRIMP,SRMP,SRMP,Shrimp,further processed,All shrimp
7381102013,SHRIMP COOKED CREOLES,SHRIMP,SHRIMP,SRMP,SRMP,Shrimp,"meat, peeled, shucked, sections",All shrimp
7381102200,SHRIMP COOKED MEAT,SHRIMP,SHRIMP,SRMP,SRMP,Shrimp,"meat, peeled, shucked, sections",All shrimp
7381102215,SHRIMP COOKED WHOLE,SHRIMP,SHRIMP,SRMP,SRMP,Shrimp,whole / live,All shrimp
7381102666,SHRIMP COOKED ALASKA PRODUCT,SHRIMP,SHRIMP,SRMP,SRMP,Shrimp,"meat, peeled, shucked, sections",All shrimp
7381111051,SHRIMP BREADED STUFFED,SHRIMP,SHRIMP,SRMP,SRMP,Shrimp,further processed,All shrimp
7381111101,SHRIMP BREADED CAKES/PATTY,SHRIMP,SHRIMP,SRMP,SRMP,Shrimp,further processed,All shrimp
7381111200,SHRIMP BREADED MEAT,SHRIMP,SHRIMP,SRMP,SRMP,Shrimp,further processed,All shrimp
7381161200,SHRIMP PEELED MEAT,SHRIMP,SHRIMP,SRMP,SRMP,Shrimp,"meat, peeled, shucked, sections",All shrimp
7381161205,SHRIMP PEELED AND DEVEINED,SHRIMP,SHRIMP,SRMP,SRMP,Shrimp,"meat, peeled, shucked, sections",All shrimp
7381162200,SHRIMP PEELED COOKED MEAT,SHRIMP,SHRIMP,SRMP,SRMP,Shrimp,"meat, peeled, shucked, sections",All shrimp
7381201051,SHRIMP STUFFED,SHRIMP,SHRIMP,SRMP,SRMP,Shrimp,further processed,All shrimp
7381201090,SHRIMP FOR BAIT,SHRIMP,SHRIMP,SRMP,SRMP,Shrimp,"meal, oil, bait, pet food",All shrimp
7381201130,SHRIMP HEADLESS,SHRIMP,SHRIMP,SRMP,SRMP,Shrimp,dressed / headed and gutted,All shrimp
7381201215,SHRIMP WHOLE,SHRIMP,SHRIMP,SRMP,SRMP,Shrimp,whole / live,All shrimp
7381201500,SHRIMP IN SAUCE,SHRIMP,SHRIMP,SRMP,SRMP,Shrimp,further processed,All shrimp
7381202013,SHRIMP COOKED CREOLES,SHRIMP,SHRIMP,SRMP,SRMP,Shrimp,"meat, peeled, shucked, sections",All shrimp
7381202041,SHRIMP COOKED EGG ROLLS,SHRIMP,SHRIMP,SRMP,SRMP,Shrimp,further processed,All shrimp
7381202130,SHRIMP COOKED HEADLESS,SHRIMP,SHRIMP,SRMP,SRMP,Shrimp,dressed / headed and gutted,All shrimp
7381202215,SHRIMP COOKED WHOLE,SHRIMP,SHRIMP,SRMP,SRMP,Shrimp,whole / live,All shrimp
7381202500,SHRIMP COOKED IN SAUCE,SHRIMP,SHRIMP,SRMP,SRMP,Shrimp,further processed,All shrimp
7381202666,SHRIMP COOKED ALASKA PRODUCT,SHRIMP,SHRIMP,SRMP,SRMP,Shrimp,"meat, peeled, shucked, sections",All shrimp
7381204200,SHRIMP MARINATED MEAT,SHRIMP,SHRIMP,SRMP,SRMP,Shrimp,further processed,All shrimp
7381211007,SHRIMP BREADED NUGGETS,SHRIMP,SHRIMP,SRMP,SRMP,Shrimp,further processed,All shrimp
7381211030,SHRIMP BREADED PUFFS,SHRIMP,SHRIMP,SRMP,SRMP,Shrimp,further processed,All shrimp
7381211051,SHRIMP BREADED STUFFED,SHRIMP,SHRIMP,SRMP,SRMP,Shrimp,further processed,All shrimp
7381211082,SHRIMP BREADED MIXES,SHRIMP,SHRIMP,SRMP,SRMP,Shrimp,further processed,All shrimp
7381211097,SHRIMP BREADED IMITATION,SHRIMP,SHRIMP,SRMP,SRMP,Shrimp,further processed,All shrimp
7381211101,SHRIMP BREADED CAKES/PATTY,SHRIMP,SHRIMP,SRMP,SRMP,Shrimp,further processed,All shrimp
7381211120,SHRIMP BREADED DINNERS,SHRIMP,SHRIMP,SRMP,SRMP,Shrimp,further processed,All shrimp
7381211200,SHRIMP BREADED MEAT,SHRIMP,SHRIMP,SRMP,SRMP,Shrimp,further processed,All shrimp
7381212007,SHRIMP BREADED COOKED NUGGETS,SHRIMP,SHRIMP,SRMP,SRMP,Shrimp,further processed,All shrimp
7381212041,SHRIMP BREADED COOKED EGG ROLLS,SHRIMP,SHRIMP,SRMP,SRMP,Shrimp,further processed,All shrimp
7381212051,SHRIMP BREADED COOKED STUFFED,SHRIMP,SHRIMP,SRMP,SRMP,Shrimp,further processed,All shrimp
7381212069,SHRIMP BREADED COOKED CRISPS,SHRIMP,SHRIMP,SRMP,SRMP,Shrimp,further processed,All shrimp
7381212101,SHRIMP BREADED COOKED CAKES/PATTY,SHRIMP,SHRIMP,SRMP,SRMP,Shrimp,further processed,All shrimp
7381212120,SHRIMP BREADED COOKED DINNERS,SHRIMP,SHRIMP,SRMP,SRMP,Shrimp,further processed,All shrimp
7381212200,SHRIMP BREADED COOKED MEAT,SHRIMP,SHRIMP,SRMP,SRMP,Shrimp,further processed,All shrimp
7381213200,SHRIMP BATTER DIP MEAT,SHRIMP,SHRIMP,SRMP,SRMP,Shrimp,further processed,All shrimp
7381261161,SHRIMP PEELED BLOCKS,SHRIMP,SHRIMP,SRMP,SRMP,Shrimp,"meat, peeled, shucked, sections",All shrimp
7381261200,SHRIMP PEELED MEAT,SHRIMP,SHRIMP,SRMP,SRMP,Shrimp,"meat, peeled, shucked, sections",All shrimp
7381261205,SHRIMP PEELED AND DEVEINED,SHRIMP,SHRIMP,SRMP,SRMP,Shrimp,"meat, peeled, shucked, sections",All shrimp
7381262200,SHRIMP PEELED COOKED MEAT,SHRIMP,SHRIMP,SRMP,SRMP,Shrimp,"meat, peeled, shucked, sections",All shrimp
7381262205,SHRIMP PEELED COOKED DEVEINED,SHRIMP,SHRIMP,SRMP,SRMP,Shrimp,"meat, peeled, shucked, sections",All shrimp
7381300017,SHRIMP DIPS AND SPREADS,SHRIMP,SHRIMP,SRMP,SRMP,Shrimp,canned,All shrimp
7381300200,SHRIMP,SHRIMP,SHRIMP,SRMP,SRMP,Shrimp,canned,All shrimp
7381300230,SHRIMP SOUPS,SHRIMP,SHRIMP,SRMP,SRMP,Shrimp,canned,All shrimp
7381300231,SHRIMP BISQUES,SHRIMP,SHRIMP,SRMP,SRMP,Shrimp,canned,All shrimp
7381300500,SHRIMP IN SAUCE,SHRIMP,SHRIMP,SRMP,SRMP,Shrimp,canned,All shrimp
7381321200,SHRIMP PICKLED MEAT,SHRIMP,SHRIMP,SRMP,SRMP,Shrimp,canned,All shrimp
7381421090,SHRIMP PICKLED FOR BAIT,SHRIMP,SHRIMP,SRMP,SRMP,Shrimp,"meal, oil, bait, pet food",All shrimp
7381430200,SHRIMP SMOKED MEAT,SHRIMP,SHRIMP,SRMP,SRMP,Shrimp,smoked / cured,All shrimp
7381440023,SHRIMP FLAKES,SHRIMP,SHRIMP,SRMP,SRMP,Shrimp,smoked / cured,All shrimp
7381440215,SHRIMP DRIED,SHRIMP,SHRIMP,SRMP,SRMP,Shrimp,smoked / cured,All shrimp
7381443215,SHRIMP SUN DRIED WHOLE,SHRIMP,SHRIMP,SRMP,SRMP,Shrimp,smoked / cured,All shrimp
7381500301,SHRIMP MEAL,SHRIMP,SHRIMP,SRMP,SRMP,Shrimp,"meal, oil, bait, pet food",All shrimp
7381600000,SHRIMP,SHRIMP,SHRIMP,SRMP,SRMP,Shrimp,other / unclassified,All shrimp
